#pragma once
#include <stdint.h>
// v3.108.11: named type files, never slice an AI atlas.
static constexpr int HABITAT_WIDTH=116;
static constexpr int HABITAT_HEIGHT=116;
static constexpr int HABITAT_TYPE_COUNT=18;
static const uint8_t HABITAT_PX[18][6728] = {
{ // normal
0xee,0xee,0xee,0xee,0xee,0xee,0xee,0xee,0xee,0xee,0xee,0xee,0xee,0xee,0xee,0xee,0xee,0xee,0xee,0xee,0xee,0xee,0xee,0xee,0xee,0xee,0xee,0xee,0xee,0xee,0xee,0xee,
0xee,0xee,0xee,0xee,0xee,0xee,0xee,0xee,0xee,0xee,0xee,0xee,0xee,0xee,0xee,0xee,0xee,0xee,0xee,0xee,0xee,0xee,0xee,0xee,0xee,0xee,0xee,0xee,0xee,0xee,0xee,0xee,
0xee,0xee,0xee,0xee,0xee,0xee,0xee,0xee,0xee,0xee,0xee,0xee,0xee,0xee,0xee,0xee,0xee,0xee,0xee,0xee,0xee,0xee,0xee,0xee,0xee,0xee,0xee,0xee,0xee,0xee,0xee,0xee,
0xee,0xee,0xee,0xee,0xee,0xee,0xee,0xee,0xee,0xee,0xee,0xee,0xee,0xee,0xee,0xee,0xee,0xee,0xee,0xee,0xee,0xee,0xee,0xee,0xee,0xee,0xee,0xee,0xee,0xee,0xee,0xee,
0xee,0xee,0xee,0xee,0xee,0xee,0xee,0xee,0xee,0xee,0xee,0xee,0xee,0xee,0xee,0xee,0xee,0xee,0xee,0xee,0xee,0xee,0xee,0xee,0xee,0xee,0xee,0xee,0xee,0xee,0xee,0xee,
0xee,0xee,0xee,0xee,0xee,0xee,0xee,0xee,0xee,0xee,0xee,0xee,0xee,0xee,0xee,0xee,0xee,0xee,0xee,0xee,0xee,0xee,0xee,0xee,0xee,0xee,0x7e,0xee,0xee,0xee,0xee,0xee,
0xee,0xee,0xee,0xee,0xee,0xee,0xee,0xee,0xee,0xee,0xee,0xee,0xee,0xee,0xee,0xee,0xee,0xee,0xee,0xee,0xee,0xee,0xee,0xee,0xee,0xee,0xee,0xee,0xee,0xee,0xee,0xee,
0xee,0xee,0xee,0xee,0xee,0xee,0xee,0xee,0xba,0xee,0xee,0xee,0xee,0xee,0xee,0xee,0xee,0xee,0xee,0xee,0x67,0xee,0xee,0xee,0xee,0xee,0xee,0xee,0xee,0xee,0xee,0xee,
0xee,0xee,0xee,0xee,0xee,0xee,0xee,0xee,0xee,0xee,0xee,0xee,0xee,0xee,0xee,0xee,0xee,0xee,0xee,0xee,0xee,0xee,0xee,0xee,0xee,0xee,0xee,0xee,0xee,0xee,0xee,0xee,
0xee,0xee,0x64,0xeb,0xee,0xee,0xee,0xee,0xee,0xee,0xee,0xee,0xee,0xee,0x74,0xee,0xee,0xee,0xee,0xee,0xee,0xee,0xee,0xee,0xee,0xee,0xee,0xee,0xee,0xee,0xee,0xee,
0xee,0xee,0xee,0xee,0xee,0xee,0xee,0xee,0xee,0xee,0xee,0xee,0xee,0xee,0xee,0xee,0xee,0xee,0xee,0xee,0xee,0xee,0xee,0xee,0xee,0xee,0xee,0xee,0x44,0xe4,0xee,0xee,
0xee,0xee,0xee,0xee,0xee,0xee,0xee,0x6e,0xe4,0xee,0xee,0xee,0xee,0xee,0xee,0xee,0xee,0xee,0xee,0xee,0xee,0xee,0xee,0xee,0xee,0xee,0xee,0xee,0xee,0xee,0xee,0xee,
0xee,0xee,0xee,0xee,0xee,0xee,0xee,0xee,0xee,0xee,0xee,0xee,0xee,0xee,0xee,0xee,0xee,0xee,0xee,0xee,0xee,0xee,0x44,0x44,0xeb,0xee,0xee,0xee,0xee,0xee,0xee,0xee,
0xee,0x47,0xe6,0xee,0xee,0xee,0xee,0xee,0xee,0xee,0xee,0xee,0xee,0xee,0xee,0xee,0xee,0xee,0xee,0xee,0xee,0xee,0xee,0xee,0xee,0xee,0xee,0xee,0xee,0xee,0xee,0xee,
0xee,0xee,0xee,0xee,0xee,0xee,0xee,0xee,0xee,0xee,0xee,0xee,0xee,0xee,0xee,0xee,0x44,0x44,0xb6,0x7a,0xbb,0xeb,0xee,0xee,0xee,0xee,0xae,0x44,0xe7,0xee,0xee,0xee,
0xee,0xee,0xee,0xee,0xee,0xee,0xee,0xee,0xee,0xee,0xee,0xee,0xee,0xee,0xee,0xee,0xee,0xee,0xee,0xee,0xee,0xee,0xee,0xee,0xee,0xee,0xee,0xee,0xee,0xee,0xee,0xee,
0xee,0xee,0xbe,0xee,0xbb,0xbb,0xbb,0xbb,0xbb,0xbe,0x44,0x44,0x64,0x44,0xb6,0xbb,0xeb,0xee,0xee,0xee,0x7e,0x44,0xee,0xee,0xbb,0xbb,0xbb,0xbb,0xeb,0xee,0xee,0xee,
0xbb,0xbb,0xeb,0xee,0xee,0xee,0xee,0xee,0xee,0xee,0xee,0xee,0xee,0xee,0xee,0xee,0xee,0xee,0xee,0xee,0xbe,0xbb,0xbb,0xee,0xee,0xee,0xbb,0xbb,0xbb,0xbb,0xbb,0xbb,
0xbb,0xbb,0xbb,0xbb,0x44,0x44,0x44,0x44,0x74,0xb7,0xbb,0xbb,0xbb,0xeb,0x4a,0x74,0xbb,0xbb,0xbb,0xbb,0xbb,0xbb,0xbb,0xbb,0xbb,0xbb,0xbb,0xbb,0xbb,0xee,0xee,0xee,
0xee,0xee,0xee,0xee,0xee,0xbe,0xeb,0xeb,0xee,0xee,0xee,0xee,0xee,0xbb,0xbb,0xbb,0xbb,0xbe,0xbb,0xbb,0xbb,0xbb,0xbb,0xbb,0xbb,0xbb,0xbb,0xbb,0xbb,0xbb,0x46,0x44,
0x44,0x66,0x44,0x44,0xa4,0xbb,0xbb,0xbb,0x46,0xb4,0xbb,0xbb,0xbb,0xbb,0xbb,0xbb,0xbb,0xbb,0xbb,0xbb,0xbb,0xbb,0xbb,0xbb,0xbe,0xeb,0xee,0xee,0xee,0xee,0xeb,0xbb,
0xbb,0xbb,0xbb,0xbb,0xbb,0xbb,0xbb,0xbb,0xbb,0xbb,0xbb,0xbb,0xbb,0xbb,0xbb,0xbb,0xbb,0xbb,0xbb,0xbb,0xbb,0xbb,0xbb,0xbb,0x66,0x76,0x67,0x76,0x77,0x77,0x67,0x76,
0xa7,0x7b,0x44,0xb4,0xbb,0xbb,0xbb,0xbb,0xbb,0xbb,0xbb,0xbb,0xbb,0xbb,0xbb,0xbb,0xbb,0xbb,0xbb,0xbb,0xbb,0xbb,0xbb,0xbb,0xbb,0xbb,0xbb,0xbb,0xbb,0xbb,0xbb,0xbb,
0xbb,0xbb,0xbb,0xbb,0xbb,0xbb,0xbb,0xbb,0xbb,0xbb,0xbb,0xbb,0xbb,0xbb,0xbb,0xbb,0xbb,0xbb,0x77,0xb7,0x7b,0x76,0xbb,0xbb,0xbb,0xbb,0xbb,0x6b,0x44,0xb7,0xbb,0xbb,
0xbb,0xbb,0xbb,0xbb,0xbb,0xbb,0xbb,0xbb,0xbb,0xbb,0xbb,0xbb,0xbb,0xbb,0xbb,0xbb,0xbb,0xbb,0xbb,0xbb,0xbb,0xbb,0xbb,0xbb,0xbb,0xbb,0xbb,0xbb,0xbb,0xbb,0xbb,0xbb,
0xbb,0xbb,0xbb,0xbb,0xbb,0xbb,0xbb,0xbb,0xbb,0xbb,0xbb,0x7b,0xbb,0xbb,0xbb,0xbb,0xbb,0xbb,0xbb,0xbb,0xbb,0x47,0x44,0xba,0xbb,0xbb,0xbb,0xbb,0xbb,0xbb,0xbb,0xbb,
0xbb,0xbb,0xbb,0xbb,0xbb,0xbb,0xbb,0xbb,0xbb,0xbb,0xbb,0xbb,0xbb,0xbb,0xbb,0xbb,0xbb,0xbb,0xbb,0xbb,0xbb,0xbb,0xbb,0xbb,0xbb,0xbb,0xbb,0xbb,0xbb,0xbb,0xbb,0xbb,
0xbb,0xbb,0xbb,0xbb,0x6b,0x46,0xbb,0xbb,0xbb,0xbb,0xbb,0xbb,0xbb,0xbb,0xbb,0x46,0x64,0xbb,0xbb,0xbb,0xbb,0xbb,0xbb,0xbb,0xbb,0xbb,0xbb,0xbb,0xbb,0xbb,0xab,0x77,
0xb7,0xbb,0xbb,0xbb,0xbb,0xbb,0xbb,0xbb,0xbb,0xbb,0xbb,0xbb,0xbb,0xbb,0xbb,0xbb,0xbb,0xbb,0xbb,0xbb,0xbb,0xbb,0xbb,0xbb,0xbb,0xbb,0xbb,0xbb,0xbb,0xab,0x44,0x44,
0xbb,0xbb,0xbb,0xbb,0xbb,0xbb,0xbb,0xbb,0x7b,0x44,0x74,0xbb,0xbb,0xbb,0xbb,0xbb,0xbb,0xbb,0xbb,0xbb,0xbb,0xbb,0xbb,0xbb,0x47,0x44,0x74,0xbb,0xbb,0xbb,0xbb,0xbb,
0xbb,0xbb,0xbb,0xbb,0xbb,0xbb,0xbb,0xbb,0xbb,0xbb,0xbb,0xbb,0xbb,0xbb,0xbb,0xbb,0xbb,0xbb,0xbb,0xbb,0xbb,0xbb,0xbb,0x4a,0x44,0x44,0xbb,0xbb,0xbb,0xbb,0xbb,0xbb,
0xbb,0xbb,0xab,0x44,0xb4,0xbb,0xbb,0xbb,0xbb,0xbb,0xbb,0xbb,0xbb,0xbb,0xbb,0xbb,0xbb,0x67,0x44,0x44,0x44,0xa4,0xbb,0xbb,0xbb,0xbb,0xbb,0xbb,0xbb,0xbb,0xbb,0xbb,
0xbb,0xbb,0xbb,0xbb,0xbb,0xbb,0xbb,0xbb,0xbb,0xbb,0xbb,0xbb,0xbb,0xbb,0xbb,0xbb,0x7b,0x44,0x44,0x44,0xbb,0xbb,0xbb,0xbb,0xbb,0xbb,0xbb,0xbb,0xab,0x44,0xb7,0xbb,
0xbb,0xbb,0xbb,0xbb,0xbb,0xbb,0xbb,0xbb,0xbb,0xbb,0xab,0x44,0x44,0x44,0x44,0x64,0xbb,0xbb,0x67,0x76,0xbb,0xbb,0xbb,0xbb,0xbb,0xbb,0xbb,0xbb,0xbb,0xbb,0xbb,0xbb,
0xbb,0xbb,0xbb,0xbb,0xbb,0xbb,0xbb,0xbb,0xbb,0xbb,0x6b,0x44,0x44,0x44,0xbb,0xbb,0xbb,0xbb,0xbb,0xbb,0xbb,0xbb,0xab,0xa6,0xbb,0xbb,0xbb,0xbb,0xbb,0xbb,0xbb,0xbb,
0xbb,0xbb,0xbb,0xbb,0x4b,0x44,0x44,0x44,0x44,0x64,0xb7,0x4a,0x44,0x44,0xb7,0xbb,0xbb,0xbb,0xbb,0xbb,0xbb,0xbb,0xbb,0xbb,0xbb,0xbb,0xbb,0xbb,0xbb,0xbb,0xbb,0xbb,
0xbb,0xbb,0x7a,0x64,0x7b,0x44,0x44,0x44,0xbb,0xbb,0xbb,0xbb,0xbb,0xbb,0xab,0x77,0x9a,0xb7,0xbb,0xbb,0xbb,0xbb,0xbb,0xbb,0xbb,0xbb,0xbb,0xbb,0x7b,0xb6,0x6a,0x44,
0x44,0x44,0x44,0x44,0x64,0x44,0x44,0x44,0x74,0xbb,0xbb,0xbb,0xbb,0xbb,0xbb,0xbb,0xbb,0xbb,0xbb,0xbb,0xbb,0xbb,0xbb,0xbb,0xbb,0xbb,0xbb,0xab,0x44,0x44,0x44,0x44,
0x44,0x44,0xbb,0xbb,0xbb,0xbb,0x7a,0x66,0xcc,0x99,0x49,0xa4,0xbb,0xbb,0xbb,0xbb,0xbb,0xbb,0xbb,0xbb,0xbb,0xab,0x46,0x44,0x44,0x44,0x44,0x44,0x44,0x44,0x44,0x44,
0x44,0x44,0x44,0xb7,0xbb,0xbb,0xbb,0xbb,0xbb,0xbb,0xbb,0xbb,0xbb,0xbb,0xbb,0xbb,0xbb,0xbb,0xbb,0xbb,0xbb,0x6b,0x44,0x44,0x44,0x44,0x44,0x44,0xaa,0xab,0x67,0x46,
0x44,0x44,0x44,0x96,0x49,0x74,0xab,0xaa,0xaa,0xaa,0xaa,0xaa,0xab,0xbb,0xbb,0x6b,0x44,0x44,0x44,0x44,0x44,0x44,0x44,0x44,0x44,0x44,0x44,0x44,0x44,0xa4,0xbb,0xbb,
0xbb,0xbb,0xaa,0xaa,0xaa,0xaa,0xaa,0xaa,0xab,0xaa,0xaa,0xaa,0xaa,0xaa,0xbb,0x4a,0x44,0x44,0x44,0x44,0x44,0x44,0x67,0x46,0x44,0x44,0x44,0x44,0x94,0xd9,0x9c,0xa9,
0xaa,0xaa,0xaa,0xaa,0xaa,0xaa,0xaa,0xaa,0xaa,0x6a,0x44,0x44,0x44,0x44,0x44,0x44,0x44,0x44,0x44,0x44,0x44,0x44,0x44,0x74,0xbb,0xbb,0xbb,0xab,0xaa,0xaa,0xaa,0xaa,
0xaa,0xaa,0xaa,0xaa,0xaa,0xaa,0xaa,0xaa,0xaa,0x46,0x44,0x44,0x44,0x44,0x44,0x44,0x44,0x44,0x44,0x44,0x44,0x96,0xc9,0xd9,0xdd,0x76,0xaa,0xaa,0xaa,0xaa,0xaa,0xaa,
0xaa,0xaa,0xaa,0x47,0x44,0x44,0x44,0x44,0x64,0x46,0x44,0x44,0x44,0x44,0x44,0x44,0x44,0xb7,0xaa,0x77,0xaa,0xaa,0xaa,0xaa,0xaa,0xaa,0xaa,0xaa,0xaa,0xaa,0xaa,0xaa,
0xaa,0xaa,0xaa,0x46,0x44,0x44,0x44,0x44,0x66,0x44,0x77,0x7a,0xa7,0xaa,0xaa,0xca,0xdc,0xcd,0xad,0x69,0xa7,0xaa,0xaa,0xaa,0xaa,0xaa,0xaa,0xaa,0xaa,0x47,0x66,0x44,
0x44,0x44,0x64,0x46,0x44,0x44,0x44,0x44,0x44,0x44,0x44,0xa6,0x67,0x44,0xa7,0xaa,0xaa,0xaa,0xaa,0xaa,0xaa,0xaa,0xaa,0xaa,0xaa,0xaa,0xaa,0xaa,0xaa,0x47,0x44,0x44,
0x44,0x44,0x66,0x44,0xaa,0x7a,0x77,0x77,0x77,0xa7,0xaa,0x9c,0xac,0x9a,0x74,0xaa,0xaa,0xaa,0xaa,0xaa,0xaa,0xaa,0xaa,0x7a,0x66,0x44,0x44,0x44,0x44,0x44,0x44,0x44,
0x44,0x44,0x44,0x44,0x44,0x44,0x44,0x44,0x74,0xaa,0xaa,0xaa,0xaa,0xaa,0xaa,0xaa,0xaa,0xaa,0xaa,0xaa,0xaa,0xaa,0xaa,0x7a,0x44,0x44,0x44,0x66,0x44,0x44,0x77,0x77,
0x77,0x77,0x77,0x77,0xa7,0x9c,0xa9,0x97,0x44,0x77,0xaa,0xaa,0x7a,0xa7,0xaa,0xaa,0xaa,0x7a,0x67,0x44,0x44,0x44,0x44,0x44,0x44,0x44,0x44,0x44,0x44,0x44,0x44,0x44,
0x44,0x44,0x44,0xaa,0xaa,0xa7,0x77,0xaa,0xaa,0xaa,0xaa,0x7a,0x77,0x77,0xa7,0xaa,0xaa,0x7a,0x67,0x44,0x44,0x66,0x44,0x44,0x77,0x77,0x77,0x77,0x77,0x77,0x77,0x9c,
0xa9,0x77,0x44,0x74,0x77,0x77,0x77,0x77,0x77,0x77,0xa7,0xaa,0x7a,0x44,0x44,0x44,0x44,0x44,0x44,0x44,0x44,0x44,0x44,0x44,0x44,0x44,0x44,0x44,0x44,0x77,0x77,0x77,
0x77,0x77,0x77,0xa7,0x77,0x77,0x77,0x77,0x77,0x77,0x77,0xa7,0x7a,0x44,0x44,0x66,0x44,0x44,0x44,0x77,0x77,0x77,0x77,0x77,0x77,0x6c,0xa6,0x77,0x46,0x44,0x77,0x77,
0x77,0x77,0x77,0x77,0x77,0x76,0x6a,0x44,0x44,0x44,0x44,0x46,0x44,0x44,0x44,0x44,0x44,0x44,0x44,0x44,0x44,0x44,0x44,0x76,0x77,0x77,0x77,0x77,0x77,0x77,0x77,0x77,
0x77,0x77,0x77,0x77,0x77,0x77,0x47,0x44,0x44,0x44,0x64,0x66,0x44,0x74,0x77,0x77,0x77,0x77,0x77,0x4c,0x76,0x77,0x47,0x44,0x76,0x77,0x77,0x77,0x77,0x77,0x46,0x44,
0x46,0x44,0x44,0x44,0x64,0x46,0x44,0x44,0x44,0x44,0x44,0x44,0x44,0x44,0x44,0x44,0x44,0x77,0x77,0x77,0x77,0x67,0x44,0x74,0x77,0x77,0x77,0x77,0x77,0x77,0x44,0x77,
0x44,0x44,0x44,0x44,0x66,0x66,0x44,0x44,0x77,0x77,0x77,0x77,0x77,0x4c,0x74,0x77,0x77,0x44,0x74,0x77,0x77,0x77,0x77,0x77,0x44,0x44,0x44,0x44,0x44,0x44,0x66,0x66,
0x44,0x44,0x44,0x44,0x44,0x44,0x44,0x44,0x44,0x44,0x76,0x77,0x77,0x77,0x77,0x46,0x44,0x44,0x77,0x77,0x77,0x77,0x77,0x47,0x44,0x44,0x44,0x44,0x44,0x64,0x66,0x66,
0x44,0x44,0x74,0x77,0x77,0x77,0x77,0x4c,0x74,0x77,0x77,0x46,0x64,0x77,0x47,0x44,0x76,0x67,0x44,0x44,0x44,0x44,0x44,0x64,0x66,0x66,0x46,0x44,0x44,0x44,0x44,0x44,
0x44,0x44,0x44,0x44,0x64,0x67,0x76,0x77,0x44,0x44,0x44,0x44,0x44,0x77,0x77,0x77,0x77,0x46,0x44,0x44,0x44,0x44,0x44,0x66,0x66,0x66,0x44,0x44,0x64,0x67,0x74,0x77,
0x77,0x4c,0x74,0x77,0x77,0x67,0x44,0x77,0x46,0x44,0x64,0x77,0x46,0x44,0x44,0x44,0x44,0x44,0x66,0x66,0x66,0x46,0x44,0x44,0x44,0x44,0x44,0x44,0x44,0x44,0x44,0x46,
0x64,0x77,0x46,0x44,0x44,0x44,0x44,0x74,0x77,0x77,0x77,0x64,0x46,0x44,0x44,0x44,0x44,0x66,0x66,0x66,0x44,0x44,0x64,0x46,0x44,0x77,0x77,0x4c,0x74,0x77,0x77,0x77,
0x44,0x76,0x66,0x44,0x64,0x77,0x66,0x44,0x44,0x44,0x44,0x44,0x66,0x66,0x66,0x46,0x44,0x44,0x44,0x44,0x44,0x44,0x44,0x44,0x64,0x66,0x44,0x76,0x46,0x44,0x44,0x44,
0x44,0x64,0x77,0x77,0x77,0x66,0x66,0x44,0x44,0x44,0x44,0x66,0x66,0x66,0x44,0x44,0x46,0x44,0x44,0x64,0x64,0x4c,0x64,0x74,0x77,0x46,0x46,0x64,0x66,0x44,0x44,0x76,
0x66,0x44,0x44,0x44,0x44,0x66,0x66,0x66,0x66,0x66,0x44,0x66,0x44,0x44,0x44,0x44,0x44,0x44,0x64,0x46,0x44,0x44,0x44,0x44,0x44,0x44,0x44,0x64,0x77,0x77,0x77,0x67,
0x66,0x44,0x44,0x64,0x66,0x66,0x66,0x66,0x44,0x66,0x66,0x44,0x64,0x67,0x66,0x49,0x64,0x44,0x76,0x44,0x64,0x44,0x44,0x44,0x44,0x64,0x46,0x44,0x44,0x44,0x44,0x66,
0x66,0x66,0x66,0x66,0x66,0x66,0x66,0x64,0x66,0x46,0x44,0x44,0x44,0x44,0x44,0x44,0x44,0x44,0x44,0x44,0x44,0x74,0x77,0x77,0x77,0x77,0x66,0x44,0x64,0x66,0x66,0x46,
0x44,0x44,0x44,0x64,0x66,0xa7,0xea,0xae,0xca,0x49,0x64,0x44,0x64,0x44,0x44,0x46,0x44,0x44,0x44,0x44,0x44,0x44,0x44,0x44,0x64,0x66,0x66,0x66,0x66,0x66,0x66,0x66,
0x66,0x64,0x46,0x66,0x44,0x44,0x44,0x44,0x44,0x44,0x44,0x44,0x44,0x44,0x44,0x76,0x67,0x76,0x77,0x46,0x46,0x66,0x64,0x66,0x66,0x66,0x66,0x66,0x44,0x64,0xa7,0xee,
0xee,0xae,0xce,0x49,0x64,0x44,0x44,0x44,0x44,0x64,0x46,0x44,0x44,0x44,0x44,0x44,0x44,0x44,0x64,0x66,0x66,0x66,0x66,0x66,0x66,0x66,0x66,0x66,0x66,0x66,0x66,0x44,
0x44,0x44,0x44,0x44,0x44,0x44,0x46,0x44,0x44,0x64,0x47,0x44,0x67,0x44,0x44,0x64,0x66,0x66,0x46,0x44,0x44,0x44,0x66,0xe7,0xee,0xee,0xee,0xae,0xca,0x47,0x74,0x67,
0x44,0x44,0x44,0x66,0x66,0x46,0x44,0x44,0x46,0x44,0x44,0x44,0x66,0x66,0x66,0x66,0x66,0x66,0x66,0x66,0x66,0x66,0x46,0x66,0x66,0x66,0x66,0xee,0x77,0x46,0x44,0x66,
0x66,0x44,0x44,0x44,0x44,0x44,0x46,0x44,0x44,0x64,0x66,0x66,0x66,0x44,0x44,0x44,0xea,0xee,0xee,0xee,0xee,0xae,0xca,0x47,0x74,0xaa,0x46,0x44,0x44,0x66,0x66,0x44,
0x44,0x66,0x66,0x46,0x44,0x44,0x66,0x66,0x66,0x66,0x66,0x66,0x66,0x66,0x66,0x66,0x66,0x64,0x66,0x76,0xea,0xee,0x7a,0x67,0x64,0x66,0x46,0x44,0x44,0x44,0x44,0x44,
0x44,0x64,0x44,0x44,0x66,0x66,0x66,0x66,0x44,0x44,0xee,0xee,0xee,0xee,0xee,0xaa,0xaa,0x47,0x74,0xae,0x7a,0x46,0x44,0x44,0x44,0x44,0x66,0x66,0x66,0x46,0x66,0x44,
0x66,0x66,0x66,0x66,0x66,0x66,0x66,0x66,0x66,0x66,0x66,0x46,0x64,0xe7,0xee,0xee,0xaa,0xa7,0x6a,0x44,0x64,0x44,0x66,0x44,0x44,0x44,0x44,0x66,0x44,0x44,0x66,0x66,
0x66,0x66,0x66,0x66,0xee,0xee,0xee,0xee,0xee,0xaa,0xaa,0x47,0x74,0xaa,0xaa,0x7a,0x77,0xaa,0xa7,0x6a,0x66,0x66,0x66,0x66,0x66,0x66,0x66,0x66,0x66,0x66,0x66,0x66,
0x66,0x66,0x66,0x66,0x66,0x66,0xe7,0xee,0xee,0xae,0xa9,0xaa,0xaa,0x67,0x66,0x44,0x66,0x44,0x46,0x44,0x64,0x66,0x66,0x64,0x66,0x66,0x66,0x66,0x66,0x66,0xee,0xee,
0xee,0xee,0xae,0xaa,0xca,0x47,0x74,0xaa,0xaa,0xaa,0xea,0xee,0xee,0xaa,0x67,0x66,0x66,0x66,0x66,0x66,0x66,0x76,0x67,0x66,0x66,0x66,0x66,0x66,0x66,0x66,0x66,0xea,
0xee,0xee,0xee,0xee,0xaa,0xaa,0xca,0xaa,0x7a,0x64,0x66,0x64,0x66,0x46,0x66,0x66,0x66,0x66,0x66,0x66,0x66,0x66,0x66,0x66,0xee,0xee,0xee,0xee,0xae,0xee,0xca,0x47,
0x74,0xaa,0xaa,0xaa,0xea,0xee,0xee,0xae,0x7a,0x67,0x66,0x66,0x66,0x66,0x66,0x96,0x69,0x66,0x66,0x66,0x66,0x66,0x77,0x67,0x76,0xee,0xee,0xee,0xee,0xae,0xaa,0xaa,
0xaa,0xa9,0xae,0x7a,0x66,0x64,0x66,0x66,0x66,0x66,0x66,0x66,0x66,0x66,0x77,0x67,0x66,0x66,0xbb,0xbb,0xeb,0xee,0xee,0xee,0xca,0x47,0x74,0xee,0xaa,0xaa,0xea,0xee,
0xee,0xaa,0xaa,0xee,0x67,0x66,0x66,0x66,0x44,0xc6,0x7c,0x66,0x66,0x66,0x66,0xa7,0xee,0xae,0xea,0xee,0xee,0xee,0xee,0xae,0xaa,0xaa,0xaa,0xaa,0xee,0xaa,0x7a,0x46,
0x66,0x66,0x46,0x66,0x66,0x66,0x66,0xe7,0xae,0xaa,0x7a,0x66,0xaa,0xbb,0xeb,0xee,0xea,0xee,0xca,0x47,0x64,0xaa,0xee,0xaa,0xaa,0xee,0xee,0xae,0xaa,0xea,0xaa,0x6a,
0x66,0x66,0x66,0x96,0x6c,0x66,0x66,0x66,0xa6,0xeb,0xee,0xee,0xee,0xee,0xee,0xee,0xee,0xee,0xaa,0xaa,0xaa,0xea,0xaa,0xaa,0xaa,0xaa,0x7a,0x66,0x66,0x66,0x66,0x66,
0xea,0xee,0xee,0xaa,0xaa,0x6a,0x98,0xbb,0xee,0xae,0xea,0xee,0xca,0x47,0x64,0xaa,0xaa,0xae,0xea,0xee,0xee,0xae,0xaa,0xea,0xaa,0xaa,0x77,0x67,0x66,0x76,0x69,0x44,
0x76,0xb7,0xbb,0xbe,0xee,0xee,0xee,0xee,0xeb,0xee,0xee,0xae,0xea,0xaa,0xaa,0xee,0xae,0xaa,0xaa,0xaa,0xaa,0x96,0x66,0x66,0x77,0xea,0xee,0xee,0xee,0xaa,0xaa,0xaa,
0x88,0xac,0xab,0x9a,0xaa,0xee,0xce,0x47,0x64,0xaa,0xaa,0xea,0xee,0xee,0xee,0xae,0xaa,0xaa,0xaa,0xaa,0xea,0xae,0x67,0x76,0x76,0x47,0xba,0xbb,0xbb,0xbb,0xbb,0xba,
0xab,0xaa,0xea,0xee,0xee,0x7a,0x77,0xaa,0xee,0xea,0xaa,0xa9,0xaa,0x69,0x66,0xc6,0x7c,0xaa,0xee,0xba,0xee,0xee,0xee,0xa9,0xaa,0xaa,0x88,0x98,0x7a,0x79,0xa7,0xba,
0xcb,0x47,0x64,0xaa,0xaa,0xaa,0xee,0xee,0xee,0xae,0xaa,0xaa,0xae,0xaa,0xea,0xee,0xee,0xae,0xa4,0x7b,0xa7,0xaa,0xaa,0xba,0xaa,0xba,0xaa,0xaa,0xbb,0xbe,0xaa,0x99,
0x79,0xa7,0xaa,0xab,0xae,0x99,0xa7,0xaa,0xaa,0xaa,0x67,0xb6,0xbb,0xaa,0xbb,0xeb,0xaa,0x99,0xaa,0xaa,0x88,0x98,0x77,0xc7,0x79,0x97,0xc9,0x47,0x64,0xaa,0xaa,0xaa,
0xaa,0xaa,0xee,0xae,0xaa,0xaa,0xea,0xaa,0xaa,0xee,0xee,0xae,0xa4,0xab,0xa6,0xaa,0xaa,0xaa,0xaa,0xaa,0xaa,0xaa,0xaa,0xab,0xaa,0x7a,0x99,0x99,0x99,0xaa,0xaa,0x9a,
0x99,0xaa,0xaa,0xaa,0xa6,0x76,0xba,0xaa,0xaa,0xaa,0x99,0xa9,0xea,0xee,0x8d,0x9d,0xa7,0xcc,0x99,0x97,0xc9,0x47,0x64,0xaa,0xaa,0xaa,0xaa,0xaa,0xaa,0xae,0xaa,0xaa,
0xaa,0xaa,0xaa,0xaa,0xee,0xae,0xa4,0xeb,0x7a,0xaa,0xaa,0x77,0x77,0xaa,0xaa,0xaa,0xaa,0xaa,0xaa,0x7a,0x77,0x99,0x99,0x99,0xa7,0x9a,0x99,0xa9,0xaa,0xaa,0xa6,0x6a,
0xaa,0xaa,0xa7,0x9a,0xaa,0xaa,0xee,0xee,0x88,0xdd,0xac,0xff,0xc9,0x9c,0xc9,0x47,0x64,0xaa,0xaa,0xaa,0xaa,0x9c,0xaa,0x9a,0xaa,0xaa,0xaa,0xaa,0xea,0xaa,0xaa,0xab,
0xa4,0xee,0xae,0xee,0xae,0xaa,0xa7,0xaa,0xaa,0xaa,0xaa,0xaa,0x77,0x77,0x9a,0x67,0xc9,0x99,0x99,0x99,0x99,0x99,0xaa,0xaa,0xa6,0xaa,0xaa,0xaa,0xaa,0xaa,0xaa,0xaa,
0xaa,0xaa,0x88,0x88,0xcc,0x9c,0x99,0x9c,0xcc,0x47,0x44,0xce,0xa9,0xaa,0xdc,0x8d,0x99,0x99,0x99,0xa7,0xaa,0xaa,0xaa,0xaa,0xaa,0xab,0xa4,0xbe,0xee,0xee,0xee,0xee,
0xaa,0xaa,0x77,0x77,0x77,0x77,0x77,0x77,0xcc,0x79,0xfc,0x99,0x99,0x99,0x97,0x99,0x99,0x99,0xa4,0xaa,0xaa,0xaa,0xca,0xa9,0xaa,0xaa,0xaa,0xaa,0xdd,0xd8,0xfd,0xcc,
0x9c,0xa9,0xca,0x47,0x44,0xae,0xaa,0xca,0xdd,0x88,0x88,0x99,0x99,0x99,0xa9,0xaa,0xaa,0xaa,0xaa,0x7a,0xa4,0xaa,0xeb,0xee,0xee,0xee,0xaa,0xaa,0xaa,0x7a,0xaa,0x7a,
0x77,0xc7,0xcf,0xc9,0xff,0xcc,0x99,0x9a,0x99,0x79,0x79,0x99,0x76,0x97,0x99,0xa9,0xce,0xa9,0xaa,0x7a,0xaa,0xaa,0xdd,0xdd,0xcd,0xcf,0xcc,0xec,0xca,0x6a,0x44,0xaa,
0xac,0xda,0xdd,0x8d,0x88,0x79,0xaa,0x69,0x96,0x9c,0x99,0x97,0xaa,0x7a,0xa4,0xaa,0xaa,0xee,0xee,0xae,0xaa,0xaa,0xaa,0xaa,0xaa,0xaa,0xaa,0xaa,0xcf,0xf9,0xcf,0x9c,
0xc9,0xca,0xac,0xea,0xae,0xaa,0x74,0xaa,0xa9,0xfa,0xce,0xa9,0xdc,0x98,0xaa,0xaa,0xdd,0xdd,0x05,0x00,0x00,0x99,0xc9,0x6a,0x44,0xee,0xaa,0xfa,0xdd,0xdd,0xdd,0xca,
0xaa,0x67,0xc6,0xcf,0x59,0x95,0x96,0x76,0x64,0x99,0xa9,0xaa,0xea,0xaa,0xaa,0xaa,0xaa,0xaa,0xcf,0xac,0xaa,0xfa,0x9c,0x99,0x9f,0x9c,0x99,0xae,0xaa,0xea,0xae,0xaa,
0xa4,0xaa,0xac,0xfe,0xaa,0xcc,0xdf,0x98,0x99,0x00,0xdd,0x5d,0x00,0x00,0x00,0x00,0xc5,0x6a,0x44,0x00,0x99,0xdd,0xdd,0x8d,0x88,0x88,0xaa,0x7a,0xfc,0xcc,0x99,0x99,
0x99,0x99,0x64,0x99,0x99,0x99,0x9a,0xaa,0xaa,0xaa,0xaa,0xaa,0xcf,0xcc,0xfa,0xff,0x9f,0xcc,0xcf,0x9c,0x9c,0xcc,0x9c,0xc9,0x99,0x99,0x94,0x99,0x00,0x99,0x00,0xd0,
0xdf,0x99,0x88,0x00,0x9d,0x00,0x00,0x00,0x00,0xd0,0xc9,0x4a,0x44,0x10,0xd5,0xdd,0xdd,0x88,0x88,0x88,0x69,0xc9,0xff,0xcf,0x9c,0xfc,0xac,0x77,0x64,0x90,0x99,0x96,
0x99,0x99,0xca,0xaa,0xaa,0xff,0xff,0xcc,0xc9,0xcc,0x99,0x95,0x05,0x00,0x00,0x90,0x8d,0x58,0x00,0x50,0x06,0x00,0x00,0x00,0x00,0x90,0x9d,0x88,0x88,0x55,0xcd,0x59,
0x55,0x00,0x00,0xdd,0x9d,0x4a,0x44,0x15,0xd5,0xdd,0xdd,0x9d,0x88,0x88,0x58,0x00,0x00,0xc0,0x9c,0xfc,0xaa,0x97,0x64,0x95,0x9c,0x69,0x99,0xa9,0xcf,0x59,0x59,0x99,
0x55,0x55,0x11,0x11,0x11,0x51,0x55,0x00,0x00,0xd9,0x9d,0x59,0x05,0x50,0x04,0x00,0x50,0x09,0x50,0xdc,0xdd,0xdd,0x59,0xd9,0xdf,0xcd,0x59,0x00,0xd9,0xdd,0x9d,0x69,
0x69,0x88,0xdd,0xdd,0xdd,0xdd,0xdd,0xdd,0x8d,0x10,0x11,0x01,0x00,0x00,0x50,0x99,0x94,0xc9,0x9c,0x05,0x50,0x55,0x53,0x23,0x22,0x11,0x55,0x55,0x55,0x55,0x55,0x11,
0x11,0x00,0x50,0xd9,0x9f,0x99,0x59,0x90,0x06,0x00,0xc5,0x9c,0x95,0xff,0xdd,0xdd,0x59,0xdd,0xdf,0xd9,0x9c,0xd9,0xfd,0xdd,0xdd,0x9d,0x9d,0x8d,0xdd,0xfd,0xdd,0xdd,
0xdd,0xdd,0x5d,0x01,0x11,0x11,0x11,0x55,0x55,0x95,0x04,0x00,0x99,0x55,0x99,0x35,0x23,0x11,0x11,0x11,0x11,0x11,0x11,0x11,0x11,0x11,0x10,0x00,0x90,0xff,0xdf,0xdd,
0x99,0xc9,0x99,0x59,0xfc,0xcf,0xdc,0xdf,0x89,0x98,0x23,0x12,0x22,0x52,0x55,0x55,0x88,0x88,0xd8,0xdd,0xdd,0xdd,0x8d,0xdd,0xff,0xdd,0xdd,0xdd,0x55,0x11,0x11,0x9d,
0x19,0x11,0x11,0x95,0x04,0x11,0x01,0x00,0x50,0x55,0x55,0x55,0x55,0x55,0x55,0x55,0x11,0x11,0x11,0x55,0x99,0x51,0x99,0xff,0xff,0xdd,0xcf,0xcc,0xc9,0x59,0x99,0x55,
0x21,0x22,0x11,0x11,0x11,0x11,0x22,0x22,0x22,0x12,0x21,0x21,0x22,0x22,0x53,0x55,0x85,0x98,0xd9,0xdd,0xdd,0xdd,0xdd,0x15,0x91,0xdd,0x1d,0x11,0x11,0x11,0x11,0x01,
0x00,0x00,0x00,0x10,0x11,0x01,0x51,0x55,0x55,0x55,0x55,0x59,0x95,0xfd,0xdd,0x99,0xdf,0xd9,0x9d,0x58,0x55,0x11,0x11,0x11,0x11,0x11,0x11,0x12,0x11,0x21,0x12,0x11,
0x22,0x32,0x33,0x33,0x23,0x11,0x11,0x11,0x21,0x22,0x22,0x32,0x52,0x25,0x58,0x88,0xd8,0x55,0xd8,0xdd,0x9d,0x55,0x11,0x15,0x11,0x11,0x01,0x00,0x00,0x11,0x11,0x00,
0x00,0x00,0x51,0x55,0x55,0xcd,0x99,0xdd,0x58,0x55,0x55,0x12,0x21,0x11,0x11,0x11,0x11,0x11,0x11,0x55,0x15,0x22,0x22,0x12,0x11,0x11,0x11,0x21,0x22,0x32,0x33,0x33,
0x33,0x22,0x22,0x12,0x11,0x11,0x11,0x11,0x21,0x22,0x12,0x11,0x11,0x81,0x55,0x55,0xd5,0x59,0x51,0x55,0x15,0x11,0x11,0x51,0x55,0x55,0x55,0x55,0x55,0x25,0x11,0x11,
0x11,0x11,0x11,0x11,0x11,0x11,0x11,0x11,0x11,0x11,0x11,0x11,0xd1,0x8d,0x55,0x12,0x11,0x11,0x11,0x81,0x11,0x11,0x11,0x11,0x22,0x22,0x22,0x33,0x33,0x33,0x22,0x22,
0x22,0x11,0x11,0x11,0x11,0x11,0x11,0x11,0x11,0x11,0x11,0x11,0x21,0x55,0x55,0x55,0x55,0x55,0x25,0x12,0x11,0x11,0x11,0x12,0x22,0x22,0x22,0x11,0x11,0x11,0x11,0x11,
0x11,0x11,0x11,0x11,0x11,0x11,0xd1,0xdd,0x88,0x11,0x11,0x12,0x11,0xd1,0x11,0x11,0x11,0x11,0x11,0x11,0x11,0x11,0x32,0x22,0x32,0x33,0x83,0x33,0x13,0x12,0x12,0x11,
0x11,0x22,0x22,0x21,0x22,0x11,0x11,0x11,0x22,0x12,0x22,0x22,0x22,0x22,0x11,0x11,0x12,0x11,0x11,0x11,0x11,0x11,0x11,0x11,0x11,0x21,0x22,0x22,0x12,0x11,0x85,0x15,
0xd1,0xdd,0x88,0x23,0x33,0x22,0x12,0xd2,0x22,0x12,0x11,0x51,0x5d,0x55,0x11,0x11,0x11,0x11,0x11,0x11,0x31,0x83,0x88,0x38,0x33,0x22,0x12,0x11,0x11,0x11,0x11,0x22,
0x22,0x22,0x12,0x11,0x21,0x22,0x32,0x23,0x22,0x23,0x22,0x22,0x32,0x33,0x33,0x33,0x23,0x33,0x33,0x33,0x23,0x22,0x22,0x22,0xd8,0xdd,0xdd,0xdd,0xdd,0xdd,0xdd,0xdd,
0xdd,0xdd,0x22,0x53,0x11,0x81,0x9d,0x88,0x11,0x21,0x13,0x11,0x11,0x11,0x11,0x11,0x11,0x11,0x32,0x33,0x33,0x12,0x22,0x12,0x12,0x21,0x21,0x32,0x33,0x33,0x22,0x11,
0x11,0x32,0x83,0x5d,0x35,0x33,0x53,0x55,0x55,0x33,0x33,0x35,0x22,0x11,0x22,0x12,0x32,0x23,0xd8,0xdd,0xdd,0xdd,0xdd,0xdd,0xdd,0xdd,0xdd,0xdd,0x55,0xd8,0x58,0xd5,
0xdd,0x88,0x33,0x32,0x33,0x23,0x22,0x32,0x23,0x12,0x22,0x12,0x13,0x12,0x32,0x33,0x33,0x33,0x33,0x33,0x32,0x33,0x33,0x33,0x33,0x33,0x33,0x33,0xf8,0xdf,0x3d,0x32,
0x33,0x33,0x33,0x33,0x33,0x33,0x33,0x33,0x33,0x33,0x83,0x39,0xd8,0x88,0xd5,0xdd,0xdd,0x58,0x55,0x35,0x88,0xd8,0x88,0x88,0x88,0xd8,0xdd,0x89,0x33,0x33,0x33,0x33,
0x33,0x33,0x33,0x33,0x33,0x33,0x33,0x33,0x33,0x33,0x33,0x33,0x33,0x33,0x33,0x33,0x33,0x33,0x33,0x38,0xd3,0x38,0xd9,0xdf,0x35,0x33,0x88,0x33,0x33,0x33,0xd3,0x88,
0x38,0x83,0x33,0x33,0xd5,0x99,0xdd,0xdd,0xd8,0xdd,0x8d,0x33,0x23,0x88,0x33,0xd8,0xdd,0xdd,0xdd,0xdd,0xdd,0x89,0x33,0x55,0x32,0x33,0x33,0x38,0x38,0x33,0x88,0x83,
0x33,0x88,0x83,0x33,0x33,0x33,0x33,0x53,0x33,0x83,0x88,0x83,0x83,0x58,0xd3,0xdd,0xff,0xdf,0x88,0x88,0xdd,0x38,0x33,0x38,0xd8,0x8d,0x38,0x53,0x23,0x22,0xfd,0xff,
0xff,0xdd,0xd8,0xdd,0xdd,0x8d,0x88,0xd8,0x88,0xd8,0x22,0xd8,0x28,0x85,0xdd,0x89,0x12,0x55,0x20,0x33,0x83,0x38,0x88,0x33,0x88,0x88,0x38,0x38,0x88,0x88,0x88,0x82,
0x58,0x88,0x83,0x88,0x88,0xd8,0xd8,0x8d,0xd8,0xdd,0x89,0x8d,0x99,0x98,0x88,0x8d,0x88,0x88,0xd8,0x8d,0x88,0x88,0x38,0xd8,0xdf,0xdd,0x9d,0xd8,0xdd,0xdd,0xdd,0xd8,
0x88,0x88,0xd8,0xdd,0x83,0x88,0xd8,0xdd,0xdd,0x8d,0x88,0x88,0x02,0x88,0x83,0x88,0x58,0x58,0x88,0x88,0x33,0x88,0x88,0x88,0x88,0x58,0x55,0x38,0x33,0x55,0x33,0x33,
0x33,0x22,0x22,0x11,0x11,0x11,0x11,0x22,0x11,0x22,0x22,0x22,0x32,0x33,0x88,0xd8,0x8d,0xd9,0x5d,0x55,0x38,0xd3,0xdd,0xd8,0xd9,0x88,0x85,0xdd,0xdd,0x5d,0x85,0xd3,
0xdd,0xdd,0x8d,0x8d,0xdd,0x5d,0x00,0x31,0x11,0x11,0x11,0x11,0x11,0x11,0x11,0x11,0x11,0x11,0x11,0x12,0x11,0x11,0x11,0x11,0x11,0x11,0x11,0x11,0x21,0x23,0x22,0x22,
0x22,0x32,0x22,0x22,0x22,0x32,0x83,0x38,0x32,0x22,0x22,0x12,0x22,0x33,0x83,0x88,0x88,0x88,0x88,0x88,0x23,0x88,0x8d,0x38,0x82,0x81,0x3d,0x3d,0x8d,0x88,0x88,0x88,
0x38,0x83,0x23,0x23,0x13,0x21,0x11,0x11,0x11,0x11,0x11,0x11,0x11,0x21,0x22,0x23,0x11,0x11,0x11,0x11,0x11,0x11,0x11,0x11,0x11,0x11,0x21,0x32,0x23,0x33,0x33,0x33,
0x33,0x11,0x12,0x22,0x22,0x22,0x33,0x33,0x33,0x33,0x33,0x33,0x33,0x33,0x88,0x88,0x33,0x33,0x28,0x21,0x32,0x22,0x32,0x31,0x83,0x88,0x88,0x88,0x88,0x88,0x38,0x33,
0x33,0x23,0x12,0x12,0x11,0x11,0x11,0x11,0x11,0x22,0x22,0x22,0x23,0x22,0x21,0x11,0x11,0x11,0x11,0x11,0x11,0x11,0x11,0x11,0x11,0x11,0x11,0x11,0x12,0x22,0x23,0x22,
0x22,0x22,0x21,0x21,0x22,0x22,0x22,0x22,0x22,0x22,0x33,0x38,0x88,0x85,0x33,0x23,0x21,0x82,0x33,0x33,0x33,0x23,0x33,0x32,0x23,0x23,0x32,0x23,0x23,0x23,0x23,0x32,
0x22,0x22,0x11,0x11,0x11,0x11,0x11,0x21,0x11,0x11,0x11,0x11,0x11,0x11,0x11,0x11,0x11,0x11,0x11,0x11,0x11,0x11,0x11,0x11,0x11,0x11,0x11,0x11,0x11,0x11,0x11,0x11,
0x11,0x22,0x33,0x33,0x32,0x88,0x88,0x88,0x88,0x83,0x83,0x28,0x23,0x11,0x11,0x11,0x11,0x11,0x11,0x11,0x11,0x11,0x11,0x11,0x11,0x11,0x11,0x11,0x11,0x11,0x11,0x11,
0x11,0x11,0x11,0x11,0x11,0x11,0x11,0x11,0x11,0x11,0x11,0x11,0x11,0x11,0x11,0x11,0x11,0x11,0x11,0x11,0x11,0x11,0x11,0x11,0x11,0x11,0x21,0x21,0x22,0x22,0x11,0x22,
0x23,0x32,0x22,0x22,0x12,0x11,0x11,0x11,0x11,0x11,0x11,0x11,0x11,0x11,0x11,0x11,0x11,0x11,0x11,0x11,0x11,0x11,0x11,0x11,0x11,0x11,0x21,0x12,0x21,0x31,0x32,0x12,
0x11,0x12,0x22,0x22,0x13,0x22,0x21,0x11,0x11,0x11,0x11,0x11,0x11,0x11,0x11,0x11,0x11,0x11,0x11,0x11,0x11,0x11,0x11,0x11,0x11,0x21,0x11,0x11,0x11,0x11,0x11,0x11,
0x11,0x11,0x21,0x11,0x11,0x11,0x11,0x11,0x11,0x11,0x11,0x11,0x11,0x11,0x22,0x31,0x13,0x31,0x21,0x12,0x21,0x23,0x33,0x33,0x33,0x33,0x33,0x32,0x21,0x22,0x12,0x22,
0x11,0x12,0x11,0x21,0x11,0x21,0x12,0x23,0x22,0x22,0x23,0x12,0x23,0x11,0x11,0x11,0x11,0x11,0x11,0x21,0x33,0x32,0x22,0x12,0x58,0x15,0x22,0x11,0x33,0x23,0x32,0x32,
0x23,0x22,0x11,0x21,0x21,0x11,0x21,0x32,0x33,0x32,0x33,0x33,0x33,0x33,0x12,0x11,0x11,0x11,0x11,0x21,0x22,0x22,0x12,0x11,0x11,0x11,0x11,0x11,0x11,0x23,0x21,0x22,
0x22,0x22,0x22,0x32,0x22,0x12,0x12,0x11,0x11,0x21,0x12,0x11,0x11,0x22,0x33,0x13,0x83,0x32,0x38,0x38,0x88,0x38,0x88,0x33,0x33,0x83,0x38,0x33,0x23,0x33,0x32,0x22,
0x12,0x12,0x11,0x21,0x13,0x32,0x23,0x32,0x23,0x22,0x32,0x23,0x12,0x11,0x11,0x11,0x11,0x11,0x11,0x11,0x11,0x11,0x11,0x11,0x11,0x11,0x11,0x11,0x11,0x12,0x11,0x21,
0x11,0x21,0x13,0x22,0x13,0x22,0x12,0x33,0x11,0x12,0x33,0x23,0x11,0x12,0x32,0x33,0x33,0x23,0x12,0x32,0x32,0x22,0x03,0x28,0x22,0x31,0x11,0x11,0x11,0x11,0x11,0x11,
0x11,0x11,0x11,0x11,0x11,0x11,0x11,0x11,0x11,0x11,0x11,0x11,0x11,0x11,0x11,0x11,0x11,0x11,0x11,0x11,0x11,0x21,0x32,0x33,0x83,0x33,0x33,0x52,0x38,0x83,0x33,0x32,
0x23,0x83,0x21,0x33,0x32,0x23,0x11,0x11,0x11,0x12,0x31,0x23,0x81,0x38,0x82,0x32,0x10,0x11,0x11,0x11,0x11,0x11,0x11,0x11,0x11,0x11,0x11,0x11,0x11,0x11,0x11,0x11,
0x11,0x11,0x11,0x11,0x11,0x11,0x11,0x11,0x11,0x11,0x11,0x11,0x11,0x11,0x11,0x11,0x11,0x11,0x11,0x11,0x11,0x52,0x88,0x88,0x88,0x88,0x28,0x88,0x32,0x23,0x21,0x22,
0x32,0x33,0x33,0x33,0x38,0x88,0x88,0x88,0x88,0x85,0x88,0x32,0x11,0x11,0x11,0x11,0x11,0x11,0x11,0x11,0x11,0x11,0x11,0x11,0x11,0x11,0x11,0x11,0x11,0x11,0x11,0x11,
0x11,0x11,0x11,0x11,0x11,0x11,0x11,0x11,0x11,0x11,0x11,0x12,0x11,0x11,0x11,0x33,0x88,0x88,0x88,0x88,0x88,0x88,0x33,0x33,0x32,0x33,0x33,0x88,0x83,0x83,0x88,0x88,
0x88,0x85,0x88,0x13,0x23,0x21,0x11,0x11,0x11,0x11,0x11,0x11,0x21,0x21,0x11,0x52,0x11,0x11,0x13,0x11,0x11,0x11,0x11,0x11,0x11,0x11,0x11,0x11,0x11,0x11,0x15,0x11,
0x11,0x11,0x11,0x22,0x21,0x23,0x33,0x88,0x82,0x88,0x88,0x33,0x33,0x33,0x33,0x33,0x88,0x38,0x33,0x33,0x33,0x38,0x32,0x38,0x88,0x38,0x88,0x31,0x32,0x11,0x11,0x11,
0x22,0x11,0x82,0x12,0x11,0x21,0x32,0x32,0x32,0x32,0x11,0x21,0x15,0x11,0x11,0x12,0x11,0x51,0x11,0x21,0x11,0x11,0x11,0x11,0x15,0x11,0x81,0x12,0x52,0x38,0x33,0x33,
0x83,0x38,0x38,0x33,0x23,0x12,0x22,0x32,0x23,0x33,0x88,0x38,0xd8,0x9d,0x35,0x33,0x13,0x31,0x33,0x13,0x21,0x12,0x21,0x12,0x22,0x21,0x32,0x12,0x38,0x13,0x11,0x33,
0x33,0x33,0x33,0x33,0x12,0x81,0x13,0x11,0x22,0x13,0x11,0x81,0x12,0x32,0x11,0x21,0x11,0x11,0x12,0x11,0x81,0x28,0x33,0x33,0x23,0x33,0x23,0x33,0x33,0x22,0x22,0x22,
0x22,0x32,0x22,0x22,0x88,0xdd,0xdd,0x9c,0x59,0x35,0x33,0x12,0x23,0x22,0x32,0x33,0x32,0x33,0x33,0x23,0x22,0x18,0x12,0x13,0x13,0x32,0x33,0x88,0x88,0x88,0x33,0x83,
0x38,0x32,0x83,0x33,0x21,0x13,0x11,0x22,0x32,0x83,0x32,0x23,0x38,0x32,0x33,0x31,0x33,0x02,0x11,0x21,0x12,0x32,0x23,0x21,0x22,0x22,0x22,0x23,0x21,0x22,0xd8,0xdd,
0xdd,0x9c,0x99,0x99,0x31,0x21,0x31,0x33,0x33,0x33,0x33,0x33,0x33,0x33,0x13,0x31,0x31,0x23,0x23,0x32,0x33,0x88,0x83,0x38,0x88,0x88,0x88,0x33,0x38,0x33,0x23,0x33,
0x83,0x38,0x38,0x88,0x88,0x83,0x88,0x88,0x18,0x23,0x38,0x31,0x32,0x33,0x33,0x32,0x23,0x22,0x22,0x22,0x22,0x12,0x21,0x32,0xdd,0xdd,0xdd,0x99,0x99,0x99,0x39,0x22,
0x33,0x33,0x33,0x88,0x88,0x83,0x88,0x38,0x33,0x81,0x31,0x33,0x28,0x13,0x33,0x33,0x88,0x33,0x83,0x33,0x38,0x83,0x23,0x33,0x23,0x23,0x33,0x88,0x83,0x88,0x88,0x88,
0x88,0x88,0x03,0x35,0x38,0x33,0x88,0x33,0x88,0x33,0x23,0x22,0x23,0x22,0x22,0x22,0x22,0x33,0xdd,0xdd,0xdd,0x9d,0x99,0xd9,0x89,0x33,0x33,0x33,0x33,0x33,0x33,0x33,
0x83,0x88,0x83,0x83,0x88,0x83,0x88,0x38,0x33,0x32,0x33,0x33,0x33,0x13,0x33,0x20,0x13,0x21,0x13,0x21,0x33,0x33,0x32,0x38,0x33,0x28,0x12,0x33,0x83,0x85,0x88,0x83,
0x88,0x23,0x33,0x33,0x33,0x33,0x33,0x33,0x23,0x32,0x05,0x33,0xdd,0xdd,0xdd,0xdd,0xc6,0xc6,0x99,0x38,0x33,0x33,0x23,0x32,0x33,0x33,0x33,0x83,0x38,0x88,0x88,0x88,
0x88,0x88,0x83,0x32,0x82,0x33,0x33,0x23,0x13,0x11,0x23,0x11,0x23,0x21,0x32,0x23,0x83,0x33,0x21,0x23,0x22,0x33,0x33,0x10,0x33,0x33,0x33,0x21,0x33,0x33,0x33,0x23,
0x33,0x33,0x33,0x82,0x05,0x32,0xdd,0xdd,0xdd,0xdd,0x99,0x9d,0x99,0x35,0x32,0x33,0x20,0x32,0x33,0x33,0x33,0x33,0x83,0x88,0x88,0x88,0x88,0x88,0x88,0x88,0x88,0x88,
0x38,0x33,0x23,0x33,0x33,0x33,0x33,0x38,0x33,0x33,0x22,0x22,0x22,0x31,0x23,0x32,0x32,0x13,0x31,0x13,0x33,0x23,0x33,0x33,0x33,0x32,0x33,0x33,0x23,0x82,0x33,0x88,
0xdd,0xdd,0xdd,0xdd,0x99,0x9d,0x99,0x39,0x02,0x13,0x11,0x53,0x32,0x33,0x33,0x33,0x33,0x88,0x88,0x38,0x88,0x88,0x88,0x88,0x33,0x83,0x38,0x83,0x33,0x33,0x33,0x33,
0x33,0x33,0x33,0x32,0x22,0x22,0x22,0x22,0x33,0x22,0x32,0x33,0x23,0x13,0x33,0x33,0x33,0x33,0x33,0x23,0x23,0x32,0x05,0x83,0xd3,0xdd,0xdd,0xcd,0xdd,0x9d,0x99,0x99,
0x99,0x99,0x33,0x21,0x32,0x53,0x25,0x33,0x33,0x33,0x33,0x33,0x33,0x33,0x83,0x83,0x83,0x83,0x33,0x33,0x33,0x83,0x38,0x83,0x33,0x33,0x33,0x33,0x22,0x21,0x22,0x22,
0x22,0x22,0x22,0x32,0x32,0x33,0x33,0x33,0x32,0x33,0x33,0x83,0x88,0x33,0x28,0x03,0x00,0x81,0xd8,0x8d,0xdd,0xdd,0xd9,0x9d,0x99,0x99,0xd9,0xdd,0x38,0x33,0x33,0x80,
0x08,0x30,0x33,0x33,0x33,0x32,0x33,0x33,0x33,0x33,0x33,0x22,0x33,0x33,0x23,0x33,0x33,0x33,0x33,0x33,0x23,0x23,0x22,0x22,0x22,0x22,0x22,0x22,0x22,0x22,0x32,0x33,
0x33,0x33,0x33,0x33,0x83,0x38,0x88,0x38,0x38,0x53,0x09,0x80,0x88,0x33,0xdd,0xdd,0xdd,0x9c,0x99,0xdd,0xdc,0xdd,0x8d,0x83,0x33,0xd8,0x0d,0x85,0x38,0x33,0x23,0x88,
0x33,0x33,0x38,0x38,0x33,0x33,0x33,0x33,0x33,0x33,0x33,0x33,0x33,0x33,0x13,0x21,0x22,0x32,0x33,0x38,0x88,0x23,0x32,0x22,0x32,0x38,0x33,0x33,0x33,0x38,0x83,0x33,
0x83,0x8d,0x38,0xd3,0x09,0x33,0x38,0x33,0xdd,0xdd,0xdd,0x9d,0xdd,0xdd,0xdd,0xdd,0x8d,0x83,0x38,0x88,0x8d,0xd3,0x3d,0x33,0x33,0x88,0x33,0x33,0x33,0x38,0x33,0x33,
0x33,0x32,0x33,0x33,0x33,0x83,0x88,0x33,0x53,0x18,0x32,0x32,0x88,0x88,0x88,0x23,0x83,0x82,0x82,0x38,0x33,0x13,0x30,0x38,0x83,0x33,0x38,0xdd,0x38,0xd8,0x38,0x83,
0x88,0xd8,0xdd,0xdd,0xdd,0xdd,0xdd,0xdd,0xdd,0xdd,0x8d,0x88,0x88,0x38,0x8d,0xd8,0x33,0x33,0x33,0x33,0x13,0x32,0x33,0x33,0x33,0x83,0x22,0x33,0x33,0x33,0x83,0x33,
0x88,0x33,0x88,0x28,0x88,0x33,0x88,0x88,0x88,0x38,0x83,0x23,0x83,0x38,0x88,0x38,0x56,0x28,0x88,0x88,0x88,0xd8,0x3d,0xdd,0x38,0x88,0x88,0xd8,0xdd,0xdd,0xdd,0xdd,
0xdd,0xcd,0xdc,0xc9,0x8d,0x88,0xdd,0x38,0x8d,0xdd,0x83,0xdd,0x38,0x33,0x05,0x33,0x83,0x33,0x23,0x83,0x38,0x83,0x33,0x33,0x83,0x23,0x88,0x88,0x88,0x88,0x88,0x88,
0x88,0x88,0x88,0x38,0x88,0x33,0x88,0x88,0x88,0x68,0x40,0x35,0xd8,0xdd,0x8d,0xd8,0x3d,0xdd,0x83,0xdd,0x88,0xd8,0xdd,0xdd,0xdd,0x8d,0xdd,0x9d,0x99,0x98,0x99,0x88,
0xd8,0x3d,0xd8,0x8d,0xd8,0x8d,0x38,0x33,0x88,0x88,0x33,0x33,0x88,0x83,0x3d,0xd8,0x38,0x33,0x83,0x82,0x88,0x83,0x38,0x88,0x88,0x88,0x88,0x88,0x88,0x88,0x88,0x88,
0x28,0x83,0x88,0x58,0x58,0x83,0x88,0xd8,0xdd,0xd8,0x8d,0x8d,0xd8,0xdd,0x8d,0x88,0xdd,0xdd,0x8d,0x8d,0xdd,0x8d,0x99,0x93,0x99,0x89,0xd8,0x8d,0xd8,0x8d,0xdd,0x3d,
0x33,0x03,0x54,0x85,0x38,0x13,0x88,0x33,0x38,0xd8,0x33,0x33,0x83,0x33,0x33,0x32,0x38,0x88,0x88,0x88,0x88,0x88,0x88,0x88,0x88,0x88,0x88,0x88,0x88,0x88,0x88,0x88,
0x50,0x88,0xdd,0xdd,0xdd,0x8d,0xdd,0x8d,0x88,0x88,0x38,0xd3,0xdd,0xdd,0xdd,0xdd,0x8d,0x95,0x99,0x9c,0xd8,0xdd,0xd8,0xdd,0xdd,0x83,0x83,0x88,0x68,0x80,0x38,0x32,
0xd3,0x88,0x38,0x8d,0x33,0x88,0x33,0x38,0x33,0x33,0x88,0x38,0x88,0x88,0x83,0x88,0x88,0x88,0x88,0x88,0x88,0x88,0x88,0x88,0x88,0x88,0x45,0x88,0xd8,0xdd,0xdd,0xdd,
0xdd,0x88,0x88,0x88,0x88,0xdd,0xdd,0x8d,0x8d,0x88,0x0d,0x9d,0x88,0x98,0x88,0xdd,0xdd,0xdd,0x8d,0x83,0x8d,0x88,0x88,0x55,0x88,0x88,0xd8,0x8d,0x88,0x8d,0xd3,0xdd,
0x33,0x88,0x38,0x33,0x88,0x88,0x83,0x88,0x33,0x88,0x88,0x88,0x88,0x88,0x88,0x88,0xd8,0xdd,0x88,0x88,0xdd,0xd8,0x8d,0xdd,0xdd,0xdd,0xdd,0xd8,0xd8,0x8d,0xd8,0xdd,
0xdd,0xdd,0xd8,0x58,0x56,0x6d,0x85,0xd8,0x8d,0xdd,0xdd,0xdd,0x8d,0xd8,0xdd,0x88,0x88,0x05,0x85,0x88,0xd8,0xdd,0xd8,0x3d,0xdd,0x88,0x38,0x33,0x33,0x83,0x88,0x88,
0x88,0x88,0x83,0x88,0x88,0x88,0x88,0x88,0x88,0x8d,0xd8,0x8d,0x88,0x88,0xdd,0xdd,0xdd,0xdd,0xdd,0xdd,0x5d,0xdd,0xdd,0x88,0xd6,0xdd,0xd9,0xdd,0xdd,0x99,0x09,0xd9,
0x89,0xdd,0x8d,0xdd,0xdd,0xdd,0x8d,0xdd,0xdd,0x88,0x88,0x58,0x85,0x88,0x88,0xdd,0xd8,0x8d,0xdd,0x88,0x88,0x33,0x38,0x88,0x88,0x88,0x88,0x88,0x88,0x88,0x88,0x88,
0x88,0x88,0xd8,0xdd,0x88,0xd8,0xd8,0x88,0xdd,0xdd,0xdf,0xdd,0xdd,0xdd,0x06,0xdd,0x8d,0x88,0x90,0xd6,0x10,0xdd,0xdd,0xd8,0xdd,0x88,0xdd,0xdd,0x88,0xd8,0xdd,0xdd,
0xd8,0xdd,0x88,0x88,0x88,0x88,0xdd,0xdd,0x88,0xdd,0xdd,0xdd,0x8d,0xd8,0x88,0x88,0x88,0x88,0x88,0x88,0x88,0x88,0x88,0x88,0x83,0x88,0x88,0x88,0x88,0xdd,0x8d,0xd8,
0xdd,0x8d,0xd8,0x8d,0xfd,0xdd,0xdf,0xd9,0x99,0xdd,0xdd,0x8d,0x90,0xdd,0x88,0x83,0x9d,0xd8,0xdd,0xd8,0x8d,0xd8,0xd8,0x88,0xdd,0x88,0xdd,0x8d,0x88,0x88,0x88,0x8d,
0x8d,0xdd,0xdd,0xdd,0xdd,0xdd,0x8d,0xd8,0x88,0x88,0xd8,0x88,0x88,0x83,0x88,0x88,0xd8,0x88,0x88,0x88,0x88,0x88,0x88,0xd8,0xdd,0x88,0xdd,0x8d,0xd8,0xdd,0xdd,0xdd,
0x9d,0xc0,0xdd,0xdd,0xdd,0xdd,0xd6,0xdd,0x8d,0x23,0xdd,0xdd,0xdd,0xdd,0x8d,0x8d,0xdd,0x8d,0xd8,0x38,0xd8,0x3d,0xd8,0x8d,0xd8,0x8d,0x88,0xd8,0xdd,0xdd,0xdd,0xd9,
0x88,0xdd,0x8d,0x88,0xdd,0x88,0x8d,0x83,0x88,0x88,0xd3,0x8d,0x38,0x83,0x8d,0x88,0x88,0xd8,0xdd,0x88,0xdd,0x8d,0xdd,0xdd,0xdd,0xdd,0xdd,0xd6,0xdd,0xd8,0xdd,0xdd,
0xdd,0x98,0xdd,0x38,0x82,0xdd,0xdd,0xdd,0xd8,0x88,0xdd,0xdd,0x38,0x83,0x83,0x88,0xdd,0xdd,0xd8,0x8d,0x83,0xd8,0xdd,0xdc,0x9d,0x65,0xdd,0xdd,0x8d,0x88,0x8d,0x88,
0x8d,0x38,0x88,0x8d,0x83,0xdd,0x38,0xd8,0x8d,0x69,0x95,0xdd,0x8d,0x83,0xdd,0xdd,0xdd,0xdd,0xdd,0xdd,0xdd,0xdd,0xdd,0x88,0xd3,0xdd,0x88,0x55,0x90,0x8d,0x33,0xdd,
0xdd,0x8d,0xd8,0xd8,0xdd,0x8d,0x88,0x8d,0x38,0xd8,0xdd,0xdd,0xdd,0x88,0x88,0xdd,0x0c,0xd0,0xdd,0xd9,0xdd,0x8d,0xdd,0x88,0x8d,0xd8,0x8d,0x88,0x83,0xdd,0x88,0xdd,
0x88,0x8d,0x08,0x58,0x96,0xdd,0x88,0x38,0xdd,0xdd,0xdd,0xdd,0xdd,0xdd,0xdd,0xdd,0x8d,0xdd,0x88,0xdd,0x88,0xdd,0xdd,0xdd,0x38,0xd8,0xdd,0xdd,0x8d,0xdd,0xdd,0x88,
0xd8,0xdd,0x88,0x83,0xdd,0xdd,0xdd,0xd8,0xdd,0xdd,0x9d,0xd9,0xdd,0xdd,0xd8,0x8d,0xdd,0xd8,0x8d,0xdd,0x88,0x8d,0x83,0xd8,0x88,0xd8,0xdd,0x8d,0x65,0xd8,0x88,0x88,
0x88,0xdd,0xd8,0xdf,0xdd,0xdd,0xdd,0xdd,0xdd,0xdd,0xdd,0xdd,0x8d,0xd8,0xd8,0xdd,0xdd,0xdd,0x88,0xd3,0xdd,0xdd,0xdd,0xdd,0x8d,0x88,0xdd,0xdd,0x8d,0x38,0xd8,0xfd,
0xdd,0xd8,0xdd,0xdd,0xdd,0xdd,0xdd,0xdd,0xdd,0xdd,0xdd,0xdd,0xdd,0xdd,0xd8,0x8d,0x88,0xd8,0x8d,0xd8,0xdd,0x88,0x88,0xd9,0x88,0x88,0xd8,0xdd,0xd8,0xdf,0xdd,0xdf,
0xff,0xdd,0xdd,0xdd,0xdd,0xdd,0x8d,0x88,
},
{ // fire
0x55,0x55,0x55,0x99,0x55,0x95,0x99,0x99,0x99,0x99,0x99,0x99,0x99,0x96,0x66,0x66,0x99,0x99,0x99,0x99,0x99,0x99,0x99,0x69,0x66,0x59,0x99,0x99,0x99,0x99,0x99,0x99,
0x99,0x99,0x99,0x55,0x99,0x99,0x99,0x99,0x99,0x59,0x95,0x99,0x59,0x55,0x55,0x55,0x99,0x99,0xaa,0xaa,0xaa,0xaa,0xa9,0x9a,0x99,0x99,0x55,0x55,0x55,0x95,0x55,0x99,
0x99,0x99,0x99,0x99,0x99,0x99,0x99,0x99,0x99,0x66,0x99,0x99,0x99,0x99,0x99,0x99,0x99,0x99,0x99,0x59,0x95,0x99,0x99,0x99,0x99,0x99,0x99,0x99,0x55,0x95,0x99,0x99,
0x99,0x99,0x99,0x99,0x95,0x99,0x99,0x55,0x55,0x55,0x99,0x99,0xaa,0xaa,0xaa,0x9a,0x99,0x99,0x99,0x99,0x99,0x55,0x55,0x55,0x55,0x55,0x95,0x99,0x99,0x99,0x99,0x99,
0x99,0x99,0x69,0x66,0x99,0x99,0x99,0x99,0x99,0x99,0x99,0x99,0x69,0x99,0x55,0x99,0x99,0x99,0x99,0x99,0x99,0x99,0x55,0x55,0x99,0x99,0x99,0x99,0x99,0x99,0x59,0x99,
0x99,0x55,0x55,0x55,0x99,0x59,0xa9,0xaa,0xab,0x9a,0x99,0x99,0x59,0x55,0x69,0x56,0x55,0x55,0x55,0x55,0x55,0x55,0x95,0x99,0x99,0x99,0x99,0x99,0x99,0x96,0x99,0x99,
0x99,0x99,0x99,0x99,0x99,0x99,0x99,0x99,0x55,0x99,0x95,0x99,0x99,0x99,0x59,0x55,0x55,0x55,0x99,0x99,0x99,0x99,0x99,0x99,0x59,0x55,0x95,0x55,0x55,0x55,0x55,0x55,
0x95,0x99,0x99,0x99,0x99,0x59,0x55,0x55,0x95,0x9a,0x55,0x55,0x55,0x55,0x55,0x55,0x95,0x99,0x99,0x99,0x99,0x99,0x99,0x99,0x99,0x99,0x99,0x99,0x99,0x99,0x99,0x99,
0x69,0x69,0x59,0x55,0x55,0x99,0x59,0x55,0x55,0x55,0x55,0x55,0x95,0x99,0x99,0x99,0x99,0x99,0x59,0x48,0x58,0x55,0x55,0x55,0x55,0x55,0x55,0x55,0x95,0x99,0x55,0x84,
0x55,0x85,0x95,0xaa,0x55,0x55,0x55,0x55,0x55,0x55,0x95,0x99,0x99,0x99,0x99,0x99,0x99,0x99,0x99,0x99,0x99,0x99,0x99,0x99,0x99,0x99,0x99,0x99,0x99,0x59,0x55,0x55,
0x55,0x55,0x55,0x55,0x55,0x55,0x55,0x95,0x99,0x99,0x99,0x99,0x99,0x59,0x48,0x85,0x58,0x85,0x58,0x55,0x85,0x88,0x58,0x55,0x45,0x81,0x55,0x59,0x99,0xaa,0x49,0x55,
0x85,0x55,0x55,0x55,0x55,0x55,0x55,0x55,0x95,0x99,0x99,0x99,0x99,0x99,0x99,0x99,0x99,0x99,0x99,0x99,0x99,0x99,0x99,0x99,0x59,0x55,0x85,0x55,0x55,0x55,0x55,0x55,
0x55,0x55,0x55,0x55,0x99,0x99,0x99,0x99,0x59,0x44,0x44,0x44,0x84,0x88,0x48,0x24,0x54,0x55,0x88,0x58,0x55,0x28,0xaa,0x9a,0x45,0x44,0x44,0x44,0x55,0x54,0x55,0x55,
0x55,0x88,0x58,0x55,0x55,0x95,0x99,0x59,0x95,0x99,0x99,0x99,0x99,0x99,0x99,0x99,0x99,0x99,0x99,0x55,0x88,0x48,0x55,0x55,0x55,0x55,0x44,0x84,0x48,0x54,0x99,0x99,
0x99,0x99,0x55,0x45,0x22,0x44,0x44,0x44,0x44,0x24,0x54,0x55,0x88,0x55,0x45,0x22,0x9a,0x95,0x44,0x44,0x44,0x44,0x44,0x44,0x44,0x54,0x55,0x48,0x84,0x44,0x84,0x55,
0x99,0x99,0x99,0x59,0x95,0x99,0x99,0x99,0x99,0x99,0x99,0x99,0x99,0x59,0x98,0x45,0x44,0x55,0x55,0x44,0x44,0x44,0x44,0x54,0x85,0x55,0x55,0x55,0x95,0x59,0x44,0x22,
0x22,0x22,0x22,0x44,0x44,0x48,0x84,0x88,0x24,0x11,0x95,0x45,0x44,0x44,0x44,0x44,0x44,0x44,0x44,0x84,0x55,0x55,0x85,0x45,0x44,0x54,0x55,0x99,0x99,0x99,0x59,0x55,
0x55,0x95,0x99,0x99,0x99,0x99,0x99,0x99,0x99,0x59,0x44,0x44,0x44,0x44,0x44,0x44,0x44,0x44,0x44,0x88,0x55,0x55,0x55,0x55,0x44,0x12,0x11,0x11,0x11,0x21,0x44,0x14,
0x44,0x44,0x12,0x11,0x45,0x44,0x44,0x54,0x49,0x44,0x44,0x44,0x44,0x44,0x54,0x45,0x54,0x55,0x55,0x44,0x55,0x55,0x95,0x59,0x95,0x99,0x55,0x99,0x99,0x99,0x99,0x99,
0x99,0x99,0x99,0x99,0x49,0x44,0x55,0x25,0x42,0x44,0x44,0x24,0x44,0x44,0x55,0x44,0x84,0x88,0x44,0x44,0x11,0x01,0x10,0x11,0x22,0x11,0x22,0x22,0x11,0x11,0x45,0x45,
0x54,0xa9,0xaa,0x49,0x44,0x44,0x44,0x44,0x44,0x44,0x44,0x54,0x55,0x44,0x44,0x44,0x95,0x99,0x99,0x99,0x55,0x55,0x55,0x99,0x55,0x99,0x55,0x55,0x59,0x59,0x59,0x55,
0x55,0x25,0x11,0x42,0x24,0x12,0x42,0x44,0x44,0x24,0x42,0x44,0x44,0x44,0x44,0x11,0x00,0x11,0x21,0x11,0x21,0x11,0x01,0x10,0x59,0x44,0x69,0xaa,0xaa,0x99,0x44,0x44,
0x44,0x44,0x44,0x44,0x44,0x54,0x24,0x42,0x95,0x99,0x99,0x59,0x55,0x59,0x55,0x55,0x55,0x55,0x55,0x55,0x55,0x55,0x55,0x55,0x55,0x55,0x55,0x55,0x24,0x22,0x11,0x11,
0x21,0x44,0x44,0x11,0x41,0x44,0x44,0x24,0x44,0x12,0x01,0x10,0x11,0x00,0x11,0x11,0x00,0x01,0x66,0x99,0x66,0xaa,0xaa,0x99,0x25,0x22,0x42,0x44,0x22,0x22,0x44,0x55,
0x55,0x54,0x95,0x99,0x55,0x55,0x55,0x55,0x55,0x55,0x55,0x55,0x55,0x55,0x55,0x55,0x55,0x55,0x55,0x55,0x55,0x55,0x45,0x54,0x44,0x11,0x11,0x11,0x11,0x11,0x21,0x22,
0x12,0x11,0x22,0x11,0x01,0x00,0x10,0x00,0x10,0x01,0x00,0x00,0x69,0x66,0x66,0xa6,0x96,0x99,0x25,0x22,0x22,0x22,0x22,0x42,0x55,0x95,0x59,0x55,0x55,0x95,0x55,0x55,
0x55,0x55,0x55,0x55,0x55,0x55,0x55,0x55,0x55,0x55,0x55,0x55,0x55,0x55,0x55,0x55,0x55,0x55,0x55,0x44,0x24,0x11,0x11,0x11,0x11,0x11,0x11,0x11,0x11,0x01,0x11,0x00,
0x00,0x00,0x00,0x81,0x08,0x00,0x55,0x66,0x99,0x66,0x99,0x95,0x45,0x94,0x49,0x11,0x42,0x54,0x55,0x55,0x99,0x55,0x55,0x55,0x55,0x55,0x55,0x55,0x85,0x44,0x42,0x55,
0x55,0x55,0x55,0x55,0x55,0x45,0x55,0x55,0x44,0x54,0x55,0x55,0x25,0x42,0x44,0x24,0x22,0x42,0x14,0x11,0x11,0x11,0x11,0x11,0x28,0x01,0x00,0x00,0x00,0x82,0x48,0x10,
0x55,0x55,0x55,0x55,0x59,0x55,0x59,0x59,0x55,0x24,0x42,0x54,0x55,0x55,0x55,0x55,0x55,0x55,0x55,0x55,0x55,0x55,0x85,0x22,0x11,0x45,0x55,0x55,0x55,0x55,0x55,0x45,
0x54,0x44,0x44,0x44,0x54,0x45,0x12,0x21,0x44,0x44,0x44,0x44,0x44,0x42,0x22,0x22,0x11,0x80,0x29,0x02,0x00,0x00,0x00,0x88,0x88,0x29,0x55,0x55,0x55,0x55,0x55,0x55,
0x55,0x55,0x55,0x45,0x44,0x54,0x55,0x55,0x55,0x55,0x55,0x55,0x55,0x55,0x55,0x55,0x45,0x11,0x21,0x54,0x55,0x55,0x45,0x44,0x44,0x44,0x44,0x12,0x41,0x44,0x44,0x14,
0x21,0x44,0x44,0x44,0x44,0x44,0x44,0x24,0x22,0x11,0x00,0xb1,0x49,0x01,0x01,0x40,0x12,0x98,0x88,0x9b,0x55,0x55,0x44,0x58,0x45,0x55,0x55,0x55,0x55,0x55,0x44,0x54,
0x55,0x55,0x55,0x55,0x55,0x55,0x48,0x22,0x44,0x44,0x12,0x11,0x11,0x21,0x55,0x44,0x44,0x44,0x44,0x44,0x54,0x44,0x11,0x21,0x44,0x12,0x11,0x22,0x22,0x22,0x22,0x11,
0x22,0x11,0x11,0x00,0x00,0x94,0x49,0x41,0x01,0x81,0x18,0xb8,0x58,0x9b,0x44,0x55,0x44,0x54,0x45,0x44,0x44,0x44,0x55,0x55,0x55,0x48,0x44,0x44,0x54,0x55,0x55,0x55,
0x85,0x11,0x11,0x11,0x11,0x11,0x11,0x11,0x11,0x11,0x54,0x55,0x55,0x44,0x55,0x24,0x22,0x22,0x22,0x12,0x11,0x11,0x11,0x11,0x11,0x11,0x11,0x11,0x01,0x00,0x10,0xbb,
0x4b,0x88,0x08,0x92,0x18,0xb8,0x59,0x99,0x44,0x44,0x12,0x42,0x44,0x44,0x44,0x44,0x44,0x44,0x44,0x48,0x55,0x85,0x44,0x55,0x55,0x55,0x45,0x44,0x11,0x11,0x11,0x11,
0x11,0x11,0x11,0x11,0x41,0x44,0x24,0x21,0x44,0x22,0x22,0x22,0x22,0x12,0x11,0x11,0x11,0x11,0x11,0x11,0x11,0x11,0x00,0x00,0x50,0xbb,0x8b,0x9b,0x02,0x94,0x49,0xb8,
0x9b,0xbb,0x25,0x21,0x11,0x21,0x42,0x84,0x54,0x95,0x25,0x22,0x11,0x21,0x54,0x55,0x45,0x54,0x55,0x55,0x55,0x45,0x24,0x11,0x11,0x11,0x11,0x11,0x11,0x11,0x11,0x11,
0x11,0x21,0x22,0x22,0x22,0x22,0x22,0x11,0x11,0x11,0x11,0x11,0x10,0x11,0x11,0x01,0x00,0x00,0x91,0xbb,0x99,0x8b,0x11,0x98,0x8b,0xb8,0x9d,0xba,0x55,0x55,0x45,0x11,
0x11,0x54,0x55,0x55,0x55,0x14,0x11,0x11,0x21,0x24,0x42,0x44,0x44,0x44,0x44,0x44,0x45,0x44,0x11,0x11,0x11,0x11,0x11,0x11,0x11,0x11,0x21,0x22,0x22,0x22,0x11,0x11,
0x11,0x11,0x11,0x11,0x01,0x11,0x10,0x11,0x11,0x00,0x00,0x10,0xbb,0xbb,0xb9,0x8b,0x10,0x98,0x8b,0x98,0xbb,0xd9,0x45,0x55,0x24,0x11,0x11,0x11,0x41,0x44,0x44,0x24,
0x12,0x12,0x11,0x11,0x11,0x44,0x44,0x44,0x44,0x44,0x44,0x44,0x44,0x44,0x12,0x11,0x11,0x11,0x11,0x11,0x11,0x11,0x22,0x12,0x11,0x11,0x11,0x11,0x11,0x00,0x11,0x01,
0x11,0x11,0x11,0x00,0x00,0x40,0xcc,0x8b,0xbb,0x19,0x10,0x98,0x9b,0x99,0xb8,0xbb,0x12,0x11,0x11,0x11,0x11,0x11,0x11,0x22,0x44,0x44,0x44,0x44,0x11,0x11,0x11,0x41,
0x44,0x11,0x44,0x22,0x41,0x44,0x44,0x44,0x44,0x12,0x11,0x11,0x11,0x11,0x11,0x11,0x11,0x11,0x11,0x11,0x11,0x21,0x12,0x11,0x22,0x11,0x11,0x11,0x11,0x11,0x11,0xa1,
0xda,0xbd,0xbb,0x24,0x11,0x98,0xbb,0xab,0x89,0x9b,0x11,0x21,0x22,0x22,0x12,0x11,0x11,0x11,0x11,0x21,0x22,0x44,0x24,0x12,0x11,0x11,0x11,0x11,0x11,0x11,0x22,0x12,
0x11,0x11,0x11,0x11,0x11,0x11,0x11,0x11,0x00,0x00,0x00,0x21,0x22,0x22,0x22,0x22,0x22,0x22,0x22,0x12,0x11,0x11,0x11,0x11,0x11,0xa4,0xdd,0xbd,0x9b,0xb1,0x18,0xb8,
0xbb,0xab,0x5b,0xb9,0x11,0x22,0x22,0x22,0x22,0x11,0x11,0x11,0x11,0x11,0x11,0x11,0x11,0x11,0x11,0x11,0x11,0x11,0x11,0x11,0x11,0x11,0x11,0x11,0x11,0x11,0x11,0x01,
0x00,0x00,0x00,0x11,0x11,0x22,0x22,0x22,0x22,0x22,0x22,0x22,0x22,0x12,0x11,0x11,0x11,0x11,0x11,0xaa,0xdc,0xbb,0x2b,0xbb,0x18,0xb9,0xbb,0xab,0xba,0x89,0x11,0x22,
0x22,0x22,0x12,0x11,0x11,0x11,0x11,0x11,0x11,0x11,0x11,0x11,0x11,0x11,0x11,0x11,0x11,0x11,0x11,0x11,0x11,0x11,0x01,0x00,0x00,0x00,0x00,0x10,0x12,0x22,0x22,0x22,
0x22,0x11,0x22,0x22,0x12,0x11,0x11,0x11,0x00,0x00,0x10,0x4c,0x50,0xaa,0xdd,0xbb,0x28,0xbb,0x18,0xb9,0xcb,0xbb,0xb9,0x8b,0x11,0x21,0x22,0x22,0x11,0x11,0x11,0x11,
0x11,0xe4,0x1b,0x11,0x11,0x11,0x11,0x11,0x11,0x11,0x11,0x11,0x11,0x11,0x11,0x00,0x00,0x00,0x00,0x10,0x11,0x21,0x22,0x22,0x22,0x22,0x11,0x00,0x11,0x21,0x11,0x10,
0x00,0x00,0x00,0x00,0x90,0x9c,0xa5,0xda,0xdd,0x9b,0x92,0xbb,0x04,0x98,0xbb,0xbb,0xaa,0x9c,0x11,0x11,0x11,0x11,0x11,0x11,0x11,0x11,0x51,0xee,0x59,0x11,0x11,0x11,
0x01,0x10,0x11,0x11,0x11,0x11,0x11,0x11,0x11,0x01,0x00,0x00,0x00,0x00,0x10,0x11,0x11,0x11,0x11,0x11,0x00,0x00,0x00,0x00,0x00,0x00,0x10,0x11,0x01,0x11,0xc5,0xac,
0xaa,0xcc,0xbc,0x49,0xb9,0xbb,0x89,0x92,0xbb,0xbb,0xaa,0x5a,0x10,0x11,0x11,0x11,0x01,0x10,0x11,0x11,0xe1,0xbe,0x99,0x11,0x01,0x00,0x00,0x00,0x11,0x11,0x11,0x11,
0x11,0x11,0x11,0x11,0x11,0x01,0x11,0x00,0x00,0x00,0x00,0x00,0x00,0x00,0x00,0x00,0x11,0x11,0x11,0x11,0x11,0x11,0x11,0x11,0xcc,0xdd,0xcc,0xcc,0xbb,0x92,0xbb,0xbb,
0x5b,0x51,0xbb,0xbb,0xaa,0x9a,0x00,0x10,0x00,0x10,0x00,0x00,0x11,0x01,0xe9,0x9e,0x99,0x00,0x00,0x00,0x00,0x00,0x00,0x10,0x11,0x11,0x11,0x11,0x11,0x11,0x11,0x11,
0x11,0x11,0x00,0x00,0x00,0x00,0x00,0x00,0x10,0x11,0x11,0x11,0x11,0x11,0x11,0x00,0x00,0x60,0xcc,0xac,0xcc,0xcc,0x29,0xc9,0xbb,0xbb,0x8b,0x81,0xb9,0xbb,0xaa,0xa9,
0x00,0x00,0x00,0x11,0x01,0x00,0x00,0x10,0xed,0x9e,0x99,0x19,0x11,0x11,0x01,0x00,0x00,0x00,0x10,0x11,0x11,0x11,0x01,0x11,0x11,0x11,0x11,0x11,0x00,0x00,0x00,0x00,
0x11,0x11,0x11,0x11,0x11,0x41,0x9c,0x12,0x00,0x00,0x00,0xa5,0xcc,0xca,0xcc,0xcb,0x4d,0xcc,0xbb,0xbb,0x49,0x10,0x98,0xbb,0xba,0x39,0x11,0x01,0x00,0x00,0x00,0x00,
0x00,0x20,0xee,0xee,0x99,0x1b,0x11,0x11,0x11,0x01,0x00,0x00,0x00,0x00,0x01,0x11,0x11,0x11,0x11,0x11,0x11,0x11,0x11,0x11,0x01,0x11,0x11,0x11,0x11,0x11,0x10,0xc5,
0x9c,0x14,0x00,0x00,0x52,0xca,0xcc,0xcc,0x9c,0xd8,0xcd,0xaa,0xbb,0x9b,0x88,0x05,0x82,0xb9,0xcc,0xaa,0x22,0x11,0x00,0x00,0x00,0x00,0x10,0x9c,0xdd,0xdc,0x99,0x1b,
0x11,0x11,0x11,0x11,0x11,0x01,0x00,0x00,0x00,0x00,0x10,0x11,0x11,0x00,0x00,0x00,0x00,0x00,0x00,0x00,0x11,0x00,0x00,0x00,0xa1,0xcc,0x5c,0x59,0x02,0x51,0xcc,0xcc,
0xcc,0xac,0x18,0xdc,0xcd,0xca,0xaa,0x89,0xb8,0x09,0x20,0x98,0xcd,0xac,0x11,0x00,0x00,0x01,0x00,0x00,0xc0,0xed,0xdd,0x9a,0x9a,0x0b,0x10,0x11,0x11,0x11,0x11,0x01,
0x01,0x00,0x00,0x00,0x00,0x00,0x00,0x00,0x00,0x00,0x00,0x00,0x00,0x00,0x00,0x00,0x00,0x00,0xc6,0xcc,0x59,0x59,0x55,0xc6,0xcc,0xdc,0xcc,0x4b,0x58,0xcc,0xcd,0xac,
0xaa,0x85,0xbb,0x09,0x14,0x52,0xdd,0xac,0x00,0x00,0x50,0x4a,0x00,0x00,0xd0,0xed,0xdd,0x9c,0x99,0x59,0x00,0x01,0x00,0x11,0x11,0x11,0x11,0x11,0x00,0x00,0x00,0x00,
0x00,0x00,0x00,0x00,0x00,0x00,0x00,0x00,0x00,0x00,0x00,0x51,0xca,0xac,0x55,0xaa,0xa9,0xaa,0xdd,0xdd,0x8c,0x52,0xcc,0xdc,0xdd,0xac,0x9a,0xa8,0xaa,0x19,0x88,0x41,
0xdd,0xab,0x00,0x00,0xd4,0x59,0x00,0x00,0xd0,0xdd,0xed,0x6e,0xc3,0xd6,0x01,0x00,0x00,0x00,0x00,0x00,0x00,0x00,0x00,0x00,0x00,0x00,0x00,0x00,0x00,0x00,0x00,0x00,
0x00,0x00,0x00,0x00,0x10,0xc9,0xcc,0x6c,0x55,0xaa,0xca,0xaa,0xcb,0xbc,0x28,0xcb,0xcd,0xdd,0xdd,0xcc,0x9a,0xa9,0xaa,0x19,0x98,0x51,0xdd,0x99,0x00,0x20,0xdc,0x99,
0x00,0x51,0xd5,0xdd,0xde,0xaa,0xb9,0xba,0x00,0x00,0x00,0x00,0x00,0x00,0x00,0x00,0x00,0x00,0x00,0x00,0x00,0x00,0x00,0x00,0x00,0x00,0x00,0x00,0x00,0x00,0x20,0xcc,
0xcc,0x6c,0x99,0xaa,0xaa,0xaa,0xba,0x88,0xc9,0xcc,0xdc,0xdc,0xcc,0xaa,0x49,0xaa,0xaa,0x18,0x98,0xc4,0xdc,0xad,0x00,0x60,0xcd,0x99,0x05,0xdc,0xdd,0xdd,0xdd,0xaa,
0x99,0xac,0x00,0x00,0x00,0x00,0x00,0x00,0x00,0x00,0x00,0x00,0x00,0x00,0x00,0x00,0x00,0x00,0x00,0x00,0x00,0x00,0x40,0x19,0xa0,0xcc,0xcc,0xaa,0xa9,0xaa,0xaa,0xaa,
0x19,0x92,0xcc,0xcc,0xcc,0xac,0x67,0x99,0x18,0x99,0x9a,0x08,0x42,0xcb,0xcc,0xdd,0x00,0xd3,0x9d,0xaa,0x0a,0xdd,0xdd,0xed,0xdd,0x6d,0x36,0x9c,0x00,0x00,0x00,0x00,
0x00,0x00,0x00,0x00,0x00,0x00,0x55,0x02,0x00,0x00,0x00,0x00,0x00,0x00,0x00,0x00,0xa0,0x9a,0xaa,0xaa,0xaa,0xaa,0xaa,0xaa,0xaa,0x8b,0x52,0x9b,0xca,0xcc,0xcc,0x7a,
0xac,0x9a,0x84,0x99,0x89,0x04,0xb1,0xcc,0xcc,0xcd,0x40,0xdc,0xad,0xdd,0xdd,0xdd,0xdd,0xdd,0xde,0xac,0x36,0x6a,0x0b,0x00,0x00,0x00,0x00,0x00,0x00,0x00,0x00,0x52,
0x55,0x22,0x02,0x00,0x00,0x00,0x00,0x00,0x00,0x11,0xa3,0xca,0xaa,0xaa,0xaa,0xaa,0xaa,0x6a,0xba,0x84,0xaa,0xaa,0xaa,0xcc,0xac,0xa7,0x9a,0x59,0x84,0x89,0x48,0x01,
0xc2,0xac,0xca,0xcc,0xc5,0xdc,0xcd,0xde,0xdd,0xdd,0xee,0xde,0xde,0xa6,0x3a,0xca,0x1a,0x00,0x00,0x52,0x00,0x00,0x00,0x00,0x44,0x54,0x55,0x22,0x22,0x24,0x00,0x00,
0x00,0x00,0x20,0x6a,0xa9,0xaa,0xaa,0x66,0xaa,0xca,0xaa,0x99,0x18,0xa5,0xaa,0xaa,0xaa,0xcc,0x67,0x36,0x95,0x59,0x42,0x48,0x14,0x00,0xc5,0xac,0xa7,0xcc,0xc7,0xdd,
0xdc,0xdd,0xdd,0xdd,0xed,0xed,0xce,0xaa,0xdc,0xd6,0xba,0x00,0x00,0xae,0x00,0x00,0x20,0x52,0x45,0x55,0x55,0x24,0x22,0x22,0x22,0x02,0x00,0x33,0x65,0x66,0x6a,0x6a,
0x66,0x66,0xaa,0xaa,0x96,0x28,0x40,0xaa,0xaa,0xaa,0xaa,0xcc,0x67,0x35,0x94,0x59,0x22,0x42,0x01,0x50,0xca,0xa7,0x77,0xaa,0xdc,0xcd,0xdc,0xcd,0xdd,0xdd,0xbd,0xb2,
0xdd,0xaa,0xaa,0xad,0xac,0x12,0x70,0x6d,0x06,0x52,0x55,0x55,0x55,0x55,0x45,0x44,0x22,0x22,0x22,0x54,0x63,0x66,0xa6,0x66,0xaa,0x66,0x96,0xa9,0xaa,0x66,0x88,0x95,
0x82,0xaa,0x9a,0x66,0xaa,0xac,0x66,0x43,0x94,0x55,0x11,0x01,0x40,0x99,0xcc,0xaa,0xa7,0xaa,0xcc,0xcc,0xc8,0xac,0xdd,0xdd,0x8d,0x94,0xdd,0xac,0xaa,0xca,0xac,0x4a,
0xda,0xae,0x56,0x55,0x55,0x55,0x55,0x55,0x55,0x44,0x24,0x22,0x35,0x66,0x66,0x66,0xa6,0x66,0xa6,0x6a,0x95,0x6a,0x96,0x85,0xa8,0x86,0x51,0x96,0x69,0xa6,0x6a,0x6a,
0x55,0x45,0x94,0x55,0x01,0x20,0x69,0xaa,0xcc,0xaa,0xaa,0x9c,0xcc,0xcc,0xcc,0xdc,0xdd,0xdd,0xdb,0x8d,0xdd,0xcd,0xcc,0xaa,0xad,0xac,0xde,0xae,0x6a,0x44,0x44,0x44,
0x44,0x44,0x44,0x44,0x44,0x35,0x66,0x66,0x66,0x96,0x66,0x96,0x59,0x44,0xa9,0x96,0x59,0x44,0x6a,0x15,0x51,0x99,0x6a,0x66,0x56,0x5a,0x45,0x14,0x54,0x28,0x10,0xa5,
0xaa,0xaa,0xa6,0xaa,0x99,0xaa,0xcd,0xcc,0xdc,0xdd,0xdd,0xcd,0xdc,0x4d,0xcb,0xcd,0xcc,0xcc,0xcc,0xc7,0xdd,0xdd,0x67,0x45,0x44,0x44,0x44,0x54,0x45,0x35,0x66,0x33,
0x33,0x63,0x56,0x55,0x65,0x55,0x24,0xa8,0x66,0x59,0x45,0x52,0x49,0x41,0x99,0x69,0x76,0x36,0x55,0x46,0x44,0x48,0x12,0x00,0x98,0xaa,0xac,0xa6,0x66,0xa9,0x9c,0x95,
0xca,0xcc,0xdd,0xcc,0xcc,0xcb,0xdd,0x8d,0xc9,0xdc,0xcc,0xdd,0xd7,0xcc,0xdd,0xdd,0x6c,0x53,0x55,0x35,0x33,0x33,0x33,0x33,0x33,0x55,0x53,0x65,0x55,0x55,0x55,0x24,
0x54,0x33,0x96,0x55,0x24,0x52,0x14,0x54,0x33,0x55,0x69,0x53,0x54,0x45,0x24,0x24,0x00,0x41,0xa9,0x9a,0x9c,0x56,0x96,0x76,0xaa,0x25,0x66,0xdc,0xcc,0xcc,0xcc,0xca,
0xdc,0x9c,0xd8,0xdc,0xcc,0xce,0x77,0x7d,0xcc,0xdd,0xac,0x67,0x33,0x33,0x33,0xca,0x33,0x53,0x55,0x55,0x55,0x55,0x55,0x44,0x48,0x54,0x35,0xc3,0x9d,0x45,0x12,0x11,
0x40,0x55,0x33,0x45,0x55,0x45,0x54,0x25,0x11,0x00,0x10,0x51,0xaa,0x95,0x99,0x54,0x56,0x76,0x66,0x56,0x66,0xca,0x77,0x77,0x9c,0xcc,0xcc,0xac,0x92,0xdc,0xdd,0xca,
0x77,0x7c,0x77,0xdd,0xcc,0xcc,0x5c,0x45,0x94,0xcd,0x56,0x55,0x55,0x55,0x55,0x44,0x24,0xb2,0x59,0x33,0x53,0xc5,0x9c,0x14,0x01,0x00,0x41,0x55,0xc3,0xac,0x25,0x88,
0x22,0x01,0x00,0x00,0x12,0x94,0x99,0x54,0x55,0x64,0x85,0x66,0x66,0x59,0x6c,0xa6,0xcc,0xc7,0xc7,0xcc,0xac,0x6a,0x84,0xcc,0xcc,0x9a,0x7c,0xcc,0x77,0xcc,0x7c,0x7d,
0xcc,0x5a,0xd4,0xdd,0x45,0x55,0x55,0x45,0x24,0x11,0xcc,0xca,0x66,0x5a,0x25,0x22,0x11,0x00,0x00,0x20,0xa9,0x46,0xca,0xdd,0x9d,0xac,0x01,0x55,0x02,0x10,0x11,0x58,
0x25,0x48,0x45,0x94,0x52,0x69,0x99,0x25,0xaa,0x36,0x3a,0x56,0x73,0xcc,0xac,0x99,0x19,0xc9,0xbc,0x5a,0xc5,0xc7,0x7c,0xcc,0xc7,0xcc,0xdc,0xdc,0xed,0xdd,0xbc,0x4b,
0x11,0x11,0x11,0x91,0xaa,0x9a,0x45,0x22,0x00,0xa0,0x59,0xa9,0xaa,0xaa,0xaa,0xcc,0xdc,0xcd,0xaa,0xcc,0xaa,0xa7,0x4a,0x00,0x00,0x21,0x12,0x42,0x24,0x45,0x42,0x55,
0x55,0x12,0xda,0x6c,0x9a,0x55,0xe6,0x7d,0x96,0x95,0x19,0xb8,0xaa,0xa6,0x88,0x69,0xcc,0xcc,0xcc,0xcc,0xcb,0xcd,0xdc,0xdd,0xdd,0xac,0x12,0x52,0xdd,0x22,0x44,0x02,
0x10,0x21,0x55,0xa9,0x7a,0xca,0xa7,0x77,0xcc,0xac,0xc7,0xaa,0xca,0xac,0x77,0xaa,0x56,0x55,0x25,0x00,0x00,0x11,0x22,0x24,0x22,0x55,0x24,0x11,0xee,0x6e,0xa3,0xae,
0xee,0xbe,0x24,0x22,0x15,0x81,0xa9,0xaa,0x46,0x94,0xa6,0xcc,0xcc,0xcc,0xb9,0xdb,0xcc,0xdc,0xcc,0xcd,0x55,0xc5,0xde,0x99,0x55,0x55,0x95,0x59,0x55,0x69,0x96,0xa6,
0x66,0x66,0xaa,0xaa,0x6c,0xaa,0xaa,0xaa,0x66,0x69,0x99,0x59,0x59,0x85,0x11,0x00,0x00,0x11,0x12,0x21,0x11,0xa8,0xf7,0x3c,0xe6,0xee,0xee,0xde,0x5e,0x18,0x12,0x10,
0xd9,0xce,0x5c,0x49,0xbb,0xaa,0xcc,0xac,0xba,0xdb,0xcd,0xcd,0xac,0x7a,0x67,0x76,0xea,0xdd,0xcd,0x96,0x49,0x54,0x45,0x44,0x54,0x59,0x55,0x55,0x55,0x55,0x59,0x55,
0x55,0x55,0x55,0x55,0x55,0x55,0x55,0x48,0x24,0x01,0x00,0x40,0x48,0x21,0x44,0xc9,0xd6,0x6d,0xda,0xdd,0xde,0xed,0xee,0xde,0x9d,0xb9,0xee,0xde,0xed,0xbc,0x84,0x84,
0xcb,0xcc,0xca,0xdd,0xdd,0xdc,0xcc,0x7a,0x77,0x77,0xc7,0xdd,0xdd,0xdd,0x89,0xe1,0x2d,0x11,0x11,0x42,0x22,0x44,0x44,0x44,0x24,0x95,0x55,0x55,0x44,0x44,0x44,0x44,
0x22,0x11,0x10,0x52,0x95,0xee,0xde,0xed,0x6a,0xa6,0xd6,0xef,0xad,0xdd,0xdd,0xdc,0xde,0xed,0xee,0xef,0xef,0xee,0xde,0xce,0x12,0x12,0xa8,0xcc,0xdd,0xcc,0xac,0xca,
0xcc,0xcc,0xcc,0x67,0x77,0x77,0xc7,0xcc,0xcc,0xdc,0xcd,0xdd,0xdd,0xee,0x25,0x11,0x11,0x11,0x41,0x45,0x44,0x54,0x24,0x22,0x11,0x00,0x12,0xb1,0x99,0x99,0xde,0xcd,
0xdd,0xdc,0xbf,0xa6,0xee,0xae,0xae,0xcc,0xdc,0xdc,0xdc,0xdd,0xed,0xde,0xed,0xee,0xde,0xdd,0xed,0xee,0xcd,0x28,0x11,0x11,0x11,0x12,0x11,0x21,0x22,0x22,0x92,0x48,
0x44,0x44,0x44,0x84,0x55,0xb9,0xaa,0x99,0xaa,0xba,0x59,0x58,0x11,0x11,0x11,0x11,0x11,0xd9,0x9d,0x99,0xaa,0xaa,0xaa,0xea,0xcc,0xdc,0xcd,0xca,0xdc,0xae,0xee,0xae,
0xff,0xcc,0xdc,0xcc,0xcc,0xcd,0xdd,0xcd,0xcc,0xdc,0xee,0xee,0xed,0xee,0xee,0xde,0x9b,0x49,0x82,0xbd,0x88,0x98,0xbb,0x99,0xb9,0x6b,0x66,0x66,0xaa,0xbb,0x59,0x95,
0x5b,0x84,0x6c,0x59,0x58,0x95,0x59,0x22,0x00,0x50,0x99,0xdc,0xdd,0xac,0x9a,0x69,0x66,0xeb,0xee,0xcc,0xcc,0xcc,0xfc,0xff,0xfe,0xfe,0xfe,0xff,0xcd,0xec,0xee,0xce,
0xcc,0x77,0x7c,0xcc,0xcc,0xdc,0xdd,0xdd,0xdd,0xee,0xee,0xdd,0xdd,0xee,0xba,0xbd,0xdd,0xbd,0xdb,0xee,0x6a,0x99,0x59,0x99,0x49,0x84,0x88,0xb8,0xaa,0x29,0x21,0x22,
0x12,0x24,0x22,0xa5,0xaa,0xca,0xcc,0x9a,0xac,0x95,0xa9,0xee,0xfe,0xff,0xde,0xdc,0xff,0xff,0xff,0xef,0xad,0xef,0xdc,0xfe,0xce,0xec,0xee,0xbb,0x88,0xde,0xdd,0xcd,
0xdb,0xdd,0xcb,0xbb,0xab,0xa9,0xdb,0xdd,0xdd,0xdd,0xdd,0xbb,0xbb,0xbc,0x9b,0x55,0x48,0x54,0x99,0x88,0x44,0x42,0x55,0x45,0x01,0x00,0x10,0x54,0x55,0xa9,0xaa,0xaa,
0xaa,0x99,0x59,0x55,0xb5,0xee,0xfe,0xff,0xde,0xed,0xff,0xff,0xeb,0xaa,0xdd,0xaa,0xa6,0xfd,0xdf,0xdf,0x37,0x77,0x56,0xbb,0x48,0x45,0x58,0x95,0x66,0x7a,0x33,0x53,
0x55,0x85,0x55,0xb9,0x5b,0x55,0x59,0x99,0x59,0x55,0x85,0x22,0x88,0x48,0x14,0x11,0x22,0x11,0x00,0x41,0x48,0x85,0x54,0x95,0x99,0x55,0xa9,0x54,0x89,0x44,0xe8,0xee,
0xee,0xff,0xde,0xfe,0xef,0xff,0xc6,0xad,0xda,0xad,0x77,0xd7,0xff,0xef,0x7c,0x77,0x77,0x77,0x77,0x77,0x77,0xcc,0x77,0x7c,0x77,0x77,0x77,0xcc,0x97,0xee,0xee,0x8e,
0x22,0x21,0x21,0x22,0x42,0x12,0x11,0x11,0x11,0x00,0x01,0x00,0x20,0x11,0x11,0x42,0x48,0x44,0x48,0x44,0x44,0x42,0x44,0x22,0xe9,0xee,0xee,0xfe,0xef,0xff,0xef,0x8f,
0xca,0xff,0xed,0xce,0x66,0xff,0xfe,0xff,0xef,0x7c,0x77,0x77,0x77,0x77,0xc7,0xdc,0xfe,0xce,0xcc,0x7c,0xe7,0xde,0xcc,0xcc,0xcc,0x5d,0x44,0x99,0x19,0x00,0x10,0x11,
0x00,0x10,0x99,0x15,0x11,0x11,0x11,0x00,0x11,0x11,0x11,0x21,0x12,0x11,0x82,0x88,0x44,0x94,0xee,0xee,0xee,0xff,0xff,0xff,0xff,0x18,0xdc,0xfe,0xff,0xeb,0xde,0xff,
0xff,0xcf,0xcc,0x77,0x77,0x77,0x67,0x76,0x77,0xee,0xcd,0xcc,0xcc,0x77,0x73,0x77,0x77,0x77,0xc7,0x7c,0xcc,0x7c,0xc7,0x5c,0x12,0x01,0x00,0xe4,0xde,0x9a,0x48,0x11,
0x11,0x01,0x11,0x11,0x11,0x11,0x11,0x10,0xee,0xcd,0x4b,0xe2,0xee,0xef,0xee,0xff,0xff,0xff,0x88,0xb4,0xee,0xee,0xbf,0xfe,0xcf,0xcc,0xff,0xce,0x77,0x77,0xc7,0xde,
0x37,0x33,0xe6,0xff,0xef,0x77,0xc7,0x7c,0x67,0x66,0x77,0xc7,0x7c,0x77,0x77,0x67,0x77,0x77,0xa6,0x99,0x95,0xee,0xde,0xaa,0x9d,0x18,0x11,0x00,0x00,0x00,0x01,0x84,
0x18,0x50,0xdc,0xdc,0xbf,0xe8,0xfe,0xef,0xfe,0xff,0xff,0x81,0x98,0xbb,0xee,0xee,0x88,0xbf,0xef,0x7c,0xec,0xcf,0xde,0xcc,0xfe,0xef,0xde,0x37,0xfe,0xff,0xff,0xef,
0xed,0xee,0xce,0x73,0xa7,0x66,0x96,0x59,0x55,0x55,0x33,0x76,0x77,0xdd,0xcd,0xde,0xee,0xbe,0xed,0xbe,0xeb,0x00,0x00,0x20,0x24,0xea,0xbe,0xc4,0xcc,0xfe,0xff,0xee,
0xff,0xee,0xff,0xff,0xbf,0xb9,0xbe,0xed,0xef,0xbe,0x88,0xfb,0xff,0xbe,0xaa,0xec,0xef,0xee,0xfe,0xee,0xde,0xbf,0xff,0xff,0xff,0xff,0xff,0xee,0xbe,0x44,0x82,0x84,
0xbb,0x18,0xe8,0x7e,0x58,0x55,0xd9,0xee,0x9b,0xa9,0xbb,0x48,0x88,0x18,0x42,0x88,0xbb,0xca,0xcc,0xcc,0xec,0xcd,0xed,0xff,0xff,0xff,0xff,0xff,0xff,0xff,0xdf,0xed,
0xef,0xff,0xee,0xfb,0x2f,0xb8,0xfb,0xee,0xee,0xee,0xef,0xee,0xfe,0xeb,0xbb,0xff,0xff,0xff,0xff,0xef,0xdc,0xde,0x9c,0x11,0x12,0xf8,0xdf,0xbe,0xff,0x7f,0xa6,0x18,
0x21,0x22,0x12,0x21,0x82,0x02,0x88,0x58,0xd9,0xcc,0xdc,0xdc,0xcf,0xdc,0xee,0xfc,0xfd,0xff,0xff,0xff,0xff,0x1b,0xf8,0xff,0xef,0xff,0xff,0xff,0xb8,0xfb,0x2f,0x81,
0xf8,0xbb,0xee,0xfe,0x8b,0xee,0xfe,0x8b,0xff,0xff,0x8f,0xb8,0xfe,0xee,0xef,0x77,0xac,0xfb,0xff,0xff,0xdf,0xdd,0xff,0xff,0xfe,0x8e,0x99,0x88,0x11,0x41,0xb9,0xbc,
0xed,0xdc,0xed,0xdd,0xfe,0xfe,0xef,0xff,0xff,0xff,0xff,0xff,0xee,0xcd,0xbb,0xbe,0xee,0xff,0xde,0xfd,0xff,0xef,0xb8,0xf8,0x2b,0x10,0xb8,0xb8,0xeb,0xff,0x2b,0xe8,
0xfe,0x1f,0xf2,0xff,0x2f,0xf8,0xff,0xef,0xff,0xef,0xac,0xed,0xff,0xff,0xff,0xdf,0xfe,0xff,0xff,0xef,0xee,0xee,0x9b,0xb9,0xbb,0xbb,0xcc,0xcc,0xdc,0xfd,0xee,0xee,
0xee,0xde,0xee,0xcd,0xcd,0xdc,0xdd,0xdd,0xfd,0xef,0xed,0xef,0xdd,0xcd,0xff,0xee,0x82,0x82,0x01,0x00,0x82,0x88,0xf8,0xff,0xbf,0x81,0xf8,0x9f,0x11,0x11,0x11,0xf2,
0xff,0xff,0xfe,0xff,0xef,0xee,0xee,0xfb,0xfe,0xff,0xef,0xff,0xff,0xff,0xff,0xff,0xef,0xdc,0xdd,0xcd,0xed,0xcd,0xcc,0x7c,0xcc,0xcc,0xcc,0xcc,0xcc,0xcc,0x77,0xcc,
0xee,0xed,0xde,0xfe,0xe9,0xdf,0xee,0xfd,0xff,0xff,0x00,0x40,0x9b,0x89,0x18,0x00,0x10,0xb2,0xeb,0xff,0xef,0xee,0xbd,0xff,0xde,0xee,0xfe,0xff,0x73,0xff,0xff,0xef,
0xef,0xed,0xee,0xee,0xcc,0xdd,0xee,0xdd,0xdd,0xdd,0xdd,0xed,0xee,0xde,0xee,0xee,0xee,0xee,0xee,0xdc,0xcd,0x77,0xde,0xfc,0xff,0xed,0xff,0x5e,0xb1,0xef,0xff,0xef,
0xdf,0xfe,0xff,0xfe,0x95,0xdb,0xab,0xaa,0xbb,0x88,0xf8,0xff,0xfe,0xff,0xff,0xef,0xde,0xde,0xee,0xfd,0xef,0xee,0xef,0xee,0xff,0xff,0xcd,0xdc,0xdd,0xde,0xdd,0xcd,
0xed,0xee,0xee,0xde,0xcd,0xdc,0xcc,0xcc,0xcc,0xc7,0x77,0x77,0xc7,0xfe,0xff,0xee,0xff,0xff,0xff,0xdf,0xfe,0x5b,0xeb,0xff,0xff,0xff,0xfe,0xff,0xff,0xef,0xce,0xcc,
0xaa,0xaa,0x7a,0xcc,0xeb,0xff,0xef,0xff,0xff,0xef,0xed,0xbb,0xbd,0xeb,0xed,0xde,0xdd,0xed,0xee,0xee,0xef,0xac,0xcc,0xdc,0xcd,0xdc,0xed,0xde,0xcd,0x7c,0x77,0x77,
0x77,0xcc,0xc7,0xcc,0xdc,0xee,0xfe,0xff,0xff,0xff,0xff,0xec,0xdd,0x5f,0xfe,0xbb,0xfb,0xff,0xfe,0xff,0xfd,0xef,0xef,0xbb,0xff,0xee,0xce,0xdd,0xdd,0xdd,0xee,0xee,
0xff,0xfe,0xff,0xee,0xfd,0xdf,0xee,0x9b,0xdd,0xdc,0xed,0xee,0xee,0xee,0xee,0xfd,0xce,0xcc,0xdc,0xcd,0xcc,0xcc,0xdc,0xdd,0x7c,0xdc,0xed,0xee,0xfe,0xee,0xfe,0xff,
0xef,0xdd,0xdd,0xdc,0xdd,0x77,0x37,0xed,0xee,0xdd,0xfe,0xef,0xeb,0xbf,0xfd,0xae,0xda,0xee,0xff,0xff,0xff,0xde,0xac,0xcc,0xcc,0xcc,0xec,0xff,0xff,0xff,0xde,0xee,
0xef,0xdd,0xdd,0xdd,0xed,0xee,0xee,0xde,0xcc,0x77,0x6c,0x77,0xcc,0xcc,0xde,0xcc,0xcc,0xcc,0xde,0xee,0xdd,0xdd,0xdd,0xcd,0xcc,0xdd,0xdd,0xcc,0xcd,0xdd,0xdd,0xdd,
0xee,0xfe,0xef,0xee,0xfe,0xef,0xfe,0xee,0xff,0xdd,0xde,0xee,0xfe,0xff,0xff,0xce,0xcc,0xfc,0xde,0xac,0x77,0xcc,0x77,0x77,0xaa,0x7c,0xcc,0xed,0xde,0xdd,0xc7,0x77,
0x77,0x67,0x66,0xe7,0xee,0xee,0xde,0xed,0xce,0xdd,0xdd,0xdd,0xfe,0x7c,0x77,0xdc,0xdd,0xcd,0xcd,0xcc,0xcc,0xcc,0xcc,0x77,0xc7,0xdd,0xdd,0xee,0xee,0xee,0xee,0xde,
0xed,0xde,0xed,0xed,0xee,0xee,0xdd,0xfe,0xff,0xef,0x7e,0x77,0x77,0xc7,0x77,0x77,0x77,0xc7,0xee,0xee,0xee,0xee,0xee,0xff,0xcc,0x37,0x33,0x33,0xc7,0xee,0xdd,0xcd,
0x77,0x66,0x36,0x33,0x33,0x76,0xcd,0xdd,0xcd,0xed,0xee,0xde,0xee,0xcd,0xcc,0xdd,0xdd,0xdd,0xdd,0xcd,0xcc,0xdd,0xee,0xdd,0xed,0xce,0x77,0xc7,0xcd,0xcc,0xdc,0xcc,
0xef,0xde,0xff,0xff,0x3f,0xd6,0xec,0xfe,0xce,0xec,0xee,0xff,0xff,0xef,0xcd,0xdd,0xdd,0xdd,0xfd,0xee,0xde,0xdd,0xcd,0x77,0x77,0x77,0xcc,0xcc,0xac,0x77,0xcc,0x77,
0x36,0x3e,0x33,0x33,0x63,0x73,0x76,0x77,0x7d,0xc3,0xdf,0xcd,0xc7,0xcc,0x3c,0xed,0xee,0x77,0x67,0x77,0x7a,0x76,0x77,0x77,0x67,0x66,0xdd,0xfd,0xee,0xee,0xee,0xff,
0xff,0xee,0xee,0xff,0xce,0xdc,0xed,0xde,0xcd,0x7c,0xcc,0xcc,0x7c,0xcc,0xdc,0xdd,0xcd,0x7c,0xc7,0x33,0x33,0x33,0x67,0x33,0x33,0x33,0x66,0xc3,0x66,0x76,0xcc,0x37,
0x33,0x67,0x33,0x33,0x33,0x33,0x33,0x37,0xd7,0xee,0xff,0xde,0xee,0xdd,0xdd,0xed,0xcd,0xaa,0xec,0xc3,0xed,0xee,0xde,0xdd,0xde,0xee,0xcd,0xcc,0xcc,0xcd,0xcc,0xcc,
0xcc,0x7c,0x77,0x77,0xcc,0xcc,0x77,0x77,0x77,0x67,0x33,0xc7,0xcc,0xcd,0x77,0x66,0x36,0x33,0x33,0x33,0x33,0x3c,0x33,0x33,0x33,0x33,0x33,0x33,0x33,0x63,0x37,0x33,
0x33,0x36,0x36,0x76,0x36,0x33,0x76,0xca,0xdd,0xdd,0xee,0xee,0xfe,0xef,0xcc,0xed,0xcc,0xcc,0xdc,0xdd,0xcd,0x77,0x77,0x77,0x67,0x76,0x77,0x37,0x36,0x33,0xc7,0xcc,
0x77,0x33,0x33,0x33,0x33,0x33,0x66,0x33,0x76,0x77,0x77,0xa7,0x66,0x76,0xdc,0xcc,0x7d,0x67,0x66,0x67,0x33,0x33,0x73,0x76,0x66,0x66,0x66,0x33,0x66,0x36,0x33,0x33,
0x63,0x77,0x7a,0xcc,0xcc,0xdc,0xdd,0xdd,0x33,0x33,0x66,0x76,0x66,0x77,0x77,0xcc,0x6c,0x66,0x77,0x66,0x77,0x77,0x77,0x76,0x33,0x33,0x33,0x33,0x33,0x33,0x63,0x36,
0x33,0x33,0x33,0x33,0x63,0xc7,0xcc,0xcc,0x7c,0x67,0x36,0x36,0x33,0x33,0x33,0x33,0x33,0x33,0x33,0x76,0x77,0x67,0x66,0x76,0x77,0x76,0x77,0x77,0x67,0x36,0x66,0x77,
0x67,0x33,0x33,0x33,0x33,0x33,0x33,0x33,0x33,0x33,0xa6,0xcc,0x67,0x77,0x66,0x77,0x36,0x63,0x36,0x33,0x33,0x33,0x33,0x66,0x66,0x66,0x66,0x33,0x33,0xc7,0x77,0x77,
0x67,0x33,0x33,0x33,0x33,0x33,0x33,0x33,0x33,0x36,0x33,0x33,0x33,0x33,0x33,0x33,0x63,0x37,0x36,0x33,0x63,0x66,0x36,0x33,0x33,0x73,0xac,0x77,0x33,0x76,0x36,0x33,
0x33,0x33,0x33,0x33,0x33,0x33,0xe7,0xde,0xdd,0x37,0x33,0x33,0x36,0x33,0x33,0x63,0x76,0x77,0x77,0x77,0x77,0xc7,0x7c,0x36,0x63,0x33,0x33,0x33,0x33,0x33,0x33,0x63,
0x33,0x33,0x33,0x33,0x33,0x33,0x33,0x63,0x66,0x33,0x33,0x33,0x63,0x33,0x63,0x66,0x66,0xa7,0x7c,0xde,0xce,0xdd,0x33,0x73,0x77,0x77,0x33,0x76,0x66,0x36,0x66,0x3a,
0xe7,0xff,0xff,0xef,0xce,0x36,0x36,0x63,0x66,0x33,0x33,0x33,0x33,0x66,0x36,0x33,0x77,0x66,0x33,0x77,0x77,0x77,0x66,0x33,0x33,0x33,0x33,0x33,0x33,0x33,0x33,0x33,
0x33,0x33,0x33,0x63,0x33,0x33,0x33,0x33,0x33,0xa7,0xfd,0xff,0xde,0x6a,0x33,0x33,0x33,0x33,0x66,0x63,0x66,0x7c,0x66,0xc7,0xfe,0xef,0xfe,0x33,0x33,0x33,0xa3,0xdc,
0xae,0x3a,0x33,0x33,0x33,0x33,0x33,0x33,0x33,0x33,0x63,0xc7,0x63,0xcc,0x37,0x33,0x33,0x33,0x33,0x33,0x66,0x36,0x36,0x33,0x33,0x33,0x33,0x33,0x33,0x33,0x63,0x66,
0xd3,0xee,0xee,0xff,0xdd,0xad,0xaa,0x77,0x67,0x33,0x66,0x77,0x33,0x76,0xe6,0xdd,0xc7,0xca,0x7a,0x33,0x33,0x33,0x33,0x33,0x33,0x33,0x33,0xa6,0x77,0x67,0x33,0x33,
0x33,0x33,0x36,0x33,0x36,0xdc,0x77,0xd7,0x77,0x77,0x77,0x37,0x33,0x33,0x33,0x73,0x63,0x66,0x36,0x33,0x33,0x33,0x66,0x66,0xaa,0xee,0xda,0x33,0x33,0x33,0x66,0x77,
0x6a,0x66,0x66,0x77,0xda,0xed,0xce,0x67,0x76,0x36,0x33,0x33,0x33,0x33,0x33,0x33,0x33,0x36,0x33,0x33,0x33,0x33,0x33,0x63,0xca,0x67,0x73,0xa3,0x6c,0x36,0x33,0x33,
0x33,0x73,0x36,0x33,0xc3,0x77,0x33,0x33,0x36,0x33,0x63,0x77,0x77,0xa7,0xcd,0xdc,0xdf,0x66,0x33,0x33,0x33,0x33,0x33,0xa3,0x66,0x66,0x66,0x66,0x66,0x36,0xcd,0x7c,
0x63,0x36,0x66,0x36,0x33,0x66,0x66,0x63,0x63,0x33,0x66,0x66,0x33,0x33,0x33,0x33,0x33,0x33,0x33,0xfc,0xee,0x7c,0x66,0x66,0x66,0x66,0x36,0x33,0x33,0x33,0x33,0x33,
0x63,0x66,0x33,0x33,0x63,0xae,0x33,0x67,0x66,0xa6,0xaa,0xaa,0x36,0x33,0x36,0x33,0x33,0x36,0x33,0x66,0x66,0x66,0x66,0x36,0x66,0xa6,0x66,0x66,0x66,0x66,0x66,0x66,
0x66,0x66,0x66,0x33,0x63,0x66,0x66,0x36,0x66,0xa7,0xca,0xdc,0xdd,0x3a,0x33,0x66,0x66,0x66,0x66,0x77,0x7a,0x77,0x36,0x36,0x33,0x33,0xa6,0xa7,0xdc,0xac,0x37,0x33,
0x33,0x33,0x33,0x33,0x33,0x33,0x63,0x7a,0x7a,0x66,0x36,0x63,0x6a,0x66,0x66,0x76,0xaa,0xaa,0x6c,0x66,0x66,0x66,0x66,0x66,0x66,0x9a,0x99,0x59,0x99,0x99,0xba,0x6b,
0x66,0x66,0xaa,0xed,0xcd,0x36,0x33,0x33,0x33,0x33,0x33,0x33,0x33,0x66,0x77,0x77,0x77,0xd7,0x77,0x33,0x66,0x33,0x33,0x33,0x33,0x33,0x33,0x33,0x36,0x33,0x33,0x33,
0x33,0x33,0x66,0x77,0xa6,0xfe,0xbf,0x9b,0xa9,0x7a,0xca,0xdd,0xaf,0x66,0x66,0x66,0x66,0xd6,0xbd,0xbe,0x88,0x9b,0xaa,0xa6,0xbb,0xbb,0xac,0x77,0xdc,0xac,0x33,0x36,
0x33,0x33,0x33,0x33,0x33,0x33,0x33,0x33,0x33,0x33,0x67,0x7d,0x37,0x63,0x66,0x66,0x66,0x66,0x66,0x76,0x36,0x66,0x36,0x33,0x33,0x63,0x36,0x66,0x67,0x66,0x66,0xa6,
0x8b,0xf8,0x8b,0xeb,0xdf,0x6a,0xed,0x66,0x66,0xba,0xde,0xee,0x9b,0x5b,0x66,0x33,0x33,0x66,0x66,0x33,0xb6,0xad,0xda,0x6a,0x66,0x36,0x33,0x33,0x33,0x33,0x33,0x33,
0x33,0x33,0x33,0xe3,0x3c,0x33,0x63,0x66,0x66,0x66,0x66,0x77,0x77,0x77,0x6a,0x66,0x66,0x33,0x66,0x66,0x77,0x77,0xa7,0x7a,0x77,0xaa,0xaa,0x9a,0x18,0x81,0xff,0x9e,
0xea,0xff,0xff,0xbe,0x58,0x33,0x33,0x33,0x33,0x33,0x33,0x33,0x66,0x33,0x33,0xb3,0xfe,0xef,0xaa,0xcc,0x77,0x36,0x33,0x33,0x63,0x66,0x66,0x33,0x36,0x3d,0x63,0x66,
0x66,0x76,0x7a,0x76,0x77,0x7a,0x77,0x77,0xa7,0x66,0x36,0x63,0x66,0x66,0x77,0xaa,0xca,0xa7,0x7a,0xaa,0xaa,0x7a,0x9a,0x99,0x88,0x88,0xbb,0x9f,0x59,0x55,0x59,0x69,
0x66,0x36,0x33,0x33,0x63,0x66,0x66,0x66,0x63,0x66,0xba,0x8b,0xf8,0x3a,0x33,0x33,0x33,0x33,0x33,0x63,0x36,0xca,0x33,0x63,0x66,0x66,0x66,0x66,0x66,0x66,0x76,0xa7,
0x67,0x76,0x67,0x66,0x66,0x73,0x66,0x66,0x33,0x77,0x63,0x66,0x66,0x66,0x66,0x66,0x66,0x96,0xbb,0x28,0xdd,0xff,0x99,0xbb,0x9b,0x9a,0xa9,0x66,0x66,0x63,0x66,0x66,
0x66,0x66,0x66,0x66,0xb9,0x8e,0x81,0xae,0xaa,0x36,0x33,0x33,0x33,0x33,0xea,0xcf,0xca,0x7a,0x67,0x66,0x66,0x66,0x66,0x66,0x66,0x66,0x76,0x66,0x66,0x66,0x66,0x66,
0x66,0x33,0x63,0x66,0x33,0x33,0x33,0x33,0x33,0x33,0x33,0x96,0xb9,0xff,0xee,0xfe,0xb8,0xff,0xbe,0xab,0x99,0x7a,0xaa,0x76,0xaa,0x6a,0x66,0x66,0x99,0x99,0x8f,0x12,
0x11,0x82,0xff,0xce,0xac,0x67,0xa6,0xfd,0x6d,0x36,0x66,0x66,0x66,0x66,0x66,0x66,0x66,0x66,0x66,0x66,0x33,0x33,0x33,0x33,0x33,0x33,0x33,0x63,0x63,0x66,0x66,0x36,
0x33,0x33,0x33,0x33,0x63,0xba,0xfe,0x2f,0xbe,0xeb,0x18,0x88,0xeb,0xfb,0xee,0xed,0xdd,0xee,0xee,0xdf,0xa6,0xeb,0xff,0x88,0x88,0x94,0xab,0x36,0x33,0x33,0x33,0xe6,
0x5b,0xf4,0x6e,0x33,0x63,0x33,0x63,0x66,0x66,0x66,0x66,0x66,0x66,0x66,0x66,0x66,0x66,0x66,0x66,0x33,0x36,0x63,0x66,0x66,0x66,0x63,0x33,0x66,0xda,0x7d,0xec,0xee,
0x8e,0x88,0x8b,0xff,0x1b,0x10,0x88,0x88,0x8b,0xf8,0xdf,0xa7,0xaa,0xda,0xff,0x88,0x54,0x66,0xaa,0xaa,0xaa,0x66,0xa6,0x33,0x33,0x36,0x63,0x36,0xd3,0xae,0x33,0x33,
0x36,0x63,0x66,0x66,0x66,0x66,0x66,0x66,0x66,0x66,0x66,0x66,0x66,0x66,0x66,0x66,0x66,0x36,0xa6,0x63,0x6a,0xa6,0xed,0x3d,0x63,0xaa,0xaa,0xba,0x8b,0xbf,0x88,0x00,
0x11,0x11,0x22,0xb1,0xcc,0xaa,0xaa,0xac,0xba,0xb8,0x6a,0xaa,0xaa,0xaa,0xaa,0x7a,0x77,0x63,0x77,0xaa,0x7a,0x66,0x66,0xaa,0xcd,0x36,0x33,0x63,0x66,0x66,0x66,0x66,
0x66,0x66,0x66,0x66,0x66,0x66,0x66,0x66,0x66,0x66,0x66,0x66,0xd6,0xef,0xba,0x6a,0x66,0x3a,0xaa,0xaa,0xaa,0xba,0x8b,0x88,0x01,0x00,0x11,0x11,0x81,0xff,0xee,0xce,
0xaa,0xaa,0xca,0xea,0xce,0xdc,0xae,0x66,0xaa,0x7a,0x7a,0xaa,0xaa,0xaa,0xaa,0x6a,0x66,0x66,0x66,0xde,0x37,0xaa,0x63,0x66,0x66,0x66,0x66,0x36,0xa3,0x3c,0x66,0x66,
0x66,0x66,0x6a,0xde,0xdd,0xee,0xde,0x76,0xaa,0xaa,0xaa,0xaa,0xaa,0xaa,0xaa,0xaa,0x28,0x10,0x00,0x10,0x82,0x88,0xf8,0xff,0xff,0xff,0xad,0xaa,0xaa,0xaa,0xde,0xaa,
0xee,0xce,0xaa,0x7a,0x77,0xaa,0xaa,0xaa,0xaa,0xaa,0x67,0x66,0x7a,0xaa,0xe7,0xff,0x6e,0xa7,0x36,0x66,0x66,0x66,0xec,0x3d,0x66,0x66,0xa6,0xaa,0xdc,0xff,0xff,0xaa,
0x7a,0x77,0xaa,0xaa,0xaa,0xaa,0xaa,0xaa,0xaa,0xaa,0xbb,0x89,0x01,0x10,0x21,0x88,0xff,0xff,0xff,0xff,0xff,0x66,0x66,0xec,0xfe,0xae,0x66,0x66,0x77,0xa7,0xa7,0x77,
0xaa,0xaa,0xaa,0xaa,0xaa,0xca,0xcc,0xcc,0x36,0xca,0xee,0xef,0xad,0xea,0x33,0x66,0x76,0x7a,0xee,0xee,0xff,0xff,0xff,0x88,0x6f,0xaa,0x77,0x77,0xa7,0xaa,0xaa,0xaa,
0xaa,0xaa,0xaa,0xaa,0xaa,0xaa,0xbb,0x4b,0x14,0x82,0xff,0xff,0xfb,0xff,0xff,0xff,0xff,0xff,0xff,0xaf,0x67,0x66,0xa7,0xa7,0xaa,0xaa,0xaa,0xca,0xcc,0xcc,0xcc,0xcc,
0xcc,0xca,0xaa,0xaa,0xaa,0xfe,0xff,0xbe,0xaa,0xac,0xaa,0x3a,0x63,0x66,0xac,0xaa,0xdb,0x8f,0xbf,0x7a,0xa7,0x77,0xaa,0xaa,0xaa,0xaa,0xaa,0xaa,0xcc,0xec,0xcc,0xcc,
0xac,0xaa,0x9b,0x12,0xf8,0xff,0xfb,0xff,0x8f,0xff,0xff,0xdb,0xad,0x76,0x67,0x66,0x77,0x7a,0xaa,0xaa,0xaa,0xaa,0xaa,0xaa,0xaa,0xda,0xcc,0xaa,0xaa,0xaa,0xfd,0x3f,
0xa6,0xcc,0xaa,0xaa,0xaa,0xaa,0xaa,0xaa,0xaa,0xaa,0xec,0xdd,0xed,0xde,0xaa,0xa7,0xaa,0xaa,0xaa,0xaa,0xaa,0xaa,0xaa,0xfa,0xcd,0xcc,0xac,0xaa,0xaa,0x2b,0x21,0x88,
0xff,0x8f,0xf8,0xfb,0x88,0x68,0x77,0x77,0x77,0x67,0x77,0x77,0xa7,0xaa,0xaa,0xaa,0xaa,0xaa,0x7a,0x77,0x77,0x77,0xad,0xfd,0xee,0xdd,0xca,0xaa,0xaa,0xaa,0xaa,0xaa,
0xaa,0xaa,0xaa,0xca,0xcd,0xaa,0x7a,0xec,0xef,0xad,0xaa,0xaa,0xaa,0xaa,0xaa,0x6a,0x66,0xa6,0xcd,0xcc,0xcc,0xac,0xd7,0xff,0x02,0x11,0x22,0x88,0xeb,0xeb,0xee,0xff,
0xad,0x76,0x77,0x77,0x77,0x77,0xa7,0xaa,0xaa,0x7a,0xa7,0x7a,0x77,0x77,0x77,0xa7,0xff,0xcf,0xaa,0xaa,0xcc,0xaa,0xaa,0xaa,0xaa,0xaa,0xaa,0xaa,0xaa,0xaa,0xcc,0xaa,
0xaa,0xaa,0xec,0xff,0xab,0xb9,0xaa,0xaa,0xcc,0x66,0xda,0xde,0xcd,0xcc,0xdd,0xe7,0xff,0xff,0x1f,0x00,0x10,0xbf,0xbb,0xbd,0xed,0xff,0xff,0xae,0x76,0x77,0x77,0x77,
0xa7,0x77,0xaa,0xaa,0x77,0xca,0xac,0xa7,0xcd,0xe3,0xde,0xaa,0xaa,0xaa,0xaa,0xaa,0xaa,0xaa,0xaa,0xaa,0xaa,0xaa,0xaa,0xaa,0xaa,0xaa,0xaa,0xaa,0xac,0xf6,0xfb,0xf8,
0xde,0xaa,0xa7,0xea,0xff,0xff,0x77,0xfe,0xcc,0xff,0xff,0xff,0xff,0x01,0x20,0xbf,0xbb,0x99,0xbb,0xdd,0xee,0xff,0xdd,0xed,0xfe,0xce,0xfe,0x7e,0xc7,0x77,0xa7,0xca,
0xac,0xaa,0xfe,0xae,0xcc,0xac,0xaa,0xaa,0xaa,0xab,0xaa,0xaa,0xaa,0xaa,0xaa,0xaa,0xaa,0xaa,0xaa,0xaa,0xaa,0xca,0x6d,0xdb,0xfb,0x8f,0xeb,0xef,0xff,0xff,0xfb,0x8f,
0xdc,0xfe,0xff,0xff,0xff,0xff,0xff,0x0f,0x10,0x88,0xb8,0x8b,0xbb,0xed,0xfe,0xfe,0xff,0xef,0xee,0xcc,0xdd,0xad,0xec,0xee,0xdd,0xdd,0xcc,0xee,0xff,0xac,0xca,0x7a,
0x67,0x66,0xca,0xdc,0xac,0xaa,0xaa,0xaa,0xaa,0xaa,0xaa,0xaa,0xaa,0xaa,0xaa,0x36,0xa7,0x7a,0xfa,0xad,0xaa,0xaa,0xfe,0x88,0xbb,0xcd,0xee,0xff,0xff,0xff,0xff,0xff,
0xff,0x0f,0x00,0x11,0x88,0x8b,0xef,0xff,0xff,0xff,0xef,0xcc,0xdd,0xdd,0xdd,0xcd,0xac,0xda,0xee,0xee,0xff,0xff,0xff,0xce,0x77,0xa7,0x77,0xaa,0xca,0xcc,0xcc,0xcc,
0xaa,0xaa,0xaa,0xaa,0xaa,0xaa,0xaa,0xaa,0xaa,0x67,0x76,0x77,0xea,0x7f,0xa7,0xea,0xef,0xdb,0xac,0xca,0xff,0xff,0xff,0xff,0xff,0xff,0xff,0x18,0x00,0x10,0x11,0x88,
0xfb,0xff,0xff,0xff,0xdf,0xdd,0xdd,0xdd,0xdd,0xcd,0xdc,0xdd,0xcd,0xcc,0xed,0xac,0xda,0xff,0x7d,0xa7,0xaa,0xaa,0xcc,0xaa,0xaa,0xaa,0xaa,0xaa,0xaa,0xaa,0xaa,0xcc,
0xcc,0xdc,0xcd,0xaa,0x76,0x77,0xca,0xff,0xee,0xdf,0xcc,0xdc,0xdd,0xcc,0xff,0xff,0xff,0xff,0xff,0xff,0x8f,0x00,0x10,0x11,0x01,0x11,0x88,0xfb,0xff,0xff,0xff,0xef,
0xdd,0xdd,0xdd,0xcd,0xcc,0xcc,0xcc,0xcc,0xcc,0xcc,0xcc,0xed,0xef,0xcd,0xc7,0xdc,0xad,0xaa,0xaa,0xaa,0xaa,0xaa,0xaa,0xaa,0xaa,0xca,0xdc,0xdd,0xdd,0xcc,0xcd,0xed,
0xfe,0xff,0xef,0xaa,0xaa,0xda,0xcd,0xcc,
},
{ // water
0xdd,0xdd,0xdd,0xdd,0xdd,0xdd,0xdd,0xdd,0xdd,0xdd,0xdd,0xdd,0xdd,0xdd,0xdd,0xdd,0xdd,0xdd,0xdd,0xdd,0xdd,0xdd,0xdd,0xdd,0xdd,0xdd,0xdd,0xdd,0xdd,0xdd,0xdd,0xdd,
0xdd,0xdd,0xdd,0xdd,0xdd,0xdd,0xdd,0xdd,0xdd,0xdd,0xdd,0xdd,0xdd,0xdd,0xdd,0xdd,0xdd,0xdd,0xdd,0xdd,0xdd,0xdd,0xdd,0xdd,0xdd,0xdd,0xdd,0xdd,0xdd,0xdd,0xdd,0xdd,
0xdd,0xdd,0xdd,0xdd,0xdd,0xdd,0xdd,0xdd,0xdd,0xdd,0xdd,0xdd,0xdd,0xdd,0xdd,0xdd,0xdd,0xdd,0xdd,0xdd,0xdd,0xdd,0xdd,0xdd,0xdd,0xdd,0xdd,0xdd,0xdd,0xdd,0xdd,0xdd,
0xdd,0xdd,0xdd,0xdd,0xdd,0xdd,0xdd,0xdd,0xdd,0xdd,0xdd,0xdd,0xda,0xdd,0xdd,0xdd,0xdd,0xdd,0xdd,0xdd,0xdd,0xdd,0xdd,0xdd,0xdd,0xdd,0xdd,0xdd,0xdd,0xdd,0xdd,0xdd,
0xdd,0xdd,0xdd,0xdd,0xdd,0xdd,0xdd,0xdd,0xdd,0xdd,0xdd,0xdd,0xdd,0xdd,0xdd,0xdd,0xdd,0xdd,0xdd,0xdd,0xdd,0xdd,0xdd,0xdd,0xdd,0xdd,0xdd,0xdd,0xdd,0xdd,0xdd,0xdd,
0xdd,0xdd,0xdd,0xdd,0xdd,0xba,0xdd,0xdd,0xdd,0xdd,0xdd,0xdd,0xdd,0xdd,0xdd,0xdd,0xdd,0xdd,0xdd,0xdd,0xdd,0xdd,0xdd,0xdd,0xdd,0xdd,0xdd,0xdd,0xdd,0xdd,0xdd,0xdd,
0xdd,0xdd,0xdd,0xdd,0xdd,0xdd,0xdd,0xdd,0xdd,0xdd,0xdd,0xdd,0xdd,0xdd,0xdd,0xdd,0xdd,0xdd,0xdd,0xdd,0xdd,0xdd,0xdd,0xdd,0xdd,0xdd,0xdd,0xdd,0xdd,0xdd,0x6d,0xdb,
0xdd,0xdd,0xdd,0xdd,0xdd,0xdd,0xdd,0xdd,0xdd,0xbb,0x9e,0x99,0xdb,0xdd,0xdd,0xdd,0xdd,0xdd,0xdd,0xdd,0xdd,0xdd,0xdd,0xdd,0xdd,0xdd,0xdd,0xdd,0xdd,0xdd,0xdd,0xdd,
0xdd,0xdd,0xdd,0xdd,0xdd,0xdd,0xdd,0xdd,0xdd,0xdd,0xdd,0xdd,0xdd,0xdd,0xdd,0xdd,0xdd,0xdd,0xdd,0xdd,0xdd,0xdd,0xdd,0xbd,0xb6,0xdd,0xdd,0xdd,0xdd,0xdd,0xdd,0xdd,
0xdd,0xdd,0xcb,0xff,0x8f,0x88,0x88,0xd9,0xdd,0xdd,0xdd,0xbb,0xdd,0xdd,0xdd,0xdd,0xdd,0xdd,0xdd,0xdd,0xdd,0xdd,0xdd,0xdd,0xdd,0xdd,0xdd,0xdd,0xdd,0xdd,0xdd,0xdd,
0xdd,0xdd,0xdd,0xdd,0xdd,0xdd,0xdd,0xdd,0xdd,0xdd,0xdd,0xdd,0xdd,0xdd,0xdd,0xdd,0x6b,0xd6,0xdd,0xdd,0xdd,0xdd,0xdd,0xdd,0xdd,0xdd,0xdd,0xdd,0xff,0xff,0x88,0xf8,
0x9f,0x98,0xdb,0xbd,0xbb,0xbb,0xdb,0xdd,0xdd,0xdd,0xdd,0xdd,0xdd,0xdd,0xdd,0xdd,0xdd,0xdd,0xdd,0xdd,0xdd,0xdd,0xdd,0xdd,0xdd,0xdd,0xdd,0xdd,0xdd,0xdd,0xdd,0xdd,
0xdd,0xdd,0xdd,0xdd,0xdd,0xad,0x55,0xb5,0xdd,0x6d,0x64,0xdd,0xdd,0xdd,0xdd,0xdd,0xdd,0xdd,0xdd,0xdd,0xdd,0xdd,0xff,0x8f,0xf8,0x88,0xff,0xff,0xdc,0xbb,0xbb,0xbb,
0xbb,0xbb,0xbb,0xbb,0xdd,0xdd,0xdd,0xdd,0xdd,0xdd,0xdd,0xdd,0xdd,0xdd,0xdd,0xdd,0xdd,0xdd,0xdd,0xdd,0xdd,0xdd,0xdd,0xdd,0xdd,0xbd,0xdd,0xdd,0xdd,0xdd,0xbd,0x45,
0x44,0x44,0xaa,0x66,0xdb,0xdd,0xdd,0xdd,0xdd,0xdd,0xdd,0xdd,0xdd,0xdd,0xdd,0xdd,0xff,0x88,0x98,0xff,0xe9,0xbb,0xbb,0xbb,0xbb,0xbb,0xbb,0xbb,0xbb,0xbb,0xbb,0xdd,
0xdd,0xdd,0xdd,0xdd,0xdd,0xdd,0xdd,0xdd,0xdd,0xdd,0xdd,0xdd,0xdb,0xdd,0xbd,0xdd,0xbb,0xbb,0xdd,0xbd,0xdd,0xdd,0xdd,0xdd,0x5d,0x44,0x44,0x44,0x54,0xdb,0xdd,0xdd,
0xdd,0xdd,0xdd,0xdd,0xdd,0xdd,0xdd,0xdd,0xad,0xdb,0xff,0x8f,0xff,0xfe,0xbb,0xbb,0xbb,0xbb,0xbb,0xbb,0xbb,0xbb,0xbb,0xbb,0xbb,0xbb,0xbb,0xbb,0xbb,0xbb,0xdd,0xdd,
0xdd,0xdd,0xdd,0xdd,0xdd,0xbd,0xbb,0xbb,0xbb,0xbb,0xbb,0xbb,0xbb,0xbb,0xdb,0xdd,0xdd,0xdd,0x6b,0x44,0x44,0x44,0x65,0xdd,0xdd,0xdd,0xdd,0xbd,0xdb,0xdd,0xdd,0xdd,
0xdd,0xdb,0xdd,0xdd,0xff,0xff,0xff,0xbf,0xbb,0xbb,0xbb,0xbb,0xbb,0xbb,0xbb,0xbb,0xbb,0xbb,0xbb,0xbb,0xbb,0xbb,0xbb,0xbb,0xdb,0xdd,0xbd,0xdb,0xdb,0xdd,0xbd,0xbb,
0xbb,0xbb,0xbb,0xbb,0xbb,0xbb,0xbb,0xbb,0xbb,0xdb,0xab,0x55,0x45,0x44,0x44,0x44,0x44,0xa5,0xda,0xdd,0xad,0x46,0x64,0xdd,0xdd,0xdd,0xdd,0xdd,0xdd,0xdd,0xff,0xff,
0xee,0xbc,0xbb,0xbb,0xbb,0xbb,0xbb,0xbb,0xbb,0xbb,0xbb,0xbb,0xbb,0xbb,0xbb,0xbb,0xbb,0xbb,0xdb,0xbd,0x56,0x65,0xdd,0xbd,0xbb,0xbb,0xbb,0xbb,0xbb,0xbb,0xbb,0xbb,
0xbb,0xbb,0xbb,0xbb,0x4a,0x44,0x44,0x54,0x45,0x44,0x44,0x64,0xa4,0xdd,0x4a,0x44,0x44,0xdb,0xdd,0xdd,0xdd,0xdd,0xdd,0xdd,0xff,0xff,0xaf,0xaa,0xbb,0xbb,0xbb,0xbb,
0xbb,0xbb,0xbb,0xbb,0xbb,0xbb,0xbb,0xbb,0xbb,0xbb,0xbb,0xbb,0xdb,0x4a,0x44,0x44,0x64,0xbd,0xbb,0xbb,0xbb,0xbb,0xbb,0xbb,0xbb,0xbb,0xbb,0xab,0x46,0x44,0x44,0x55,
0x55,0x55,0x55,0x65,0x55,0xda,0xbd,0xda,0x44,0x44,0x44,0xb4,0xdd,0xdd,0xdd,0xdd,0xbd,0xbb,0xff,0xbf,0xaa,0xaa,0xaa,0xaa,0xba,0xbb,0xbb,0xbb,0xbb,0xbb,0xbb,0xbb,
0xbb,0xbb,0xbb,0xbb,0xbb,0xbb,0x6b,0x45,0x44,0x44,0x44,0xb6,0xbb,0xbb,0xbb,0xbb,0xbb,0xbb,0xbb,0xba,0x6a,0xbb,0xbb,0xaa,0xba,0xbb,0x56,0x55,0x66,0xd6,0xdd,0xdd,
0x4b,0x44,0x44,0x44,0x44,0x44,0xa6,0x66,0xaa,0xd6,0xab,0xbb,0xef,0xfc,0xff,0xee,0xae,0xaa,0xaa,0xaa,0xaa,0xba,0xbb,0xbb,0xbb,0xbb,0xbb,0xbb,0xbb,0xbb,0x6b,0x65,
0x6b,0x45,0x44,0x44,0x44,0xb4,0xbb,0xbb,0xbb,0xbb,0xbb,0xbb,0xbb,0xbb,0xbb,0xbb,0xbb,0xbb,0xbb,0x6a,0x56,0xa6,0xba,0xdb,0xdd,0xaa,0x46,0x44,0x54,0x54,0x55,0x55,
0x5a,0xa5,0xba,0xbb,0xbb,0xbb,0xff,0xff,0xff,0xff,0x88,0x98,0xaa,0xaa,0xaa,0xaa,0xaa,0xbb,0xbb,0xbb,0xbb,0xbb,0xbb,0xab,0x44,0x44,0x55,0x55,0x44,0x44,0x54,0x66,
0x45,0xa4,0xbb,0xbb,0xbb,0xbb,0xbb,0xbb,0xbb,0xbb,0xbb,0xbb,0xbb,0xbb,0xbb,0xbb,0xbb,0xaa,0xaa,0x44,0x44,0x55,0x55,0x55,0x66,0xd6,0xdd,0xdd,0xbb,0xbb,0xbb,0xbb,
0xff,0xff,0xff,0xff,0xff,0x88,0xa9,0xaa,0xaa,0xaa,0xaa,0xaa,0xbb,0xbb,0xbb,0xaa,0xbb,0x5a,0x44,0x44,0x54,0x45,0x44,0x44,0x44,0x45,0x44,0x44,0xba,0xbb,0xbb,0xbb,
0xbb,0xbb,0xbb,0xbb,0xbb,0xbb,0xbb,0xbb,0xbb,0xbb,0xbb,0x66,0xa6,0xaa,0x6a,0x65,0xaa,0x65,0xdb,0xdd,0xbd,0xbb,0xbb,0xbb,0xbb,0xab,0xff,0xff,0xff,0xff,0x88,0x88,
0x88,0xac,0xaa,0xaa,0xaa,0xaa,0xaa,0xba,0xbb,0xbb,0xbb,0x46,0x44,0x44,0x44,0x44,0x44,0x44,0x44,0x44,0x44,0x44,0xa4,0xaa,0xaa,0xbb,0xbb,0xbb,0xbb,0xbb,0xbb,0xbb,
0xaa,0xbb,0xaa,0xbb,0xbb,0xbb,0xbb,0xbb,0x6a,0x66,0xdb,0xdd,0xdd,0xdd,0xbb,0xbb,0xbb,0xbb,0xaa,0xaa,0xff,0xff,0xff,0x8f,0x8f,0x88,0x88,0xa8,0xaa,0xaa,0xaa,0xaa,
0xaa,0xaa,0xaa,0xaa,0xab,0x56,0x54,0x55,0x44,0x44,0x44,0x44,0x44,0x44,0x44,0x44,0xa4,0xaa,0xaa,0xaa,0xaa,0xaa,0xba,0xbb,0xbb,0xab,0xaa,0xaa,0xaa,0xaa,0xaa,0xba,
0xbb,0xbb,0xbb,0xbb,0xbb,0xbb,0xbb,0xbb,0xbb,0xbb,0xbb,0xaa,0xaa,0xaa,0xff,0xff,0xff,0x8f,0x8f,0xf8,0xf8,0x98,0xaa,0xaa,0xaa,0xaa,0xaa,0xaa,0xaa,0xaa,0x6a,0x55,
0x55,0x55,0x45,0x44,0x44,0x44,0x44,0x44,0x44,0x44,0xa5,0xaa,0xaa,0xaa,0xaa,0xaa,0xaa,0xaa,0xaa,0xaa,0xaa,0xaa,0xaa,0xaa,0xaa,0xaa,0xbb,0xbb,0xbb,0xbb,0xbb,0xbb,
0xbb,0xbb,0xbb,0xab,0xaa,0xaa,0xaa,0xaa,0xf8,0xff,0xff,0x8f,0xff,0xf8,0xff,0x8f,0xa9,0xaa,0xaa,0xaa,0xaa,0xaa,0xaa,0xaa,0x5a,0x55,0x55,0x55,0x45,0x44,0x44,0x44,
0x44,0x44,0x44,0x44,0x44,0xa5,0xaa,0xaa,0xaa,0xaa,0xaa,0xaa,0xaa,0xaa,0xaa,0xaa,0xaa,0xaa,0xaa,0xaa,0xbb,0xbb,0xbb,0xbb,0xbb,0xbb,0xbb,0xbb,0xab,0xaa,0xaa,0xaa,
0xaa,0xaa,0x88,0xef,0xca,0xff,0xef,0xff,0x8f,0x8f,0x98,0xaa,0xaa,0xaa,0xaa,0xaa,0xaa,0xaa,0x6a,0x55,0x55,0x55,0x45,0x54,0x44,0x44,0x44,0x44,0x44,0x44,0x44,0xa4,
0xaa,0xaa,0xaa,0xaa,0xaa,0xaa,0xaa,0xaa,0xaa,0xaa,0xaa,0xaa,0xaa,0xaa,0xaa,0xaa,0xaa,0xaa,0xba,0xab,0xaa,0xaa,0xaa,0xaa,0xaa,0xaa,0xaa,0xaa,0x8f,0xf8,0xef,0xaa,
0xae,0xff,0xff,0xff,0x98,0xaa,0xaa,0xaa,0xaa,0xaa,0xaa,0xaa,0xaa,0x55,0x55,0x55,0x55,0x55,0x55,0x44,0x44,0x44,0x44,0x44,0x44,0xa4,0xaa,0xaa,0xaa,0xaa,0xaa,0xaa,
0xaa,0xaa,0xaa,0xaa,0xaa,0xaa,0xaa,0xaa,0xaa,0xaa,0xaa,0xaa,0xaa,0xaa,0xaa,0xaa,0xaa,0xaa,0xaa,0xaa,0xaa,0xaa,0x8f,0xf8,0xff,0xaf,0xaa,0xaa,0xfc,0xef,0x8f,0xaa,
0xaa,0xaa,0xaa,0xaa,0xaa,0xaa,0xaa,0x5a,0x55,0x55,0x55,0x55,0x54,0x45,0x44,0x44,0x54,0x45,0x44,0xa6,0xaa,0xaa,0xaa,0xaa,0xaa,0xaa,0xaa,0xaa,0xaa,0xaa,0xaa,0xaa,
0xaa,0xaa,0xaa,0xaa,0xaa,0xaa,0xaa,0xaa,0xaa,0xaa,0xaa,0x46,0x44,0xaa,0xaa,0xaa,0x8f,0x88,0xff,0xff,0xaa,0xaa,0xaa,0xce,0x8f,0xa9,0xaa,0xaa,0xaa,0xaa,0xaa,0xaa,
0xaa,0x6b,0x55,0x55,0x55,0x45,0x44,0x55,0x44,0x44,0x44,0x55,0x65,0xaa,0xaa,0xaa,0xaa,0xaa,0xaa,0xaa,0xaa,0xaa,0xaa,0xaa,0xaa,0xaa,0xaa,0xaa,0xaa,0xaa,0xaa,0xaa,
0xaa,0xaa,0xaa,0xaa,0x4a,0x44,0x44,0x64,0xaa,0xaa,0x8f,0x88,0xff,0x8f,0xaf,0xaa,0xaa,0xaa,0xfe,0xa9,0xaa,0xaa,0xaa,0xaa,0xaa,0xaa,0xaa,0xaa,0x55,0x55,0x55,0x44,
0x44,0x54,0x45,0x44,0x44,0x55,0x55,0x6a,0x45,0x65,0x65,0xaa,0xaa,0xaa,0xaa,0xaa,0xaa,0xaa,0xaa,0xaa,0xaa,0xaa,0xaa,0xaa,0xaa,0xaa,0xaa,0xaa,0xaa,0xaa,0x45,0x44,
0x44,0x54,0x55,0xa6,0x8f,0x88,0xff,0xff,0x98,0xaa,0xaa,0xaa,0xfa,0xac,0xaa,0xaa,0xaa,0xaa,0xaa,0x6a,0x44,0x55,0x55,0x45,0x45,0x44,0x44,0x44,0x54,0x55,0x55,0x65,
0xa5,0x6a,0x66,0xaa,0xaa,0xaa,0xaa,0xaa,0xaa,0xaa,0xaa,0xaa,0xaa,0xaa,0xaa,0xaa,0xaa,0xaa,0xaa,0xaa,0xaa,0xaa,0xaa,0xaa,0x44,0x44,0x44,0x44,0x44,0x64,0x8f,0x88,
0xff,0xff,0x98,0xaa,0xaa,0xaa,0xca,0xac,0x46,0x64,0xaa,0xaa,0xaa,0x56,0x44,0x44,0x55,0x44,0x44,0x44,0x44,0x44,0x44,0x55,0x55,0xa5,0xaa,0xaa,0xaa,0xaa,0xaa,0xaa,
0xaa,0xaa,0xaa,0xaa,0xaa,0xaa,0xaa,0xaa,0xaa,0xaa,0xaa,0xaa,0xaa,0xaa,0xaa,0xaa,0x46,0x65,0x55,0x44,0x44,0x44,0x44,0x64,0xff,0x88,0xff,0xff,0x8f,0xa9,0xaa,0xaa,
0xaa,0x66,0x44,0x44,0xa5,0xaa,0xaa,0x55,0x44,0x54,0x45,0x44,0x55,0x44,0x44,0x44,0x44,0x44,0x54,0x65,0xaa,0xaa,0xaa,0xaa,0xaa,0xaa,0xaa,0xaa,0xaa,0xaa,0xaa,0xaa,
0xaa,0xaa,0xaa,0xaa,0xaa,0xaa,0xaa,0xaa,0xaa,0x6a,0x44,0x54,0x44,0x44,0x44,0x44,0x44,0x65,0xff,0x88,0xff,0xff,0x8f,0xa9,0x66,0x66,0x56,0x44,0x44,0x44,0x44,0xa6,
0x6a,0x55,0x55,0x55,0x45,0x54,0x55,0x45,0x44,0x44,0x44,0x54,0x55,0x65,0xaa,0xaa,0xaa,0xaa,0xaa,0xaa,0xaa,0xaa,0xaa,0xaa,0xaa,0xaa,0xaa,0xaa,0xaa,0xaa,0xaa,0xaa,
0xaa,0xaa,0xaa,0x56,0x55,0x55,0x45,0x44,0x44,0x44,0x54,0x66,0xff,0x88,0xf9,0xff,0x8f,0x68,0x66,0x66,0x46,0x44,0x44,0x44,0x44,0xa4,0x6a,0x56,0x55,0x55,0x55,0x54,
0x55,0x55,0x44,0x44,0x44,0x54,0x55,0x65,0xa6,0x56,0xa6,0xaa,0xaa,0xaa,0xaa,0xaa,0xaa,0xaa,0xaa,0xaa,0xaa,0xaa,0xaa,0xaa,0xaa,0xaa,0xaa,0xaa,0xaa,0x56,0x55,0x55,
0x55,0x55,0x44,0x44,0x44,0x44,0xff,0x88,0x94,0xff,0xff,0x58,0x6a,0x66,0x46,0x44,0x44,0x44,0x44,0xa4,0xaa,0x6a,0x55,0x55,0x55,0x55,0x55,0x55,0x54,0x44,0x44,0x55,
0x55,0x45,0x55,0x44,0x54,0xa6,0xaa,0xaa,0xaa,0xaa,0xaa,0xaa,0xaa,0xaa,0xaa,0x66,0xa6,0xaa,0x66,0x66,0x66,0x66,0x66,0x66,0x55,0x55,0x55,0x44,0x44,0x44,0x44,0x44,
0xff,0xf8,0x95,0xf5,0xff,0x4f,0x55,0x66,0x46,0x44,0x44,0x44,0x44,0x64,0x45,0x56,0x55,0x55,0x55,0x55,0x55,0x55,0x55,0x55,0x44,0x55,0x55,0x44,0x44,0x44,0x44,0x66,
0x66,0x6a,0xa6,0x6a,0x66,0x66,0x66,0x66,0x66,0x66,0xa6,0xaa,0x6a,0x66,0x66,0x66,0x66,0x66,0x55,0x55,0x45,0x44,0x44,0x44,0x44,0x44,0xff,0x98,0x44,0x94,0xff,0x4f,
0x45,0x56,0x44,0x44,0x44,0x44,0x44,0x54,0x44,0x44,0x54,0x55,0x55,0x55,0x55,0x55,0x55,0x55,0x45,0x55,0x45,0x44,0x44,0x44,0x44,0x65,0x66,0x66,0x66,0x66,0x66,0x66,
0x65,0x66,0x66,0x66,0x66,0xa6,0x66,0x65,0x66,0x66,0x66,0x56,0x45,0x44,0x45,0x44,0x44,0x44,0x44,0x44,0xff,0x5f,0x44,0x94,0xff,0x4f,0x44,0x44,0x44,0x44,0x44,0x55,
0x45,0x44,0x44,0x44,0x44,0x55,0x45,0x44,0x55,0x55,0x55,0x45,0x44,0x45,0x44,0x44,0x44,0x44,0x44,0x64,0x66,0x66,0x66,0x66,0x66,0x66,0x66,0x66,0x66,0x66,0x66,0x66,
0x45,0x44,0x64,0x66,0x46,0x44,0x44,0x44,0x44,0x44,0x44,0x44,0x44,0xe9,0xff,0x5f,0x44,0x44,0xff,0x49,0x44,0x54,0x56,0x45,0x44,0x55,0x44,0x44,0x44,0x54,0x45,0x55,
0x45,0x55,0x55,0x55,0x55,0x55,0x45,0x44,0x44,0x44,0x44,0x44,0x44,0x64,0x66,0x66,0x66,0x46,0x64,0x66,0x66,0x66,0x66,0x66,0x66,0x56,0x44,0x44,0x54,0x66,0x45,0x44,
0x44,0x44,0x44,0x65,0x45,0x44,0x94,0xef,0xff,0x49,0x95,0x49,0xf5,0x45,0x54,0xc9,0x9f,0x99,0x55,0x55,0x44,0x44,0x44,0x44,0x44,0x54,0x54,0x55,0x55,0x55,0x55,0x55,
0x55,0x44,0x54,0x45,0x44,0x54,0x55,0x66,0x66,0x66,0x56,0x44,0x44,0x66,0x66,0x66,0x66,0x66,0x66,0x45,0x44,0x44,0x44,0x54,0x44,0x44,0x44,0x44,0x66,0xe9,0x6e,0x64,
0x59,0xff,0xff,0xe6,0xee,0xfe,0xe5,0x9e,0xe9,0xee,0x9e,0x99,0x59,0x45,0x45,0x44,0x44,0x44,0x44,0x44,0x55,0x55,0x55,0x55,0x55,0x56,0x55,0x45,0x55,0x55,0x45,0x55,
0x55,0x66,0x66,0x66,0x56,0x44,0x44,0x55,0x66,0x66,0x66,0x66,0x66,0x44,0x44,0x44,0x44,0x44,0x54,0x45,0x55,0x54,0xee,0xfe,0x9f,0xe9,0xfe,0xee,0xef,0xee,0xef,0xff,
0xee,0xee,0xee,0xee,0xef,0x99,0x59,0x55,0x9c,0x55,0x54,0x44,0x44,0x44,0x55,0x55,0x55,0x55,0x66,0x66,0x55,0x45,0x55,0x55,0x45,0x55,0x44,0x44,0x64,0x66,0x56,0x44,
0x44,0x44,0x66,0x66,0x66,0x66,0x66,0x55,0x55,0x45,0x44,0x44,0x55,0x55,0x55,0xe5,0xfe,0xfe,0xef,0xff,0xff,0xff,0xff,0xee,0xfe,0xff,0xef,0xfe,0xef,0xff,0xff,0x99,
0x9e,0xf6,0xee,0x49,0x44,0x44,0x44,0x55,0x55,0x55,0x55,0x65,0x66,0x55,0x55,0x55,0x55,0x55,0x55,0x44,0x44,0x44,0x54,0x56,0x55,0x45,0x54,0x64,0x66,0x66,0x66,0x66,
0x66,0x56,0x55,0x44,0x44,0x54,0x55,0x55,0x55,0x94,0xef,0xff,0xef,0x99,0x9e,0xfe,0xff,0xee,0xee,0xff,0xff,0xfe,0xff,0xff,0xff,0xef,0xff,0xce,0xff,0x5e,0x44,0x44,
0x54,0x55,0x55,0x55,0x55,0x55,0x55,0x55,0x55,0x55,0x56,0x55,0x55,0x45,0x44,0x44,0x44,0x44,0x44,0x44,0x54,0x45,0x64,0x66,0x54,0x66,0x55,0x55,0x45,0x54,0x45,0x54,
0x55,0x55,0x99,0x95,0xfe,0xef,0x99,0x99,0x99,0x99,0xef,0xff,0xff,0xff,0xff,0xff,0xff,0xff,0xee,0xff,0xee,0xfe,0xff,0x49,0x56,0x44,0x55,0x55,0x55,0x55,0x55,0x55,
0x55,0x55,0x55,0x55,0x56,0x55,0x55,0x55,0x44,0x44,0x44,0x44,0x44,0x55,0x54,0x45,0x54,0x46,0x44,0x55,0x55,0x55,0x55,0x55,0x55,0x55,0x55,0x95,0xff,0xee,0xee,0xe9,
0xee,0xee,0x99,0xee,0xff,0xff,0xff,0xff,0xff,0xff,0xee,0xe9,0xef,0xee,0x99,0x99,0x99,0xff,0x9e,0x44,0x55,0x55,0x55,0x55,0x55,0x55,0x55,0x55,0x55,0x65,0x66,0x55,
0x55,0x55,0x45,0x54,0x55,0x44,0x55,0x55,0x55,0x45,0x44,0x44,0x44,0x44,0x45,0x54,0x55,0x55,0x55,0x55,0x65,0xef,0xfe,0xef,0xee,0xfe,0xff,0xff,0xee,0xee,0xff,0xff,
0xff,0xef,0xee,0xee,0x99,0x99,0x99,0xee,0xee,0x99,0x99,0xf9,0xff,0x59,0x54,0x55,0x55,0x55,0xc6,0x59,0x55,0x55,0x55,0x55,0x65,0x55,0x55,0x55,0x55,0x55,0x55,0x55,
0x55,0x55,0x55,0x55,0x55,0x55,0x44,0x44,0x54,0x55,0x55,0x55,0x55,0x55,0xe5,0xfe,0xff,0xff,0x8e,0xe9,0xff,0xff,0xff,0xee,0xff,0xff,0xef,0xfe,0xee,0xff,0xef,0xf9,
0xee,0xe9,0xef,0xff,0xfe,0xf9,0x9f,0x99,0x44,0x44,0x45,0xe4,0xfe,0xe9,0x59,0x55,0x55,0x55,0x55,0x55,0x55,0x55,0x55,0x55,0x55,0x55,0x66,0x55,0x55,0x55,0x55,0x55,
0x55,0x55,0x55,0x55,0x55,0x55,0x55,0x55,0xfe,0xef,0xff,0xef,0x88,0x99,0xe9,0xff,0x8f,0xe9,0xff,0xff,0xff,0xff,0xfe,0xff,0xff,0xff,0xff,0xef,0xff,0xef,0x88,0xf9,
0xff,0xef,0x49,0x44,0x64,0xee,0xff,0xee,0x9e,0x55,0x55,0x55,0x55,0x55,0x55,0x55,0x55,0x55,0x55,0x55,0x65,0x56,0x55,0x55,0x65,0x66,0x55,0x55,0x55,0x55,0x55,0x55,
0x55,0x55,0x89,0x8f,0xff,0x8f,0x88,0xe9,0xef,0xef,0x98,0xee,0x9e,0xff,0xff,0xff,0xff,0xff,0xff,0xff,0xff,0x89,0xe8,0xef,0x88,0x98,0x9f,0xf9,0x49,0xc9,0xe5,0xee,
0xff,0x9e,0x9e,0x55,0x55,0x55,0x55,0x55,0x55,0x55,0x55,0x55,0x55,0x55,0x55,0x55,0x55,0x55,0x66,0x66,0x56,0x55,0x55,0x55,0x55,0x55,0x55,0x55,0x88,0x89,0xff,0x8e,
0x88,0xe8,0xef,0x9f,0xe9,0xee,0x99,0xf9,0xff,0xff,0xfe,0xff,0xff,0xff,0xef,0x88,0x98,0xef,0x89,0x88,0x9f,0x89,0xc3,0xee,0xee,0xfe,0xff,0xee,0xee,0x66,0x55,0x55,
0x55,0x55,0x55,0x55,0x55,0x66,0x55,0x55,0x55,0x55,0x56,0x55,0x65,0x66,0x55,0x55,0x55,0x55,0x55,0x55,0x55,0x95,0x88,0x98,0xff,0x88,0x88,0xe8,0xee,0x8f,0xe9,0x9e,
0xe9,0x99,0xff,0xff,0xff,0xff,0xff,0xee,0xee,0x8e,0x88,0xef,0x89,0x88,0xe8,0x88,0xe8,0xee,0xef,0xee,0xfe,0xee,0x9f,0xee,0x55,0x55,0x55,0x55,0x56,0x55,0x55,0x55,
0x56,0x55,0x55,0x55,0x55,0x55,0x55,0x55,0x55,0x55,0xc5,0x6c,0x55,0x55,0x55,0x85,0x88,0x98,0x9f,0x88,0x88,0xe8,0xfe,0x8f,0xee,0x3e,0xff,0xee,0xfe,0xff,0xff,0xff,
0xef,0xef,0xef,0x8e,0x88,0xf9,0x8e,0x88,0x98,0x88,0xe8,0xee,0xef,0x9e,0xee,0x88,0xff,0xfe,0x59,0x55,0x55,0x55,0x66,0x56,0x55,0x65,0x55,0x55,0x55,0x65,0x56,0x55,
0x55,0x55,0x55,0xb6,0xcc,0xcc,0x6c,0x66,0x55,0x85,0x88,0x98,0x9f,0xe8,0x8e,0xf9,0xff,0x98,0x3e,0x88,0x8f,0x88,0xe9,0xff,0xff,0xef,0xee,0xee,0xfe,0x89,0x88,0xf8,
0x9e,0x88,0x88,0x88,0x88,0xff,0xee,0x99,0xee,0x38,0x9e,0x98,0xbe,0x6b,0x66,0xc6,0x69,0x66,0x66,0x66,0x55,0x65,0x66,0x66,0x66,0x55,0x55,0x55,0x65,0xbb,0xcb,0xcc,
0xcc,0xcc,0x66,0x86,0x88,0x99,0x8e,0x98,0x8f,0xff,0xef,0x88,0x89,0xf8,0xff,0x88,0x88,0x98,0xff,0xff,0xff,0xee,0x9e,0x98,0x88,0x98,0x9f,0x88,0x88,0x88,0x88,0xe9,
0xee,0xc9,0xec,0x88,0xe9,0x89,0x98,0xbb,0xbb,0xbb,0x9c,0x6c,0x66,0x66,0x66,0x66,0x66,0x66,0x66,0x66,0x66,0x66,0xba,0xab,0x9c,0xcc,0xcc,0xac,0x6c,0x89,0x89,0xe9,
0x88,0x98,0xe9,0xff,0x3f,0x98,0x8f,0xf8,0xf8,0x88,0x88,0x98,0xff,0xef,0xee,0xef,0x9e,0xf9,0x88,0x88,0xee,0x89,0x88,0x88,0x88,0xe9,0xee,0x9e,0xcc,0x99,0x88,0x8e,
0x88,0xbc,0xbb,0xbb,0xcb,0xcc,0x66,0x66,0x66,0x66,0x66,0x66,0x66,0x66,0x66,0xab,0xbb,0x9a,0xc9,0xcc,0xac,0xaa,0x99,0x88,0xfe,0x89,0x88,0xe9,0xff,0xef,0x88,0x98,
0x99,0xfe,0xf8,0x89,0x88,0x88,0xfe,0xef,0x8e,0xe1,0xee,0xff,0x89,0x88,0xf9,0x9e,0x88,0xe8,0x89,0x88,0xee,0x99,0xc9,0x9e,0x88,0x9e,0x88,0xb8,0xbb,0x9c,0xc8,0xcb,
0xab,0x66,0x66,0x66,0x66,0x66,0x66,0xa6,0xaa,0x9c,0xc9,0x99,0x99,0x99,0x99,0x89,0x99,0xf8,0xfe,0x88,0x89,0xfe,0xff,0x9f,0x88,0x98,0x98,0x9f,0xf8,0x8e,0x88,0x89,
0xf9,0xef,0x9e,0xee,0xee,0xfe,0x89,0x89,0xf8,0xef,0x89,0x98,0x9e,0x89,0x99,0x88,0xc9,0xee,0x89,0x98,0x88,0x98,0x99,0x88,0x88,0x89,0x99,0xac,0x66,0x66,0x66,0x66,
0x66,0x9a,0x99,0x99,0x99,0x99,0x99,0x89,0x88,0x8f,0x8f,0xf8,0x8f,0x88,0x99,0xfe,0xff,0x89,0x88,0x89,0xf8,0xef,0xf9,0x8e,0x98,0x89,0x98,0x9e,0x56,0x99,0x56,0x99,
0x39,0x00,0x40,0x55,0x04,0x00,0x54,0x05,0x50,0x05,0x64,0xac,0x56,0x55,0x55,0x55,0x65,0x9c,0xc5,0x56,0x65,0xc9,0xed,0xde,0xdd,0xde,0xee,0xee,0xee,0xee,0xee,0xde,
0x66,0x06,0x50,0x45,0x04,0x50,0x00,0x50,0x65,0x96,0x56,0x00,0x00,0x05,0x99,0x99,0x50,0x04,0x50,0x00,0x00,0x40,0x64,0x6a,0x66,0xba,0xcd,0xcc,0xcc,0xbc,0xcc,0xcc,
0xcc,0xcc,0xec,0xee,0xee,0xef,0xee,0xee,0xee,0xde,0xee,0xee,0xee,0xee,0xee,0xed,0xee,0xee,0xee,0xee,0xee,0xee,0xee,0xee,0xee,0xee,0xee,0xee,0xee,0xce,0xcc,0xcc,
0xcc,0xdd,0xdd,0xdd,0xcd,0xcc,0xcc,0x6c,0xa4,0xbb,0xaa,0xba,0xcb,0xcc,0xcc,0xcc,0xcc,0xdd,0xdd,0xdd,0xde,0xde,0xed,0xed,0xdd,0xdd,0xed,0xee,0xee,0xee,0xee,0xee,
0xee,0xee,0xee,0xee,0xed,0xee,0xee,0xee,0xdd,0xdd,0xdd,0xde,0xed,0xdd,0xdd,0xdd,0xdd,0xee,0xee,0xee,0xee,0xee,0xee,0xee,0xde,0xee,0xee,0xde,0xdd,0xdd,0xee,0xdd,
0xed,0xde,0xdd,0xdd,0xdd,0xdd,0xdd,0xee,0xee,0xde,0xed,0xee,0xdd,0xed,0xde,0xdd,0xdd,0xdd,0xdd,0xdd,0xdd,0xed,0xee,0xee,0xee,0xee,0xee,0xee,0xee,0xee,0xee,0xee,
0xed,0xee,0xee,0xdd,0xdd,0xdd,0xde,0xdd,0xdd,0xdd,0xdd,0xdd,0xdd,0xdd,0xdd,0xdd,0xed,0xee,0xdd,0xed,0xdd,0xdd,0xdd,0xdd,0xde,0xde,0xee,0xdd,0xdd,0xdd,0xdd,0xdd,
0xdd,0xdd,0xdd,0xdd,0xdd,0xdd,0xdd,0xdd,0xdd,0xdd,0xdd,0xdd,0xdd,0xdd,0xdd,0xdd,0xdd,0xdd,0xdd,0xdd,0xdd,0xdd,0xdd,0xdd,0xdd,0xdd,0xdd,0xdd,0xdd,0xdc,0xdd,0xdd,
0xdd,0xdd,0xdd,0xdd,0xdd,0xdd,0xdd,0xde,0xed,0xde,0xdd,0xdd,0xdd,0xdd,0xdd,0xdd,0xdd,0xdd,0xdd,0xdd,0xdd,0xdd,0xdd,0xdd,0xdd,0xdd,0xdd,0xdd,0xdd,0xdd,0xdd,0xdd,
0xdd,0xdd,0xdd,0xdd,0xdd,0xdd,0xdd,0xdd,0xdd,0xdd,0xdd,0xee,0xee,0xdd,0xdd,0xed,0xdd,0xdd,0xdd,0xdd,0xdd,0xdd,0xdd,0xdd,0xdd,0xdd,0xdd,0xdd,0xdd,0xdd,0xdd,0xdd,
0xdd,0xdd,0xdd,0xdd,0xdd,0xdd,0xbd,0xdd,0xdd,0xdd,0xdd,0xdd,0xdd,0xdd,0xdd,0xdd,0xdd,0xdd,0xdd,0xdd,0xdd,0xdd,0xdd,0xdd,0xdd,0xdd,0xdd,0xdd,0xdd,0xdd,0xdd,0xdd,
0xdd,0xdd,0xdd,0xdd,0xdd,0xdd,0xdd,0xdd,0xdd,0xdd,0xdd,0xdd,0xdb,0xdd,0xdd,0xdd,0xdd,0xdd,0xdd,0xdd,0xdd,0xdd,0xdd,0xdd,0xdd,0xdd,0xdd,0xdd,0xdd,0xdd,0xdd,0xdd,
0xdd,0xdd,0xdd,0xdd,0xdd,0xdd,0xdd,0xdd,0xdd,0xdd,0xdd,0xdd,0xba,0xdb,0xbd,0xda,0xbb,0xaa,0xda,0xdd,0xaa,0xba,0xbb,0xbb,0xdd,0xdd,0xab,0xbb,0xdd,0xdd,0x7d,0xda,
0xdd,0xdd,0xdd,0xdd,0xdd,0xdd,0xdd,0xdd,0xdd,0xdd,0xdd,0xdb,0xdd,0xdd,0xdd,0xdd,0xdd,0xdd,0xdd,0xbb,0xdd,0xdd,0xad,0xbd,0xdd,0xdd,0xdd,0xab,0xdb,0xdd,0xdd,0xdd,
0xdd,0xdd,0xdd,0xbb,0xbd,0xdd,0xaa,0xba,0xba,0xdb,0xbb,0xbb,0xdd,0xdd,0xdd,0xdd,0xdd,0xdd,0xdd,0xdd,0xdd,0xdd,0xdd,0xdd,0xdd,0xdd,0xdd,0xdb,0xdd,0xdd,0xdd,0xdd,
0xdd,0xdd,0xdd,0xdd,0xdd,0xdd,0xdd,0xdd,0xdd,0xdd,0xdd,0xdd,0xdd,0xdb,0xdd,0xdd,0xbd,0xdd,0xdd,0xdd,0xdd,0xbd,0xdd,0xdd,0xdd,0xdd,0xdd,0xdd,0xdd,0xdd,0xdd,0xdd,
0x77,0xaa,0x7a,0xa7,0xaa,0xaa,0xba,0xdd,0xbb,0xdb,0xbb,0xbb,0xbb,0xdb,0xdd,0xdd,0xdd,0xdd,0xdd,0xdd,0xdd,0xdd,0xdd,0xdd,0xdd,0xda,0xdd,0xdd,0xdd,0xad,0xdd,0xdd,
0xdd,0xdd,0xdd,0xdd,0xdd,0xdd,0xdd,0xdd,0xdd,0xdd,0xdd,0xdd,0xdd,0xdd,0xdd,0xdd,0xdd,0xdd,0xdb,0xdd,0xdd,0xdd,0xdd,0xdd,0xdd,0xdd,0x77,0xaa,0x7a,0x77,0x77,0xa7,
0xaa,0xaa,0xaa,0x77,0x7a,0x77,0x7a,0xaa,0xaa,0xaa,0xaa,0xaa,0xba,0xbb,0xdb,0xdd,0xdd,0xdd,0xdd,0xdd,0xdd,0xdd,0xdd,0xdd,0xdd,0xdd,0xdd,0xdd,0xdd,0xdd,0xdd,0xdd,
0xdd,0xbb,0xbb,0xbb,0xab,0xbb,0xbb,0xbb,0xbb,0xbb,0xaa,0xba,0xbb,0xab,0xaa,0x7a,0xa7,0x77,0x77,0xa7,0xaa,0xfc,0x88,0xc8,0xbb,0xdd,0xdd,0xdd,0xdd,0xdd,0xbd,0xab,
0xaa,0x7a,0x77,0xa7,0xaa,0x7a,0x77,0x77,0x77,0x77,0xba,0xbb,0xbd,0xdd,0xbd,0xbb,0xbb,0xbb,0xbb,0xbb,0xbb,0xbb,0xbb,0xbb,0xbb,0xdb,0xbd,0xdb,0xbd,0xab,0xbb,0xaa,
0xaa,0xaa,0xaa,0x77,0x76,0x77,0x77,0x77,0x77,0xa7,0x77,0xa7,0xba,0xbb,0xa7,0x9f,0x88,0x88,0xc9,0xaa,0xaa,0xaa,0xaa,0xaa,0xaa,0xbb,0xbb,0xbb,0xbb,0xdb,0xdd,0xdd,
0x6b,0xbb,0xbb,0xab,0xba,0xaa,0x7a,0x77,0x77,0x77,0xa7,0xa7,0xaa,0xaa,0xaa,0xaa,0xaa,0x7a,0xa7,0x7a,0x7a,0x77,0x7a,0x77,0x77,0x77,0x77,0x77,0xa7,0xaa,0xaa,0xab,
0xdb,0xbd,0xbb,0xbb,0xbb,0xbb,0xbb,0xbb,0xff,0x88,0x88,0x38,0x83,0x79,0x77,0x77,0x77,0x77,0x77,0x77,0x77,0xaa,0xaa,0xba,0xbb,0xbb,0xaa,0xab,0xaa,0xbb,0xbb,0xbb,
0xab,0x77,0x6b,0xa7,0xaa,0x7a,0xa7,0xaa,0xaa,0xa7,0xda,0xab,0xba,0x7b,0xbb,0xba,0xbb,0xaa,0xba,0xbb,0xa6,0xaa,0xbb,0xbb,0xab,0xaa,0xba,0xab,0xaa,0xaa,0xaa,0xaa,
0x77,0xa7,0xff,0xff,0x88,0x83,0x38,0x98,0x77,0x77,0x77,0x77,0x77,0x77,0x77,0x77,0x77,0x77,0xaa,0xaa,0xaa,0x7a,0x77,0xaa,0xaa,0xbb,0xbb,0xbb,0xbb,0xbb,0xbb,0xdb,
0xba,0xbb,0x7b,0xba,0xdb,0xbb,0xbb,0xbb,0xbb,0xbb,0xbb,0xbb,0xdb,0xbd,0xbd,0xbb,0xbb,0xab,0x7a,0x77,0x77,0x77,0x77,0x77,0x77,0x77,0x77,0x97,0xff,0xff,0xff,0x88,
0x98,0x89,0x77,0x77,0x77,0x77,0x77,0x77,0x77,0x77,0x77,0x77,0x77,0x77,0x7a,0x77,0x77,0x77,0x77,0x77,0xa7,0x77,0xaa,0x7a,0xbb,0xbb,0xaa,0xaa,0xaa,0xaa,0xaa,0x7a,
0x77,0x77,0xa7,0xaa,0xaa,0xaa,0xaa,0xaa,0x7a,0x77,0x77,0x77,0x77,0x77,0x77,0x77,0x77,0x77,0x77,0x77,0x97,0x89,0xff,0xff,0xff,0x88,0xff,0x88,0x79,0x77,0x77,0x77,
0x77,0x77,0x77,0x77,0x77,0x77,0x77,0x77,0x77,0x77,0x77,0x77,0x77,0xaa,0x7a,0xa7,0xaa,0xaa,0x7a,0x77,0x77,0x77,0x77,0xa7,0x77,0x77,0x77,0x77,0x77,0x77,0x77,0x77,
0x77,0xa7,0xaa,0x77,0x77,0x77,0x77,0x77,0x77,0x67,0x77,0x77,0x77,0x77,0x88,0x88,0xff,0xff,0xff,0x88,0xff,0x88,0x98,0x66,0x66,0x67,0x66,0x66,0x66,0x66,0x76,0x77,
0x77,0x77,0x77,0x77,0x77,0x77,0x77,0x77,0x77,0x77,0x77,0x77,0x77,0x77,0x77,0x77,0x77,0x77,0x77,0x77,0x77,0x77,0x77,0x77,0x77,0x77,0x77,0x77,0x77,0x77,0x77,0x77,
0x77,0x77,0x77,0x77,0x66,0x66,0x56,0x89,0x22,0x83,0xff,0xff,0xff,0x8f,0xff,0x8f,0x9f,0x69,0x66,0x66,0xb6,0x7a,0x77,0x66,0x77,0x67,0x66,0x77,0x77,0x77,0x77,0x77,
0x77,0x77,0x77,0x77,0x77,0x77,0x77,0x77,0x77,0x77,0x77,0x77,0x77,0x77,0x77,0x77,0x77,0x77,0x77,0x77,0x77,0x77,0x67,0x66,0x76,0x56,0x45,0x75,0x77,0x67,0x76,0x77,
0x97,0xff,0x3f,0x88,0xf9,0xff,0xff,0xff,0xff,0xff,0xff,0x4f,0x44,0x54,0xec,0xce,0x6c,0xa9,0xbb,0xbb,0x67,0x67,0x76,0x67,0x55,0x44,0x64,0x54,0x77,0x77,0x77,0x77,
0x77,0x77,0x77,0x77,0x77,0x77,0x77,0x77,0x77,0x77,0x77,0x77,0x77,0x77,0x66,0x66,0x66,0x66,0xa7,0x77,0x77,0x77,0x77,0x77,0x77,0x77,0x89,0xf8,0xff,0xff,0x49,0xff,
0xff,0x44,0xf9,0x9f,0x89,0x49,0x44,0x64,0x66,0x99,0x44,0x65,0x7a,0x77,0x77,0x77,0xba,0xab,0xbb,0xc6,0xab,0x5a,0x44,0x66,0x66,0x76,0x77,0x77,0x77,0x77,0x77,0x77,
0x77,0x57,0x44,0x65,0x76,0x67,0x45,0x74,0x77,0xa7,0x77,0x77,0x77,0x77,0x77,0x77,0x77,0x77,0x77,0xe7,0x88,0xf8,0xf8,0x8f,0x44,0x64,0x66,0x56,0x65,0x66,0x66,0x66,
0x76,0x77,0x77,0x77,0x77,0x77,0x77,0x77,0x77,0x77,0x77,0x77,0x77,0x77,0x77,0x77,0x77,0x77,0x77,0x67,0x44,0x44,0x44,0x44,0x44,0x44,0x44,0x77,0xa7,0xaa,0x77,0x77,
0x77,0x77,0x77,0x77,0x77,0x77,0x77,0x77,0x77,0x77,0x77,0x77,0x77,0x97,0x88,0xff,0xff,0x8f,0x66,0x66,0x66,0x77,0x97,0x69,0x77,0x77,0x67,0x76,0x77,0x66,0x46,0x55,
0x66,0x76,0x77,0x77,0x77,0x67,0x66,0x77,0x77,0x77,0x77,0x77,0x77,0x77,0x77,0x77,0x77,0x7a,0x77,0x77,0x77,0x77,0x77,0x77,0x77,0x77,0x77,0x77,0x77,0x55,0x65,0x66,
0x76,0x56,0x55,0xf9,0x49,0x55,0x55,0xf9,0xf8,0xff,0x8f,0x88,0x54,0x55,0x55,0x45,0xff,0x89,0x79,0x46,0x44,0x44,0x45,0x64,0x95,0x96,0x49,0x54,0x44,0x66,0x66,0x77,
0x77,0x66,0x76,0x77,0x77,0x77,0x77,0x77,0x77,0x77,0x77,0x77,0x77,0x77,0x77,0x77,0x77,0x67,0x76,0x66,0x66,0x77,0x77,0x77,0x77,0x66,0x56,0x44,0xe6,0xee,0x59,0x44,
0x44,0xff,0xff,0xff,0xff,0xff,0x03,0x00,0x00,0xf0,0xff,0x99,0x99,0x64,0x66,0x66,0x76,0x66,0x77,0x99,0x45,0x65,0x65,0x44,0x66,0x77,0x77,0x66,0x66,0x66,0x66,0x66,
0x76,0x77,0x77,0x77,0x77,0x77,0x77,0x77,0x56,0x66,0x66,0x66,0x66,0x66,0x66,0x66,0x45,0x44,0x66,0x66,0x67,0x67,0x66,0x65,0x66,0x46,0x44,0x44,0xf4,0x0f,0xf0,0xff,
0x88,0x88,0x88,0xff,0xff,0xff,0xff,0x00,0x40,0x44,0x64,0x55,0x45,0x04,0x55,0x94,0x79,0x45,0x64,0x96,0x79,0x56,0x55,0x66,0x56,0x44,0x44,0x44,0x45,0x65,0x56,0x65,
0x44,0x64,0x67,0x66,0x66,0x66,0x66,0x69,0x46,0x64,0x69,0x66,0x50,0x66,0x66,0x65,0x65,0x66,0x66,0x66,0x66,0x66,0x65,0x45,0x54,0x46,0x33,0x33,0x88,0x8f,0xff,0xff,
0xff,0xf9,0x00,0x00,0x33,0x00,0x00,0x50,0x55,0x95,0x59,0x99,0x59,0x00,0x00,0x00,0x96,0x99,0x56,0x96,0x69,0x66,0x66,0x65,0x55,0x66,0x56,0x54,0x56,0x66,0x96,0x65,
0x06,0x50,0x54,0x69,0x66,0x66,0x54,0x55,0x55,0x55,0x00,0x00,0x44,0x44,0x44,0x44,0x00,0x00,0x00,0x88,0x28,0x22,0x22,0x32,0x88,0x88,0x38,0x83,0x83,0x88,0x88,0x13,
0x00,0x00,0x00,0x00,0x00,0x00,0x00,0x00,0x00,0x00,0x00,0x00,0x00,0x44,0x00,0x96,0x46,0x95,0x59,0x96,0x99,0x69,0x05,0x44,0x44,0x00,0x00,0x00,0x00,0x00,0x44,0x44,
0x00,0x00,0x00,0x00,0x00,0x30,0x33,0x11,0x11,0x11,0x81,0x88,0x88,0x88,0x19,0x13,0x11,0x11,0x33,0x23,0x22,0x33,0x83,0x83,0x88,0x88,0x33,0x33,0x13,0x00,0x00,0x00,
0x80,0x88,0x88,0x38,0x38,0x00,0x00,0x00,0x00,0x05,0x00,0x00,0x00,0x00,0x00,0x00,0x00,0x00,0x00,0x80,0x88,0x13,0x83,0x18,0x00,0x00,0x00,0x00,0x00,0x81,0x88,0x83,
0x88,0x88,0x33,0x23,0x33,0x22,0x83,0x83,0xf8,0x8f,0x11,0x11,0x11,0x21,0x32,0x33,0x33,0x33,0x33,0x32,0x33,0x88,0x88,0x88,0x88,0x88,0x88,0x88,0x88,0x88,0x88,0x38,
0x83,0x00,0x00,0x00,0x00,0x00,0x00,0x00,0x00,0x00,0x00,0x10,0x88,0x88,0x88,0x88,0x88,0x88,0x88,0x88,0x88,0x88,0x88,0x88,0x88,0x88,0x38,0x38,0x33,0x22,0x22,0x22,
0x22,0x22,0x11,0x11,0x11,0x11,0x11,0x11,0x11,0x31,0x33,0x33,0x23,0x22,0x22,0x22,0x22,0x22,0x23,0x33,0x33,0x33,0x33,0x83,0x88,0x88,0x88,0x88,0x88,0x88,0x88,0x88,
0x88,0x88,0x88,0x88,0x88,0x88,0x88,0x88,0x88,0x88,0x88,0x23,0x22,0x32,0x33,0x33,0x32,0x33,0x33,0x33,0x33,0x23,0x22,0x22,0x22,0x22,0x11,0x11,0x22,0x23,0x33,0x83,
0x38,0x13,0x11,0x11,0x11,0x11,0x21,0x11,0x11,0x21,0x22,0x22,0x22,0x22,0x32,0x23,0x22,0x32,0x23,0x33,0x38,0x33,0x33,0x88,0x38,0x33,0x83,0x22,0x22,0x22,0x22,0x22,
0x33,0x33,0x33,0x33,0x22,0x22,0x22,0x22,0x22,0x22,0x12,0x11,0x22,0x32,0x33,0x22,0x32,0x28,0x11,0x11,0x11,0x11,0x11,0x11,0x11,0x31,0x23,0x32,0x13,0x11,0x11,0x11,
0x11,0x11,0x11,0x11,0x23,0x33,0x33,0x33,0x12,0x11,0x11,0x21,0x22,0x22,0x22,0x22,0x22,0x22,0x22,0x22,0x12,0x22,0x22,0x22,0x22,0x12,0x22,0x22,0x22,0x22,0x11,0x32,
0x32,0x32,0x32,0x22,0x22,0x21,0x33,0x11,0x11,0x11,0x11,0x11,0x11,0x11,0x31,0x89,0x11,0x11,0x11,0x11,0x11,0x11,0x11,0x11,0x11,0x11,0x11,0x11,0x11,0x21,0x33,0x12,
0x11,0x11,0x11,0x21,0x12,0x22,0x23,0x11,0x11,0x11,0x21,0x22,0x22,0x22,0x22,0x21,0x12,0x11,0x11,0x11,0x31,0x33,0x83,0x88,0x38,0x88,0x12,0x12,0x11,0x21,0x11,0x11,
0x11,0x11,0x11,0x11,0x11,0x11,0x11,0x11,0x11,0x11,0x11,0x11,0x11,0x11,0x11,0x11,0x11,0x11,0x11,0x11,0x11,0x11,0x11,0x11,0x11,0x11,0x11,0x11,0x21,0x22,0x22,0x32,
0x88,0x33,0x33,0x33,0x23,0x12,0x00,0x00,0x00,0x00,0x10,0x11,0x21,0x22,0x82,0x38,0x21,0x11,0x11,0x11,0x11,0x11,0x11,0x11,0x11,0x11,0x11,0x11,0x11,0x11,0x11,0x11,
0x11,0x11,0x11,0x11,0x11,0x11,0x11,0x11,0x11,0x11,0x18,0x11,0x11,0x11,0x11,0x11,0x11,0x11,0x11,0x11,0x11,0x11,0x11,0x11,0x11,0x11,0x11,0x11,0x11,0x11,0x11,0x21,
0x11,0x21,0x22,0x22,0x22,0x11,0x11,0x11,0x11,0x11,0x11,0x11,0x11,0x11,0x11,0x11,0x11,0x11,0x11,0x11,0x11,0x11,0x11,0x11,0x11,0x11,0x11,0x21,0x23,0x32,0x33,0x88,
0x23,0x23,0x11,0x83,0x88,0x83,0x11,0x11,0x11,0x11,0x11,0x11,0x11,0x11,0x11,0x11,0x11,0x11,0x11,0x11,0x11,0x11,0x11,0x11,0x11,0x11,0x11,0x11,0x11,0x11,0x11,0x11,
0x11,0x11,0x11,0x11,0x11,0x11,0x11,0x11,0x11,0x11,0x11,0x11,0x11,0x11,0x11,0x11,0x11,0x28,0x11,0x23,0x22,0x11,0x11,0x11,0x33,0x88,0x88,0x88,0x88,0x88,0x88,0x33,
0x33,0x22,0x22,0x21,0x81,0x21,0x11,0x11,0x11,0x11,0x11,0x11,0x11,0x11,0x11,0x11,0x11,0x11,0x11,0x11,0x11,0x11,0x11,0x11,0x11,0x11,0x11,0x11,0x11,0x11,0x11,0x11,
0x11,0x11,0x11,0x11,0x11,0x22,0x82,0x33,0x33,0x32,0x28,0x11,0x88,0x38,0x11,0x11,0x11,0x11,0x88,0x33,0x33,0x23,0x23,0x11,0x11,0x11,0x11,0x11,0x11,0x11,0x31,0x33,
0x11,0x11,0x11,0x11,0x11,0x11,0x11,0x11,0x11,0x11,0x11,0x11,0x11,0x11,0x11,0x11,0x11,0x01,0x11,0x11,0x11,0x11,0x11,0x11,0x11,0x21,0x22,0x23,0x81,0x38,0x23,0x11,
0x11,0x11,0x11,0x32,0x11,0x11,0x11,0x32,0x38,0x12,0x11,0x11,0x11,0x11,0x11,0x11,0x11,0x11,0x11,0x11,0x22,0x32,0x83,0x88,0x88,0x33,0x83,0x23,0x32,0x82,0x18,0x33,
0x33,0x22,0x11,0x11,0x11,0x11,0x11,0x11,0x31,0x11,0x81,0x12,0x22,0x11,0x11,0x11,0x21,0x33,0x12,0x22,0x22,0x22,0x22,0x11,0x11,0x11,0x11,0x11,0x11,0x31,0x33,0x33,
0x33,0x33,0x33,0x38,0x83,0x38,0x11,0x11,0x11,0x11,0x11,0x21,0x22,0x23,0x22,0x22,0x22,0x23,0x32,0x33,0x33,0x88,0x88,0x88,0x88,0x33,0x22,0x12,0x11,0x11,0x11,0x11,
0x11,0x11,0x11,0x21,0x22,0x22,0x22,0x22,0x22,0x22,0x22,0x22,0x21,0x22,0x22,0x22,0x33,0x11,0x11,0x11,0x11,0x21,0x22,0x33,0x33,0x33,0x33,0x33,0x33,0x33,0x22,0x12,
0x11,0x11,0x11,0x11,0x11,0x11,0x11,0x11,0x11,0x11,0x11,0x11,0x12,0x11,0x11,0x11,0x11,0x11,0x11,0x22,0x22,0x22,0x22,0x22,0x22,0x22,0x22,0x23,0x23,0x12,0x11,0x11,
0x11,0x11,0x11,0x11,0x11,0x11,0x11,0x11,0x11,0x11,0x11,0x21,0x22,0x22,0x12,0x22,0x22,0x22,0x12,0x11,0x21,0x12,0x11,0x11,0x11,0x11,0x11,0x11,0x11,0x11,0x11,0x11,
0x11,0x11,0x11,0x11,0x11,0x11,0x11,0x11,0x11,0x11,0x11,0x11,0x11,0x11,0x11,0x21,0x11,0x11,0x22,0x22,0x33,0x38,0x88,0x28,0x32,0x11,0x11,0x11,0x11,0x11,0x11,0x11,
0x11,0x11,0x11,0x11,0x11,0x11,0x11,0x22,0x22,0x22,0x22,0x11,0x11,0x11,0x11,0x11,0x11,0x11,0x11,0x11,0x11,0x11,0x11,0x31,0x13,0x11,0x11,0x11,0x11,0x11,0x11,0x11,
0x22,0x22,0x22,0x11,0x22,0x22,0x22,0x22,0x22,0x22,0x22,0x12,0x21,0x22,0x22,0x22,0x22,0x22,0x22,0x22,0x22,0x12,0x11,0x11,0x11,0x11,0x11,0x11,0x11,0x11,0x11,0x21,
0x11,0x11,0x11,0x11,0x11,0x11,0x11,0x11,0x11,0x11,0x11,0x11,0x11,0x11,0x11,0x11,0x11,0x31,0x88,0x38,0x83,0x13,0x11,0x11,0x11,0x33,0x83,0x38,0x38,0x23,0x22,0x22,
0x12,0x22,0x22,0x22,0x22,0x11,0x11,0x11,0x21,0x11,0x22,0x22,0x22,0x22,0x22,0x12,0x11,0x22,0x22,0x22,0x12,0x11,0x11,0x11,0x11,0x11,0x11,0x11,0x11,0x11,0x21,0x12,
0x11,0x11,0x11,0x11,0x11,0x11,0x11,0x11,0x88,0x33,0x88,0x88,0x12,0x11,0x11,0x11,0x11,0x93,0x38,0x21,0x21,0x22,0x12,0x21,0x21,0x22,0x11,0x22,0x22,0x22,0x11,0x11,
0x11,0x11,0x11,0x11,0x21,0x22,0x22,0x22,0x22,0x22,0x21,0x22,0x22,0x22,0x11,0x21,0x12,0x11,0x11,0x12,0x11,0x11,0x11,0x11,0x11,0x12,0x11,0x11,0x11,0x11,0x11,0x12,
0x11,0x11,0x99,0x8f,0x38,0x88,0x23,0x32,0x83,0x18,0x81,0xff,0x99,0x19,0x11,0x21,0x22,0x11,0x11,0x11,0x11,0x22,0x22,0x11,0x11,0x11,0x11,0x11,0x21,0x11,0x21,0x22,
0x22,0x22,0x22,0x22,0x32,0x33,0x33,0x88,0x38,0x33,0x11,0x11,0x21,0x12,0x11,0x11,0x11,0x11,0x11,0x11,0x81,0x33,0x23,0x11,0x11,0x11,0x11,0x32,0x99,0x99,0x38,0x83,
0x83,0x88,0x88,0x88,0xf8,0xff,0xff,0x8f,0x21,0x83,0x11,0x11,0x11,0x11,0x11,0x11,0x11,0x11,0x11,0x11,0x11,0x11,0x21,0x22,0x22,0x22,0x12,0x22,0x22,0x22,0x22,0x22,
0x22,0x33,0x33,0x88,0x13,0x22,0x22,0x12,0x11,0x11,0x11,0x11,0x11,0x11,0x11,0x83,0x88,0x33,0x83,0x38,0x31,0x88,0x99,0x99,0x89,0x22,0x82,0x88,0x88,0x88,0x88,0xff,
0x38,0x38,0x11,0x11,0x11,0x11,0x81,0x38,0x23,0x11,0x22,0x11,0x11,0x11,0x11,0x11,0x21,0x22,0x22,0x22,0x22,0x22,0x22,0x22,0x22,0x22,0x22,0x22,0x22,0x32,0x32,0x38,
0x22,0x12,0x11,0x11,0x11,0x11,0x21,0x32,0x33,0x33,0x88,0x88,0x88,0x88,0x88,0x88,0x9f,0xf9,0xff,0x18,0x11,0x11,0x21,0x23,0x88,0x88,0x88,0x88,0x13,0x21,0x23,0x33,
0x88,0x11,0x33,0x13,0x11,0x11,0x11,0x11,0x22,0x11,0x81,0x28,0x22,0x22,0x22,0x22,0x22,0x22,0x22,0x22,0x22,0x22,0x11,0x11,0x11,0x31,0x11,0x11,0x11,0x11,0x11,0x21,
0x33,0x88,0x33,0x83,0x88,0x88,0x88,0x88,0x88,0x88,0xff,0xff,0xff,0x1f,0x11,0x11,0x11,0x11,0x11,0x21,0x83,0x88,0x88,0x88,0x88,0x88,0x88,0x28,0x21,0x23,0x32,0x13,
0x32,0x33,0x33,0x23,0x83,0x88,0x88,0x22,0x22,0x22,0x22,0x22,0x22,0x22,0x22,0x12,0x11,0x11,0x11,0x11,0x81,0x23,0x12,0x88,0x32,0x38,0x88,0x83,0x38,0x88,0x88,0x88,
0x38,0x38,0x38,0x11,0xff,0xff,0xff,0x3f,0x81,0x19,0x11,0x11,0x11,0x82,0x88,0x88,0x88,0x88,0x88,0x88,0x88,0x88,0x38,0x12,0x31,0x11,0x83,0x33,0x88,0x88,0x88,0x38,
0x33,0x22,0x22,0x22,0x22,0x22,0x22,0x22,0x22,0x22,0x22,0x22,0x21,0x13,0x23,0x88,0x88,0x88,0x88,0x88,0x88,0x88,0x88,0x88,0x38,0x23,0x13,0x11,0x11,0x11,0x8f,0x13,
0x88,0x18,0x81,0x18,0x18,0x11,0x82,0x32,0x33,0x33,0x22,0x83,0x88,0x88,0x88,0x88,0x88,0x88,0x88,0x33,0x88,0x88,0x38,0x13,0x11,0x12,0x21,0x22,0x22,0x22,0x22,0x22,
0x22,0x22,0x22,0x23,0x32,0x88,0x88,0x88,0x88,0x88,0x88,0x88,0x88,0x88,0x83,0x38,0x23,0x22,0x12,0x11,0x11,0x11,0x11,0x88,0x38,0x11,0x11,0x11,0x11,0x31,0x88,0x88,
0x88,0x21,0x33,0x12,0x11,0x11,0x32,0x22,0x88,0x88,0x88,0x88,0x88,0x88,0x88,0x88,0x88,0x83,0x38,0x12,0x11,0x22,0x33,0x22,0x22,0x22,0x22,0x32,0x33,0x38,0x88,0x88,
0x88,0x88,0x88,0x88,0x88,0x88,0x88,0x83,0x11,0x11,0x11,0x11,0x11,0x11,0x12,0x88,0x88,0x88,0x11,0x11,0x11,0x21,0x88,0x88,0x88,0x88,0x88,0x88,0x38,0x18,0x11,0x11,
0x11,0x11,0x11,0x11,0x88,0x88,0x88,0x33,0x88,0x83,0x88,0x88,0x88,0x88,0x23,0x23,0x22,0x22,0x22,0x22,0x22,0x22,0x22,0x22,0x22,0x22,0x22,0x33,0x23,0x88,0x38,0x83,
0x13,0x11,0x88,0x18,0x11,0x11,0x13,0x22,0x88,0x88,0x88,0x88,0x21,0x22,0x32,0x33,0x33,0x38,0x83,0x88,0x88,0x88,0x88,0x38,0x12,0x11,0x11,0x11,0x11,0x21,0x83,0x12,
0x11,0x11,0x23,0x82,0x88,0x88,0x88,0x88,0x88,0x28,0x11,0x11,0x11,0x11,0x22,0x22,0x22,0x22,0x22,0x22,0x22,0x22,0x22,0x23,0x11,0x11,0x11,0x11,0x23,0x11,0x11,0x31,
0x88,0x88,0x88,0x88,0x88,0x88,0x33,0x33,0x33,0x33,0x33,0x33,0x33,0x33,0x33,0x33,0x33,0x33,0x32,0x23,0x22,0x22,0x22,0x32,0x12,0x11,0x11,0x11,0x11,0x21,0x32,0x31,
0x83,0x38,0x22,0x22,0x11,0x11,0x11,0x11,0x11,0x11,0x11,0x12,0x22,0x22,0x22,0x22,0x32,0x88,0x38,0x33,0x33,0x31,0x11,0x32,0x88,0x88,0x88,0x88,0x88,0x88,0x88,0x38,
0x33,0x33,0x33,0x33,0x33,0x33,0x33,0x33,0x33,0x33,0x33,0x23,0x33,0x33,0x33,0x33,0x33,0x22,0x11,0x13,0x12,0x11,0x22,0x21,0x22,0x22,0x22,0x22,0x22,0x22,0x22,0x22,
0x22,0x32,0x88,0x28,0x23,0x23,0x88,0x22,0x22,0x22,0x88,0x88,0x88,0x88,0x88,0x88,0x88,0x88,0x88,0x88,0x88,0x88,0x88,0x88,0x88,0x18,0x88,0x88,0x33,0x33,0x33,0x33,
0x33,0x33,0x33,0x33,0x33,0x33,0x33,0x33,0x33,0x33,0x23,0x22,0x22,0x22,0x22,0x23,0x22,0x23,0x22,0x22,0x22,0x22,0x22,0x22,0x33,0x33,0x33,0x33,0x23,0x22,0x22,0x22,
0x22,0x22,0x22,0x22,0x22,0x22,0x22,0x32,0x88,0x88,0x88,0x88,0x88,0x88,0x88,0x88,0x88,0x88,0x88,0x88,0x88,0x88,0x88,0x88,0x33,0x33,0x33,0x33,0x33,0x33,0x33,0x33,
0x33,0x33,0x33,0x33,0x33,0x23,0x22,0x22,0x22,0x22,0x22,0x22,0x22,0x22,0x22,0x23,0x83,0x38,0x33,0x33,0x33,0x33,0x33,0x22,0x22,0x22,0x22,0x22,0x22,0x22,0x22,0x32,
0x33,0x88,0x88,0x88,0x88,0x88,0x88,0x88,0x88,0x88,0x88,0x88,0x83,0x38,0x88,0x88,0x88,0x88,0x88,0x38,0x33,0x33,0x33,0x33,0x33,0x33,0x33,0x33,0x33,0x33,0x32,0x33,
0x23,0x22,0x22,0x22,0x22,0x22,0x22,0x32,0x33,0x33,0x23,0x32,0x33,0x33,0x33,0x33,0x33,0x23,0x22,0x22,0x22,0x22,0x22,0x22,0x83,0x88,0x88,0x88,0x88,0x88,0x88,0x88,
0x88,0x88,0x88,0x38,0x23,0x22,0x22,0x32,
},
{ // electric
0xee,0xee,0xee,0xee,0xee,0xee,0xee,0xee,0xee,0xee,0xee,0xee,0xee,0xee,0xee,0xee,0xee,0xee,0xee,0xee,0xee,0xee,0xee,0xee,0xee,0xee,0xee,0xee,0xee,0xee,0xee,0xee,
0xee,0xee,0xee,0xee,0xee,0xee,0xee,0xee,0xee,0xee,0xee,0xee,0xee,0xee,0xee,0xee,0xee,0xee,0xee,0xee,0xee,0xee,0xee,0xee,0xee,0xee,0xee,0xee,0xee,0xee,0xee,0xee,
0xee,0xee,0xee,0xee,0xee,0xee,0xee,0xee,0xee,0xee,0xee,0xee,0xee,0xee,0xee,0xee,0xee,0xee,0xee,0xee,0xee,0xee,0xee,0xee,0xee,0xee,0xee,0xee,0xee,0xee,0xee,0xee,
0xee,0xee,0xee,0xee,0xee,0xee,0xee,0xee,0xee,0xee,0xee,0xee,0xee,0xee,0xee,0xee,0xee,0xee,0xee,0xee,0xee,0xee,0xee,0xee,0xee,0xee,0xee,0xee,0xee,0xee,0xee,0xee,
0xee,0xee,0xee,0xee,0xee,0xee,0xee,0xee,0xee,0xee,0xee,0xee,0xee,0xee,0xee,0xee,0xee,0xee,0xee,0xee,0xee,0xee,0xee,0xee,0xee,0xee,0xee,0xee,0xee,0xee,0xee,0xee,
0xee,0xee,0xee,0xee,0xee,0xee,0xee,0xee,0xee,0xee,0xee,0xee,0xee,0xee,0xee,0xee,0xee,0xee,0xee,0xee,0xee,0xee,0xee,0xee,0xee,0xee,0xee,0xee,0xee,0xee,0xee,0xee,
0xee,0xee,0xee,0xee,0xee,0xee,0xee,0xee,0xee,0xee,0xee,0xee,0xee,0xee,0xee,0xee,0xee,0xee,0xee,0xee,0xee,0xee,0xee,0xee,0xee,0xee,0xee,0xee,0xee,0xee,0xee,0xee,
0xee,0xee,0xee,0xee,0xee,0xee,0xee,0xee,0xee,0xee,0xee,0xee,0xee,0xaa,0xaa,0xea,0xee,0xee,0xee,0xee,0xee,0xee,0xee,0xee,0xee,0xee,0xee,0xee,0xee,0xee,0xee,0xee,
0xee,0xee,0xee,0xee,0xee,0xee,0xee,0xee,0xee,0xee,0xee,0xee,0xee,0xee,0xee,0xee,0xee,0xee,0xee,0xee,0xee,0xee,0xee,0xee,0xee,0xee,0xee,0xee,0xee,0xee,0xee,0xee,
0xee,0xee,0xee,0xee,0xee,0xee,0xae,0x00,0x00,0xa0,0xee,0xee,0xee,0xee,0xee,0xee,0xee,0xee,0xee,0xee,0xee,0xee,0xee,0xee,0xee,0xee,0xee,0xee,0xee,0xee,0xee,0xee,
0xee,0xee,0xee,0xee,0xee,0xee,0xee,0xee,0xee,0xee,0xee,0xee,0xee,0xee,0xee,0xee,0xee,0xee,0xee,0xee,0xee,0xee,0xee,0xee,0xee,0xee,0xee,0xee,0xee,0xee,0xee,0xee,
0x00,0x00,0x00,0x00,0xa0,0xee,0xee,0xee,0xee,0xee,0xee,0xee,0xee,0xee,0xee,0xee,0xee,0xee,0xee,0xee,0xee,0xee,0xee,0xee,0xee,0xee,0xee,0xee,0xee,0xee,0xee,0xee,
0xee,0xee,0xee,0xee,0xee,0xee,0xee,0xee,0xee,0xee,0xee,0xee,0xee,0xee,0xee,0xee,0xee,0xee,0xee,0xee,0xee,0x0a,0xee,0xee,0xee,0xaa,0x00,0x00,0x00,0x00,0x00,0xee,
0xee,0xee,0xee,0xee,0xee,0xee,0xee,0xee,0xee,0xee,0xee,0xee,0xee,0xee,0xee,0xee,0xee,0xee,0xee,0xee,0xee,0xee,0xee,0xee,0xee,0xee,0xee,0xee,0xee,0xee,0xee,0xee,
0xee,0xee,0xee,0xee,0xee,0xee,0xee,0xee,0xee,0xee,0xee,0xee,0xee,0xee,0xae,0x00,0xee,0xee,0x0a,0x00,0x00,0x00,0x00,0x00,0x00,0xea,0xee,0xee,0xea,0xee,0xee,0xee,
0xee,0xee,0xee,0xee,0xee,0xee,0xee,0xee,0xee,0xee,0xee,0xee,0xee,0xee,0xee,0xee,0xee,0xee,0xee,0xee,0xee,0xee,0xee,0xee,0xee,0xee,0xee,0xee,0xee,0xee,0xee,0xee,
0xee,0xee,0xee,0xee,0xee,0xee,0xee,0xee,0x0e,0x00,0xee,0xae,0x00,0x00,0x00,0x00,0x00,0x00,0x00,0xea,0xee,0x0a,0x00,0xaa,0xee,0xee,0xee,0xee,0xee,0xee,0xee,0xee,
0xee,0xee,0xee,0xee,0xee,0xee,0xee,0xee,0xee,0xee,0xee,0xee,0xee,0xee,0xee,0xee,0xee,0xee,0xee,0xee,0xee,0xee,0xee,0xee,0xee,0xee,0xee,0xee,0xee,0xee,0xee,0xee,
0xee,0xee,0x0a,0x00,0xee,0xae,0x00,0x00,0x00,0x00,0x00,0x00,0x00,0xa0,0xae,0x00,0x00,0x00,0xee,0xee,0xee,0xee,0xea,0xee,0xee,0xee,0xee,0xee,0xee,0xee,0xee,0xee,
0xee,0xae,0xea,0xee,0xee,0xee,0xee,0xae,0xee,0xee,0xee,0xee,0xee,0xee,0xee,0xee,0xee,0xee,0xee,0xee,0xaa,0xae,0xea,0xee,0xee,0xee,0xee,0xee,0x00,0x00,0xee,0xae,
0x00,0x00,0x00,0x00,0x00,0x00,0x00,0x00,0x0a,0x00,0x00,0x00,0xee,0xee,0xee,0xae,0xaa,0xaa,0xaa,0xaa,0xee,0xaa,0xee,0xee,0xee,0xea,0xee,0xaa,0xaa,0xaa,0xaa,0xaa,
0xaa,0xaa,0xaa,0xaa,0xee,0xee,0xaa,0xaa,0xee,0xae,0xaa,0xaa,0xaa,0xaa,0xaa,0xaa,0xaa,0xaa,0xae,0xaa,0xaa,0xee,0x00,0x00,0xaa,0xea,0x0a,0x00,0x00,0x00,0x00,0x00,
0x00,0x00,0x00,0x00,0x00,0x00,0x00,0xea,0xee,0xaa,0xaa,0xaa,0xaa,0xaa,0xaa,0xaa,0xaa,0xaa,0xaa,0xaa,0xaa,0xaa,0xaa,0xaa,0xaa,0xaa,0xaa,0xaa,0xaa,0xaa,0xea,0xaa,
0xaa,0xaa,0xaa,0xaa,0xaa,0xaa,0xaa,0xaa,0xaa,0xaa,0xaa,0xaa,0xaa,0x00,0xa0,0xea,0x0a,0x00,0x00,0xa0,0x00,0x00,0x00,0x00,0x00,0x00,0x00,0x00,0x00,0x00,0x00,0x00,
0x00,0xe0,0xaa,0xaa,0xaa,0xaa,0xaa,0xaa,0xaa,0xaa,0xaa,0xaa,0xaa,0xaa,0xaa,0xaa,0xaa,0xaa,0xaa,0xaa,0xaa,0xaa,0xaa,0xaa,0xaa,0xaa,0xaa,0xaa,0xaa,0xaa,0xaa,0xaa,
0xaa,0xaa,0xaa,0xaa,0xaa,0xaa,0xae,0xaa,0xaa,0xae,0xae,0x0a,0x00,0x00,0x00,0x00,0x00,0x00,0x00,0x00,0x00,0x00,0x00,0x00,0x00,0x00,0x00,0xa0,0xaa,0xaa,0xaa,0xaa,
0xaa,0xaa,0xaa,0xaa,0xaa,0xaa,0xaa,0xaa,0xaa,0xaa,0xaa,0xaa,0xaa,0xaa,0xaa,0xaa,0xaa,0xaa,0xaa,0xaa,0xaa,0xaa,0xaa,0xaa,0xaa,0xaa,0xaa,0xaa,0xaa,0xaa,0xaa,0xaa,
0xaa,0xaa,0xae,0x00,0xea,0x0a,0x00,0x00,0x00,0x00,0x00,0x00,0x00,0x00,0x00,0x00,0x00,0x00,0x00,0x00,0x00,0xa0,0xaa,0xaa,0xaa,0xaa,0xaa,0xaa,0xaa,0xaa,0xaa,0xaa,
0xaa,0xaa,0xaa,0xaa,0xaa,0xaa,0xaa,0xaa,0xaa,0xaa,0xaa,0xaa,0xaa,0xaa,0xaa,0xaa,0xaa,0xaa,0xaa,0xaa,0xaa,0xaa,0xaa,0xaa,0xaa,0xaa,0xaa,0xaa,0x0a,0x00,0x00,0x00,
0x25,0x00,0x00,0x00,0x00,0x00,0x22,0x00,0x00,0x00,0x00,0x00,0x00,0x00,0x00,0x00,0xaa,0xaa,0xaa,0xaa,0xaa,0xaa,0xaa,0xaa,0xaa,0xaa,0xaa,0xaa,0xaa,0xaa,0xaa,0xaa,
0xaa,0xaa,0xaa,0xaa,0xaa,0xaa,0xaa,0xaa,0xaa,0xaa,0xaa,0xaa,0xaa,0xaa,0xaa,0xaa,0xaa,0xaa,0xaa,0xaa,0xaa,0xaa,0x00,0x00,0x00,0x00,0x53,0x02,0x00,0x00,0x00,0x20,
0x23,0x00,0x00,0x00,0x00,0x00,0x00,0x00,0x00,0x00,0xaa,0xaa,0xaa,0xaa,0xaa,0xaa,0xaa,0xaa,0x0a,0xaa,0xaa,0xaa,0xaa,0xaa,0xaa,0xaa,0xaa,0xaa,0xaa,0xaa,0xaa,0xaa,
0xaa,0xaa,0xaa,0xaa,0xaa,0xaa,0xaa,0xaa,0xaa,0xaa,0xaa,0xaa,0xaa,0xaa,0xaa,0x0a,0x00,0x00,0x00,0x00,0x33,0x08,0x00,0x00,0x00,0x20,0x33,0x02,0x00,0x00,0x00,0x00,
0x00,0x00,0x00,0xa0,0x0a,0xaa,0xaa,0xaa,0xaa,0xaa,0xaa,0x00,0x00,0x00,0xaa,0xaa,0xaa,0xaa,0xaa,0xaa,0xaa,0xaa,0xaa,0xaa,0xaa,0xaa,0xaa,0xaa,0xaa,0xaa,0xaa,0xaa,
0xaa,0xaa,0xaa,0xaa,0x00,0xa0,0xaa,0xaa,0xaa,0x0a,0x00,0x00,0x00,0x00,0x33,0x65,0x00,0x00,0x00,0x00,0x4c,0x00,0x00,0x00,0x00,0x00,0x00,0x00,0x00,0xa0,0xaa,0xaa,
0xaa,0xaa,0xaa,0xaa,0xaa,0x00,0x00,0x00,0xa0,0xaa,0xaa,0xaa,0xaa,0xaa,0xaa,0xaa,0xaa,0xaa,0xaa,0xaa,0xaa,0xaa,0xaa,0xaa,0xaa,0xaa,0xaa,0xaa,0xaa,0xaa,0x00,0x00,
0x00,0xa0,0xaa,0xaa,0x00,0x00,0x00,0x00,0x53,0x35,0x06,0x00,0x00,0x00,0x8c,0x00,0x00,0x00,0x00,0x00,0x00,0x00,0xa0,0xaa,0xaa,0xaa,0xaa,0xaa,0xaa,0xaa,0xaa,0x00,
0x00,0x00,0x00,0xa0,0xaa,0xaa,0xaa,0xaa,0xaa,0xaa,0xaa,0xaa,0xaa,0xaa,0xaa,0xaa,0xaa,0xaa,0xaa,0xaa,0xaa,0xaa,0xaa,0x0a,0x00,0x00,0x00,0xa0,0xaa,0x00,0x00,0x00,
0x00,0x00,0x58,0x55,0x05,0x00,0x00,0x00,0x8c,0x00,0x00,0x00,0x00,0x00,0x00,0x00,0xa0,0xaa,0xaa,0xaa,0xaa,0xaa,0xaa,0x0a,0x00,0x00,0x00,0x00,0x00,0x00,0xaa,0xaa,
0xaa,0xaa,0xaa,0xaa,0xaa,0xaa,0xaa,0xaa,0xaa,0xaa,0xaa,0xaa,0xaa,0xaa,0xaa,0xaa,0xaa,0x0a,0x00,0x00,0x00,0x00,0x0a,0x00,0x00,0x00,0x00,0x00,0xcc,0xcc,0x0c,0x00,
0x00,0x00,0x07,0x00,0x00,0x00,0x00,0x00,0x00,0x00,0x00,0x0a,0xaa,0xaa,0xaa,0xaa,0xaa,0x0a,0x00,0x00,0x00,0x00,0x00,0x00,0xa0,0xaa,0xaa,0xaa,0xaa,0xaa,0xaa,0xaa,
0xaa,0xaa,0xaa,0xaa,0xaa,0xaa,0xaa,0xaa,0xaa,0xaa,0x0a,0x00,0x00,0x00,0x00,0x00,0x00,0x00,0x00,0x00,0x00,0x00,0xc5,0xcf,0x07,0x00,0x00,0x00,0x09,0x00,0x00,0x00,
0x00,0x00,0x00,0x00,0x00,0x00,0xa0,0xaa,0xaa,0xaa,0xaa,0x0a,0x00,0x00,0x00,0x00,0x00,0x00,0xa0,0xaa,0xaa,0xaa,0xaa,0xaa,0xaa,0xaa,0xaa,0xaa,0xaa,0xaa,0xaa,0xaa,
0xaa,0xaa,0x0a,0xa0,0x0a,0x00,0x00,0x00,0x00,0x00,0x00,0x00,0x00,0x00,0x00,0x00,0x5c,0x7c,0x00,0x00,0x00,0x00,0x0c,0x00,0x00,0x00,0x00,0x00,0x00,0x00,0x00,0x00,
0x00,0xaa,0x00,0x00,0xaa,0xaa,0x00,0x00,0x00,0x00,0x00,0x00,0xa0,0xaa,0xaa,0xaa,0xaa,0xaa,0xaa,0xaa,0xaa,0xaa,0xaa,0xaa,0xaa,0xaa,0xaa,0x0a,0x00,0x00,0x00,0x00,
0x00,0x00,0x00,0x00,0x00,0x00,0x00,0x00,0x00,0x00,0xcc,0xc5,0x00,0x00,0x00,0xc0,0x8c,0x03,0x00,0x00,0x00,0x00,0x00,0x00,0x00,0x00,0x00,0xa0,0x00,0x00,0xa0,0x0a,
0x00,0x00,0x00,0x00,0x00,0x00,0xaa,0xaa,0xaa,0xaa,0xaa,0xaa,0xaa,0xaa,0xaa,0xaa,0xaa,0xaa,0xaa,0xaa,0x0a,0x00,0x00,0x00,0x00,0x00,0x00,0x00,0x00,0x00,0x00,0x00,
0x00,0xa0,0xaa,0x00,0xff,0xcf,0x00,0x00,0x00,0xc0,0x27,0x08,0x00,0x00,0x00,0x00,0x00,0x00,0x00,0x00,0x00,0x00,0x00,0x00,0x00,0x00,0x00,0x00,0x00,0x00,0x00,0x00,
0xaa,0xaa,0x0a,0xaa,0xaa,0xaa,0xaa,0xaa,0xaa,0xaa,0xaa,0x00,0x0a,0x00,0x00,0x00,0x00,0x00,0x00,0x00,0x00,0x00,0xa0,0x0b,0x00,0x00,0xa0,0xaa,0x0a,0xa0,0xfd,0x0c,
0x00,0xa0,0x00,0xc7,0x27,0x07,0x00,0x00,0x00,0x00,0x00,0x00,0x00,0x00,0x00,0x00,0x00,0x00,0x00,0x00,0x00,0x00,0x00,0x00,0x00,0x00,0xa0,0xaa,0x00,0xa0,0xaa,0xaa,
0xaa,0xaa,0xaa,0xaa,0xaa,0xaa,0xaa,0xaa,0xaa,0xaa,0xa0,0xaa,0xaa,0x0a,0x00,0xa0,0xee,0xbb,0x0b,0xa0,0xaa,0xaa,0x0a,0x00,0x00,0x00,0xa0,0x0a,0x0a,0x99,0x2c,0x7c,
0x00,0x00,0x00,0x00,0x00,0x00,0x00,0x00,0x00,0x00,0x00,0x00,0x00,0x00,0x00,0x00,0x00,0x00,0x00,0x00,0xa0,0x00,0x00,0x00,0xaa,0xaa,0xaa,0xaa,0x0a,0xa0,0xaa,0xaa,
0xaa,0xaa,0xaa,0xaa,0xaa,0xaa,0x0a,0x00,0xa0,0xea,0xee,0xbb,0xbb,0xaa,0xaa,0xaa,0x00,0x00,0x00,0x77,0xa7,0x00,0xba,0xff,0xbd,0x7b,0x07,0x00,0x00,0x00,0x00,0x00,
0x00,0x00,0x00,0x00,0x00,0x00,0x00,0x00,0x00,0x00,0x00,0x00,0x00,0x00,0x00,0x00,0x00,0x00,0xaa,0xaa,0xaa,0xaa,0x00,0x00,0xaa,0xaa,0xaa,0xaa,0xaa,0xaa,0xaa,0xaa,
0xaa,0xaa,0xea,0xee,0xee,0xbb,0xbb,0xbb,0x0a,0x00,0x00,0x00,0xbb,0x8c,0x78,0x07,0xfd,0xff,0xcc,0xdd,0x7b,0x00,0x00,0x00,0x00,0x00,0x00,0x00,0x00,0x00,0x00,0x00,
0x00,0x00,0x00,0x00,0xa0,0x0a,0x00,0x00,0x00,0x00,0x00,0x00,0x0a,0xaa,0xaa,0x0a,0x00,0x00,0x00,0xaa,0xaa,0xaa,0xaa,0xaa,0xaa,0xaa,0xaa,0xea,0xee,0xee,0xae,0xbb,
0xbb,0xbb,0xbb,0x00,0x00,0x00,0xfc,0x5c,0x55,0x09,0xcb,0x99,0x07,0x20,0x78,0x00,0x00,0x00,0x00,0x00,0x00,0x00,0x00,0x00,0x00,0x00,0xaa,0xaa,0x00,0x00,0xa0,0xaa,
0x00,0x00,0x00,0x00,0x00,0x00,0x00,0xa0,0xaa,0x00,0x00,0x00,0x00,0xaa,0x0a,0xaa,0xaa,0xaa,0xaa,0xaa,0xaa,0xee,0xee,0xee,0xae,0xbb,0xbb,0xbb,0xbb,0xab,0x00,0xaa,
0xff,0x8c,0x88,0x7c,0x77,0xcc,0x02,0x28,0x00,0x02,0x00,0x70,0x8c,0x00,0x00,0x00,0xa0,0x0a,0x00,0xaa,0xee,0xbb,0x0a,0x00,0xa0,0xaa,0x0a,0x00,0x00,0x00,0x00,0x00,
0x00,0x00,0xa0,0x00,0x00,0x00,0x00,0xa0,0x00,0xa0,0xaa,0xaa,0xea,0xaa,0xea,0xee,0xee,0xae,0xee,0xbb,0xbb,0xbb,0xbb,0xbb,0xaa,0xbe,0xff,0x8c,0x8c,0x83,0x79,0x98,
0x02,0x22,0x80,0x23,0x00,0xf9,0x58,0x76,0x00,0xa0,0xea,0xaa,0xa7,0xaa,0xee,0xaa,0xab,0x0a,0x00,0x00,0x00,0x00,0x00,0x00,0x00,0x00,0x00,0x00,0x00,0x00,0x00,0x00,
0x00,0x00,0x00,0x00,0x00,0xa0,0xee,0xaa,0xee,0xee,0xee,0xee,0xee,0xbb,0xbb,0xbb,0xbb,0xba,0xbb,0xbb,0xff,0xcf,0xcc,0xc8,0x7c,0x99,0x07,0x00,0xb0,0xa8,0xda,0xcf,
0x5c,0x65,0xa7,0xaa,0xae,0xaa,0xa7,0xaa,0xee,0xaa,0xaa,0xaa,0x0a,0x00,0x00,0x00,0x00,0x00,0x00,0x00,0x00,0x00,0x00,0x00,0x00,0x00,0x00,0x00,0x00,0x00,0x00,0xea,
0xae,0xaa,0xee,0xaa,0xaa,0xaa,0xaa,0xba,0xbb,0xbb,0xbb,0xbb,0xbb,0x7b,0xfc,0xcf,0xcc,0xc8,0xff,0xff,0x7d,0xbb,0x87,0xb2,0xbb,0xff,0x88,0x85,0xab,0xaa,0xaa,0x7b,
0x22,0xb7,0xaa,0xaa,0xaa,0xaa,0xaa,0x0a,0x00,0x00,0xaa,0xaa,0x00,0x00,0x00,0x00,0x00,0x00,0x00,0x00,0x00,0x00,0x00,0xaa,0xaa,0xae,0xaa,0xae,0xae,0xaa,0xaa,0xaa,
0xaa,0xbb,0x77,0xbb,0xbb,0xbb,0xbb,0x7b,0xcc,0x8c,0xcc,0xfc,0xdf,0xbd,0x9b,0x27,0x20,0x22,0xfd,0xff,0xcc,0xcc,0xab,0xaa,0xba,0x70,0x72,0xa0,0xaa,0xae,0xaa,0xaa,
0xaa,0xaa,0xaa,0xaa,0xaa,0xaa,0xaa,0x00,0x00,0xa0,0x00,0x00,0x00,0x00,0x00,0x00,0xaa,0xae,0xaa,0xaa,0xaa,0xaa,0xae,0xaa,0xaa,0xaa,0xaa,0xaa,0x77,0xb7,0xbb,0xbb,
0x7b,0x20,0xdb,0xcf,0xab,0xaa,0xaa,0xbb,0x29,0x02,0x00,0x02,0xc2,0xff,0xff,0xcc,0xab,0xbc,0xaa,0x5a,0x21,0xa7,0xaa,0xaa,0xaa,0xaa,0xaa,0xaa,0xaa,0xaa,0xaa,0xaa,
0xaa,0xaa,0x00,0x00,0x00,0x0a,0x00,0x00,0x00,0xaa,0xae,0xaa,0xaa,0xaa,0xaa,0xab,0xaa,0xaa,0xaa,0xba,0xaa,0xaa,0xbb,0x7b,0xb7,0xbb,0x77,0xba,0xdd,0xbd,0xaa,0xaa,
0x7b,0xc7,0x84,0x00,0xc2,0x8c,0x20,0xff,0x8c,0x55,0xd5,0x8c,0xaa,0x80,0x43,0xa0,0xaa,0xaa,0xba,0xab,0xaa,0xaa,0xaa,0xaa,0xaa,0xaa,0xaa,0xaa,0xaa,0xa0,0xaa,0xaa,
0xaa,0xaa,0xaa,0xaa,0xaa,0xaa,0xaa,0xaa,0xaa,0xa7,0xaa,0xaa,0xaa,0xba,0xab,0xba,0xaa,0xbb,0x7b,0xbb,0xbb,0x7b,0x7b,0x97,0xbb,0xcc,0x8c,0x14,0x12,0x00,0x8d,0xc8,
0x04,0xf8,0xcf,0x55,0xc5,0x8c,0xaa,0xb7,0xb8,0xa2,0xaa,0xaa,0xaa,0xbb,0xab,0xaa,0xaa,0xaa,0xaa,0xaa,0xaa,0xaa,0xaa,0xaa,0xaa,0xaa,0xaa,0xaa,0xaa,0xaa,0xaa,0xaa,
0xaa,0xaa,0xaa,0xaa,0xaa,0xaa,0xba,0xbb,0xba,0xab,0xbb,0xbb,0xbb,0xbb,0xbb,0x0b,0x83,0xc8,0xcc,0xcf,0xcc,0x8c,0x28,0x70,0x8b,0xd4,0x0c,0x22,0xfc,0xc8,0xc5,0x8c,
0x08,0x9a,0x42,0x7a,0xaa,0xaa,0xaa,0xaa,0xbb,0xaa,0xba,0xab,0xaa,0xaa,0xaa,0xaa,0xaa,0xaa,0xaa,0xaa,0xaa,0xaa,0xaa,0xaa,0xaa,0xaa,0xaa,0xaa,0xaa,0x0a,0xba,0xaa,
0xba,0xbb,0xab,0xae,0xbb,0xbb,0xbb,0xbb,0xbb,0x0b,0x00,0x22,0x32,0xc8,0x79,0xc2,0x2c,0x90,0x89,0xb7,0x2f,0x82,0xfc,0xcf,0xfc,0x5c,0xb8,0x9a,0x78,0xca,0xa9,0xaa,
0xaa,0xaa,0xaa,0xbb,0xab,0xba,0xab,0xba,0xab,0xaa,0xaa,0xaa,0xaa,0xaa,0xaa,0xaa,0xaa,0xaa,0xaa,0xaa,0xaa,0xaa,0xba,0x7b,0x00,0xbb,0xab,0xbb,0xbe,0xbe,0xbb,0xbb,
0xbb,0xbb,0xbb,0x0b,0x97,0x20,0x87,0xc7,0x2c,0xf2,0x2c,0xc0,0xcc,0x88,0x0c,0x72,0xff,0xff,0xfc,0x8c,0x88,0xbb,0xb2,0xcb,0xb5,0xaa,0xaa,0xaa,0xaa,0xba,0xba,0xbe,
0xbb,0xbb,0x7b,0xbb,0xab,0xaa,0xaa,0xaa,0xaa,0xaa,0xaa,0xaa,0xaa,0xaa,0xba,0xbb,0xbb,0x70,0xbb,0xb7,0xbb,0xbb,0xbb,0xbb,0xbb,0xbb,0xbb,0xbb,0x9b,0x27,0x70,0x02,
0xc7,0xc2,0x2c,0xd2,0x2c,0xc2,0xc5,0xc8,0x2c,0x42,0xff,0xff,0xff,0x8c,0x5c,0xcf,0x90,0xcf,0x95,0xaa,0xaa,0xab,0xaa,0xba,0xee,0xbb,0xbb,0xae,0xbb,0x7b,0x77,0xb7,
0xbb,0xad,0xba,0xaa,0xbb,0x7b,0xbb,0xab,0xba,0xaa,0x7b,0x7a,0xaa,0xaa,0xbb,0xbb,0xbb,0xbb,0xb7,0xbb,0xbb,0x9b,0x56,0xcc,0x51,0x85,0x82,0xc2,0x2c,0xc0,0x2c,0xc0,
0x82,0xc5,0x2c,0x42,0xff,0xfc,0xff,0xff,0xcc,0xdf,0x90,0xff,0x9c,0xab,0xaa,0xbe,0xbe,0xeb,0xbe,0xbe,0xbb,0xbe,0xbb,0xab,0xbb,0xbb,0xbb,0xbb,0xbb,0xbb,0xbb,0xbb,
0xba,0x7b,0xbb,0xea,0xab,0x0a,0xea,0xbb,0xeb,0xbb,0xbb,0xbb,0xb7,0x7b,0x77,0xcc,0xfc,0xdf,0x31,0x11,0x33,0xc5,0xcc,0x88,0x8c,0x82,0xc8,0xc8,0x2c,0x42,0xcf,0xfc,
0xff,0xff,0xff,0xdf,0x90,0xff,0x88,0x7f,0xbb,0xee,0xee,0xee,0xbb,0xbb,0x7b,0x77,0x44,0x74,0xbb,0xdd,0xdd,0xbb,0xbb,0x77,0xbb,0xab,0xeb,0xbb,0xbb,0xbb,0xbb,0x0b,
0xbb,0xbb,0xbb,0xbb,0xbb,0x7b,0x07,0x77,0xf7,0xff,0xfd,0xdd,0x33,0x15,0x33,0x33,0xc3,0xc8,0x7c,0x80,0xcc,0xcc,0x8c,0x82,0xcc,0x88,0xcc,0xf8,0xcc,0xdf,0x92,0xff,
0xcc,0x79,0x74,0x77,0x9d,0xbb,0x77,0x77,0x47,0x74,0xb7,0xbd,0xdb,0xdb,0xbb,0xbd,0xbb,0x77,0x44,0x74,0xb7,0x77,0xb7,0xba,0xbb,0x0b,0xbb,0xdb,0xb9,0xbb,0x77,0x04,
0x47,0x44,0xdb,0xfd,0xfd,0xdd,0x55,0x55,0x4c,0x28,0x86,0x56,0x88,0x82,0xcc,0xcc,0x2c,0x22,0xcc,0xc8,0xcc,0x88,0x88,0xc8,0x99,0xfc,0xff,0xdf,0x77,0x99,0x3c,0x76,
0x77,0x77,0x77,0xbb,0xdb,0x79,0x44,0x74,0xb7,0xbb,0xbb,0xbb,0x77,0x9b,0x77,0x77,0xb7,0xbb,0xbb,0x0b,0xbb,0xdd,0x7b,0x47,0x77,0x47,0x47,0x74,0xdd,0xdd,0xcd,0xdd,
0xc8,0xc5,0xcc,0x22,0x22,0x14,0x11,0x51,0x02,0x20,0x22,0x22,0x88,0x58,0x85,0xc8,0xcc,0xff,0x9d,0xc8,0xf8,0xff,0x74,0xcf,0x5c,0x85,0xb7,0x79,0x44,0x74,0xf7,0x99,
0x77,0x44,0x44,0x44,0x77,0xb7,0xbb,0xbb,0xbb,0xbb,0x47,0x44,0x77,0x07,0xd4,0xdd,0xbb,0x7b,0x77,0x44,0x40,0x94,0xdb,0xdd,0xdd,0xdd,0x42,0xf8,0xcc,0x27,0x22,0x52,
0xc5,0x3c,0x25,0x22,0x42,0x35,0x83,0x18,0x15,0x13,0x33,0xc5,0x9c,0xcc,0xcc,0xbf,0xdb,0xff,0x5c,0x8c,0xb9,0x79,0x46,0x47,0xf9,0x9c,0x77,0x44,0x44,0x44,0x44,0x24,
0x74,0x99,0xbb,0x7b,0x74,0x77,0x7b,0x27,0x72,0x97,0xbd,0xbd,0x77,0x77,0x70,0xb7,0xdb,0xbd,0xdd,0xdd,0x22,0xc2,0xcc,0x28,0x22,0x42,0xcc,0xcc,0x88,0x22,0xc8,0xc5,
0xcc,0x58,0x13,0x11,0x11,0x11,0x11,0x11,0x53,0xac,0xff,0xcf,0xcc,0x55,0x75,0xdb,0x7b,0x9d,0xfc,0x9d,0x47,0x79,0x77,0x44,0x44,0x44,0x24,0x44,0x74,0x77,0x9b,0x77,
0x44,0x94,0x77,0x44,0x74,0xb7,0x7b,0x77,0x70,0xb7,0xdb,0xbd,0xbd,0xdd,0x28,0xc4,0xcd,0x2c,0x28,0x22,0xcc,0x8f,0x8c,0x22,0x82,0x5c,0x55,0x55,0x85,0x58,0xc3,0xcc,
0x58,0x31,0x31,0x11,0xf5,0xff,0xcc,0xcc,0x0c,0x00,0xbb,0xdf,0xfd,0x9d,0x47,0x4d,0x44,0x44,0x77,0x44,0x64,0x24,0x44,0xd7,0x99,0xbb,0xbb,0xd9,0x7b,0x07,0x72,0x7b,
0x77,0x77,0xbb,0xbb,0xdb,0xbd,0xbd,0xdd,0x49,0xc8,0xcc,0x4c,0x4c,0x82,0xc8,0x5c,0x5c,0x24,0x22,0x88,0x33,0x11,0x13,0x88,0xcc,0xcc,0x2c,0x52,0x15,0x58,0x85,0xff,
0xff,0x8c,0xc8,0xa7,0xda,0xff,0xff,0xcd,0x97,0x7d,0x77,0x97,0xdd,0x9d,0x64,0x44,0x07,0x77,0xdb,0x79,0xbb,0xdb,0xbb,0x7b,0x7b,0x00,0x70,0xaa,0xaa,0xdd,0xdb,0xbd,
0xbd,0xdb,0x8c,0xcc,0xcf,0xcc,0x24,0x24,0x82,0x55,0x53,0x53,0x28,0x82,0x88,0x13,0x11,0x51,0xcc,0xcc,0x8c,0x82,0x2c,0x88,0x22,0xfc,0xff,0xcf,0xcc,0xa9,0xda,0xfd,
0xff,0x99,0xf9,0x7d,0x00,0xdb,0xbb,0xbd,0x92,0x27,0x07,0x00,0x70,0xbd,0xbb,0xbb,0xbb,0x77,0x0b,0x0a,0xb0,0xab,0xba,0xdb,0xbd,0xdd,0xbd,0xdb,0xcc,0xff,0xcc,0xcc,
0x44,0x28,0x84,0xcc,0xcc,0xc8,0x28,0x02,0x80,0x58,0x88,0xc8,0xdc,0xcf,0x83,0x84,0x2c,0xc2,0x24,0xf4,0xff,0xff,0xff,0xab,0xba,0xff,0xff,0x99,0xd8,0x9d,0x07,0xb0,
0xbb,0xbd,0x77,0x2b,0x77,0x00,0x00,0xbd,0xbb,0xbb,0xbb,0xbb,0xaa,0xaa,0xfa,0xb9,0xba,0xbb,0xbd,0x9d,0xbd,0xdb,0xfc,0xff,0xcf,0xcc,0x88,0x88,0x42,0xfc,0xcf,0xcc,
0x58,0x28,0x22,0xc8,0xcc,0x88,0xfc,0xcf,0x55,0x45,0x8c,0x82,0x22,0xf2,0xff,0xff,0x9f,0x70,0xb0,0xfb,0xff,0xdf,0xf9,0x9d,0xab,0xaa,0xbb,0xbb,0x2b,0x7b,0xbb,0x0a,
0xa0,0xbb,0xbb,0xbb,0xbb,0xbb,0xaa,0xaa,0xfd,0xdd,0xdd,0xbd,0xdb,0x3c,0x95,0xfd,0xfc,0xcf,0xfc,0x1c,0x88,0x98,0xc7,0xfc,0xcc,0xcc,0x8c,0x88,0x22,0x22,0x8c,0x85,
0xfc,0xcf,0x8c,0x85,0x9c,0x22,0x28,0xc2,0xff,0xfc,0x6c,0xcd,0x06,0x77,0xdd,0xfc,0xff,0x9d,0x7b,0xaa,0xbb,0xbb,0x7b,0xbb,0xbb,0x0a,0xaa,0xba,0xbb,0xbb,0xbb,0xbb,
0xaa,0xba,0xff,0xfd,0xff,0xbd,0xf9,0x35,0x31,0xfc,0xcc,0x5f,0x88,0x38,0x85,0xc8,0xcc,0xfc,0x85,0x7c,0x42,0x58,0x25,0x22,0x42,0x5c,0xcc,0xcf,0xcc,0x88,0xcc,0x28,
0x2c,0x22,0xcc,0x69,0xc6,0xcf,0xc8,0x66,0x66,0x98,0xfd,0xdf,0x9d,0x09,0xa0,0xbb,0xbb,0xbb,0xbb,0x0a,0xaa,0xba,0xaa,0xaa,0xaa,0xaa,0x00,0xfb,0xff,0xff,0xff,0xcf,
0xc5,0x8c,0x35,0xf8,0x51,0xc8,0x1c,0x3c,0x15,0xc5,0xfc,0xcc,0x58,0x85,0x89,0x15,0x53,0x22,0x22,0xc8,0xc8,0xcf,0xff,0x85,0xfc,0x8c,0x89,0x78,0xfc,0x9d,0xfc,0xcf,
0xcc,0x65,0x66,0x55,0x55,0x88,0xdd,0x7d,0x00,0x7a,0xbb,0xbb,0xbb,0x00,0x00,0xa0,0xaa,0xaa,0xaa,0xba,0x00,0xfb,0xff,0xff,0xdd,0xff,0x8c,0x58,0xc5,0x38,0x13,0x53,
0xc5,0xc8,0x35,0x58,0x35,0xcc,0x8c,0x88,0x28,0x58,0x55,0x85,0x28,0x82,0x8c,0x58,0x55,0x88,0xcc,0xcc,0x9c,0xcc,0xf8,0xfd,0xff,0xcf,0x8c,0x5c,0x55,0x55,0x15,0x11,
0x11,0x55,0x44,0x02,0xa7,0xbb,0x0b,0x00,0x00,0x00,0xaa,0xaa,0x00,0xbb,0xbd,0xfb,0xdd,0xfd,0xdd,0xff,0xcf,0x5c,0x35,0x33,0x35,0x35,0x85,0xcc,0xcc,0xcc,0x5c,0x13,
0x81,0xcc,0x8c,0xcc,0xcc,0x88,0x2c,0x22,0x62,0x35,0x11,0x11,0x11,0x53,0x85,0xcc,0xc8,0x8c,0xfc,0xff,0xcf,0xcf,0x54,0x15,0x55,0x56,0x86,0x56,0x66,0x65,0x07,0xaa,
0x00,0x00,0x00,0x00,0x00,0x00,0xb0,0xdb,0xdd,0xdd,0xdd,0xff,0xdc,0xff,0xcf,0xcf,0xc8,0xcc,0x11,0x11,0x31,0x53,0xc5,0xf8,0xcc,0x5c,0x33,0x85,0xc9,0xcf,0xc5,0xcc,
0x8c,0x26,0x22,0x22,0x35,0x11,0x11,0x5c,0x13,0x31,0x53,0x88,0xfc,0xff,0xff,0x6f,0x66,0x55,0x15,0x84,0xdd,0x79,0x74,0x2c,0x74,0xaa,0x0a,0x00,0x00,0x00,0xaa,0xa0,
0xdb,0xdd,0xdb,0xdd,0xfb,0xff,0xcc,0xff,0xff,0xff,0xff,0x5c,0x13,0x11,0x11,0x11,0x31,0x53,0xc5,0x88,0x85,0x53,0x55,0x88,0x8c,0x8c,0x35,0x53,0x02,0x00,0x22,0x35,
0xc5,0x5c,0x55,0x13,0x11,0x11,0x53,0xc8,0xff,0x99,0xdd,0x9c,0x48,0x26,0xd4,0x9d,0x27,0x79,0x27,0xaa,0xaa,0xaa,0xaa,0xaa,0xaa,0xba,0xbb,0xbb,0xdb,0xbb,0xfd,0xff,
0xdf,0xfb,0xff,0xcf,0xff,0xff,0x33,0x53,0x13,0x83,0x13,0x11,0x31,0x55,0x55,0x33,0x11,0x31,0x55,0x55,0x88,0x24,0x20,0x22,0x42,0x48,0xff,0xcc,0xc8,0x18,0x31,0x13,
0x11,0x11,0x51,0x99,0xcd,0xdc,0x99,0x27,0x72,0xbd,0x7b,0xd2,0x79,0xa7,0xaa,0xaa,0xaa,0xaa,0xaa,0xaa,0xaa,0xaa,0xaa,0xaa,0xfb,0xcf,0xff,0x9f,0xbd,0xcc,0xff,0xcd,
0x8c,0x58,0x33,0xc5,0x38,0x11,0x11,0x11,0x53,0x55,0x33,0x13,0x11,0x31,0x33,0x53,0x85,0x88,0x92,0xcc,0xff,0xff,0xcf,0xc8,0x53,0x33,0x35,0x15,0x11,0x11,0x51,0x86,
0x9d,0x97,0x27,0xbb,0x9d,0x02,0x77,0x07,0x00,0xaa,0xaa,0x9b,0xab,0xaa,0xaa,0xaa,0xaa,0xaa,0xbb,0xfd,0xff,0xfc,0xcc,0x8c,0x55,0x11,0xcc,0xcc,0xcc,0xcc,0x88,0x33,
0x11,0x11,0x11,0x11,0x33,0x35,0x33,0x11,0x11,0x11,0x11,0x11,0x11,0x52,0x88,0xc8,0xcc,0xcc,0x38,0x81,0xc8,0x5c,0x55,0x33,0x33,0x55,0x85,0x94,0x97,0xa7,0xaa,0xaa,
0xaa,0xaa,0xaa,0xbb,0xba,0x9d,0xb8,0xaa,0xaa,0xba,0xaa,0xfd,0xfd,0xff,0x8c,0x55,0x11,0x11,0x11,0x88,0x85,0xc8,0xcc,0xcc,0x88,0x58,0x38,0x11,0x11,0x21,0x11,0x83,
0x35,0x33,0x13,0x11,0x11,0x11,0x11,0x11,0x11,0x11,0x33,0x53,0x55,0xc5,0xc8,0xcc,0xcc,0x53,0x82,0x8c,0x8c,0x88,0xc8,0xb2,0xba,0xba,0xaa,0xaa,0xba,0x8d,0xf9,0x9f,
0x99,0x79,0x77,0x99,0xb9,0xcc,0x58,0x13,0x11,0x11,0x11,0x11,0x81,0xcf,0x58,0x55,0x85,0xcc,0xc8,0xc8,0x88,0x53,0x35,0x11,0xc5,0xcf,0x22,0x35,0x55,0x33,0x13,0x11,
0x11,0x11,0x11,0x11,0x11,0x31,0x31,0x53,0x55,0x55,0x58,0xc8,0xcc,0x8c,0xcc,0xc8,0x58,0xc5,0xc9,0x7c,0x77,0x77,0xfd,0xff,0xff,0xff,0xd9,0x8c,0x58,0x55,0x15,0x11,
0x11,0x11,0x11,0x83,0x33,0x85,0xc3,0xcf,0x8c,0x50,0x88,0xcc,0x88,0xfc,0x5c,0x88,0x88,0x51,0xc8,0xcf,0x88,0x57,0x53,0x55,0x55,0x55,0x55,0x33,0x33,0x13,0x55,0x28,
0x22,0x34,0x33,0x55,0x55,0x55,0x55,0x58,0x55,0x35,0x35,0x55,0x55,0x33,0x33,0x55,0x55,0x85,0x85,0x55,0x55,0x55,0x55,0x55,0x55,0x53,0x35,0x53,0x55,0x53,0x5c,0xc8,
0xfc,0xcf,0xcc,0xcc,0x8c,0xcf,0x88,0xff,0xcf,0xcc,0xc8,0xcc,0x85,0xc8,0x8c,0xcc,0x55,0x55,0x55,0x5c,0x8c,0xc8,0xc8,0x88,0x8c,0x88,0x85,0x54,0x35,0x11,0x11,0x11,
0x11,0x11,0x11,0x11,0x11,0x11,0x11,0x11,0x11,0x11,0x33,0x11,0x11,0x11,0x11,0x11,0x31,0x33,0x53,0x53,0x85,0x33,0xc8,0xc8,0xcc,0xfc,0xff,0xff,0xc8,0x8c,0xfc,0xcf,
0x8c,0xcc,0xc8,0xfc,0xfc,0xfc,0x8c,0xc5,0xc5,0x88,0x8c,0x84,0x55,0x85,0x58,0x55,0x55,0x53,0x33,0x13,0x11,0x31,0x11,0x11,0x11,0x11,0x11,0x11,0x11,0x11,0x11,0x11,
0x11,0x11,0x11,0x11,0x11,0x11,0x11,0x11,0x11,0x31,0x11,0x35,0xc5,0x58,0x33,0x1c,0x81,0xcf,0xff,0x47,0xfc,0xfc,0x88,0x25,0xc8,0xcc,0xcc,0xcc,0x88,0xfc,0xcc,0xf8,
0xcc,0x35,0x31,0x23,0x8c,0x88,0x24,0x55,0x11,0x11,0x11,0x11,0x11,0x11,0x11,0x11,0x11,0x11,0x11,0x31,0x31,0x53,0x33,0x35,0x33,0x33,0x33,0x33,0x33,0x11,0x33,0x53,
0x53,0x33,0x11,0x11,0x55,0xf5,0xcf,0x49,0x52,0xc5,0xfc,0xff,0x7c,0x22,0xfc,0xff,0x55,0x22,0x55,0xcc,0xcc,0xc8,0x8c,0x88,0x88,0xcc,0x8c,0x58,0x55,0x15,0x25,0xc8,
0xcc,0xc8,0x55,0x35,0x33,0x33,0x11,0x11,0x11,0x11,0x11,0x11,0x11,0x11,0x11,0x31,0x11,0x33,0x33,0x53,0x55,0x55,0x55,0x55,0x55,0x85,0x88,0x85,0x88,0xc8,0xcc,0x88,
0xcc,0xcc,0xcc,0xcc,0x8f,0x88,0x9c,0xcc,0xcf,0x72,0x11,0x13,0x51,0x55,0x55,0x55,0x85,0x55,0x55,0x35,0x35,0x85,0x58,0x58,0x58,0x85,0xc8,0xcc,0x8c,0x85,0x55,0x55,
0x55,0x55,0x35,0x35,0x13,0x11,0x33,0x33,0x11,0x11,0x11,0x11,0x11,0x11,0x11,0x33,0x33,0x53,0x55,0x55,0x55,0x55,0x55,0x55,0x15,0x51,0x88,0x85,0xcc,0xc8,0x55,0xc5,
0xcc,0xcf,0x2f,0x72,0x32,0x11,0x11,0x35,0x55,0x35,0x33,0x15,0x33,0x33,0x33,0x35,0x33,0x55,0x53,0x53,0x55,0x55,0x35,0x35,0x33,0x55,0x55,0x55,0x55,0x55,0x55,0x53,
0x55,0x55,0x33,0x55,0x33,0x11,0x11,0x11,0x11,0x53,0x55,0x55,0x35,0x33,0x11,0x13,0x11,0x31,0x33,0x33,0x55,0x55,0x35,0x33,0x21,0x53,0xc8,0x58,0xc8,0xc8,0x31,0x22,
0x11,0x53,0x33,0x33,0x33,0x31,0x11,0x11,0x33,0x13,0x11,0x11,0x11,0x11,0x31,0x33,0x31,0x33,0x33,0x33,0x53,0x33,0x55,0x55,0x53,0x33,0x33,0x33,0x33,0x33,0x55,0x55,
0x55,0x55,0x55,0x55,0x55,0x33,0x33,0x11,0x11,0x11,0x13,0x33,0x33,0x55,0x55,0x58,0x35,0x31,0x33,0x55,0x5c,0x55,0x81,0x6c,0x13,0x22,0x11,0x53,0x55,0x55,0x55,0x55,
0x55,0x53,0x33,0x33,0x11,0x11,0x11,0x11,0x11,0x11,0x11,0x11,0x11,0x11,0x13,0x33,0x53,0x58,0x55,0x55,0x35,0x53,0x53,0x55,0x35,0x55,0x33,0x33,0x33,0x33,0x33,0x33,
0x33,0x33,0x33,0x53,0x55,0x55,0x55,0x88,0x8c,0x8c,0x5c,0xc5,0xcc,0x58,0x32,0x51,0x25,0x33,0x13,0x22,0x22,0x33,0x53,0x51,0x55,0x58,0x55,0x35,0x55,0x35,0x35,0x33,
0x33,0x11,0x31,0x11,0x11,0x11,0x31,0x25,0x55,0x22,0x24,0x55,0x55,0x35,0x33,0x11,0x31,0x13,0x33,0x33,0x33,0x13,0x31,0x33,0x33,0x33,0x33,0x55,0x55,0x85,0x58,0x55,
0x55,0x85,0x55,0x88,0xcc,0xcc,0x5c,0x58,0x85,0xcc,0x8c,0x55,0x33,0x11,0x13,0x11,0x11,0x53,0x55,0x58,0x88,0x35,0x33,0x33,0x53,0x55,0x55,0x55,0x33,0x33,0x11,0x11,
0x11,0x11,0x11,0x11,0x11,0x11,0x11,0x11,0x11,0x11,0x11,0x11,0x11,0x11,0x11,0x11,0x11,0x11,0x31,0x55,0x35,0x55,0x85,0xc8,0x58,0x53,0x55,0x55,0x53,0x55,0x35,0x55,
0x53,0x55,0xc5,0x58,0x8c,0x58,0x13,0x11,0x13,0x11,0x21,0x31,0x33,0x53,0x55,0x55,0x53,0x35,0x13,0x11,0x11,0x31,0x33,0x33,0x33,0x11,0x11,0x31,0x33,0x31,0x33,0x33,
0x33,0x11,0x11,0x11,0x11,0x31,0x13,0x33,0x55,0x55,0x55,0x55,0x55,0x55,0x55,0x35,0x33,0x33,0x11,0x33,0x13,0x11,0x11,0x13,0x31,0x13,0x33,0x31,0x33,0x33,0x33,0x13,
0x13,0x11,0x33,0x21,0x13,0x31,0x13,0x11,0x11,0x11,0x13,0x11,0x11,0x11,0x11,0x31,0x33,0x13,0x33,0x33,0x33,0x33,0x33,0x33,0x35,0x33,0x33,0x13,0x11,0x11,0x11,0x11,
0x11,0x11,0x31,0x11,0x31,0x33,0x33,0x33,0x13,0x11,0x11,0x11,0x11,0x11,0x11,0x31,0x13,0x11,0x11,0x11,0x11,0x11,0x11,0x11,0x11,0x31,0x13,0x11,0x33,0x12,0x13,0x31,
0x33,0x33,0x11,0x11,0x13,0x31,0x33,0x33,0x33,0x33,0x33,0x55,0x55,0x55,0x55,0x35,0x33,0x33,0x11,0x11,0x31,0x33,0x53,0x55,0x35,0x13,0x11,0x11,0x11,0x11,0x11,0x11,
0x11,0x33,0x33,0x55,0x35,0x33,0x33,0x33,0x33,0x33,0x33,0x33,0x33,0x11,0x13,0x11,0x11,0x21,0x34,0x55,0x13,0x31,0x33,0x33,0x11,0x33,0x53,0x55,0x55,0x55,0x55,0x55,
0x55,0x55,0x35,0x33,0x55,0x55,0x55,0x55,0x55,0x55,0x55,0x33,0x33,0x33,0x31,0x53,0x55,0x55,0x55,0x55,0x35,0x33,0x11,0x11,0x11,0x11,0x33,0x33,0x13,0x11,0x11,0x11,
0x11,0x11,0x22,0x22,0x22,0x22,0x54,0x45,0x55,0x11,0x11,0x11,0x52,0x22,0x11,0x31,0x13,0x33,0xc8,0x28,0x54,0x33,0x55,0x55,0x55,0x55,0x55,0x55,0x55,0x55,0x55,0x55,
0x55,0x55,0x55,0x33,0x33,0x31,0x33,0x33,0x11,0x11,0x11,0x11,0x11,0x31,0x31,0x33,0x53,0x35,0x33,0x33,0x13,0x11,0x11,0x11,0x11,0x11,0x11,0x11,0x11,0x11,0x52,0x28,
0x02,0x00,0x22,0x88,0x58,0x22,0x22,0x22,0x11,0x33,0x31,0xc8,0xcc,0x27,0x22,0x34,0x33,0x33,0x33,0x33,0x53,0x55,0x55,0x53,0x35,0x33,0x33,0x11,0x31,0x13,0x11,0x33,
0x33,0x33,0x13,0x11,0x11,0x11,0x11,0x11,0x11,0x11,0x11,0x33,0x11,0x33,0x33,0x33,0x13,0x11,0x11,0x11,0x11,0x11,0x53,0x53,0x55,0x35,0x55,0x25,0x55,0x13,0x52,0x28,
0x22,0x22,0x31,0x18,0xc3,0xcc,0xcc,0x2c,0x22,0x82,0x11,0x33,0x11,0x11,0x31,0x33,0x33,0x33,0x31,0x33,0x13,0x11,0x11,0x11,0x11,0x33,0x33,0x33,0x13,0x11,0x11,0x11,
0x11,0x31,0x11,0x11,0x11,0x11,0x11,0x11,0x33,0x33,0x33,0x11,0x11,0x11,0x11,0x11,0x31,0x33,0x33,0x33,0x33,0x33,0x11,0x11,0x31,0x31,0x33,0x33,0x88,0x88,0xcc,0xfc,
0xfc,0xcc,0x44,0x88,0x35,0x13,0x33,0x53,0x35,0x33,0x33,0x33,0x33,0x11,0x11,0x13,0x11,0x31,0x13,0x11,0x33,0x11,0x11,0x11,0x11,0x11,0x13,0x31,0x13,0x31,0x11,0x11,
0x11,0x11,0x31,0x31,0x33,0x13,0x11,0x11,0x11,0x11,0x33,0x13,0x11,0x11,0x11,0x11,0x33,0x33,0x33,0x11,0x11,0x11,0xcc,0xc4,0xcc,0xfc,0xcc,0xcc,0xcc,0xcc,0x5c,0x33,
0x11,0x11,0x55,0x85,0x53,0x55,0x55,0x35,0x33,0x33,0x33,0x33,0x33,0x33,0x33,0x13,0x11,0x31,0x11,0x11,0x11,0x11,0x11,0x11,0x11,0x11,0x11,0x11,0x11,0x11,0x11,0x11,
0x11,0x13,0x11,0x11,0x11,0x11,0x11,0x11,0x11,0x11,0x11,0x11,0x11,0x33,0x33,0x13,0x0c,0x42,0xfc,0xcf,0x58,0xcc,0xcc,0xcc,0x8c,0x58,0x13,0x11,0x53,0xc5,0xc5,0x85,
0x53,0x58,0x55,0x55,0x55,0x55,0x55,0x55,0x55,0x33,0x33,0x33,0x11,0x11,0x13,0x11,0x31,0x33,0x53,0x53,0x35,0x33,0x13,0x13,0x11,0x11,0x11,0x11,0x13,0x33,0x33,0x11,
0x33,0x33,0x33,0x33,0x33,0x33,0x33,0x33,0x33,0x33,0x2f,0x22,0xcc,0x3f,0x11,0x51,0xcc,0xcc,0x44,0xcc,0x85,0x11,0x81,0xcc,0x8c,0x5c,0x85,0x35,0x33,0x33,0x33,0x33,
0x53,0x55,0x55,0x55,0x55,0x33,0x33,0x55,0x55,0x55,0x55,0x55,0x55,0x55,0x55,0x55,0x35,0x55,0x33,0x33,0x13,0x33,0x33,0x53,0x33,0x55,0x55,0x55,0x55,0x55,0x53,0x13,
0x13,0x33,0x55,0x55,0xcc,0xcc,0x28,0xc8,0x33,0x11,0xf8,0xcc,0x88,0x2c,0xcc,0x55,0x15,0xc3,0xcc,0xcf,0xcc,0x58,0x55,0x35,0x31,0x33,0x33,0x55,0x55,0x55,0x55,0x55,
0x55,0x55,0x33,0x35,0x31,0x33,0x33,0x53,0x55,0x55,0x55,0x55,0x55,0x55,0x35,0x13,0x11,0x11,0x11,0x33,0x53,0x55,0x35,0x33,0x33,0x33,0x53,0x55,0x55,0xc8,0xfc,0xcc,
0x8c,0xc8,0x8c,0x58,0xcc,0xcc,0xcc,0x58,0xc8,0xcc,0x58,0x55,0x40,0xf9,0xcc,0xcc,0x2c,0x62,0x55,0x55,0x55,0x55,0x55,0x55,0x55,0x55,0x55,0x33,0x33,0x33,0x33,0x13,
0x33,0x33,0x55,0x55,0x55,0x35,0x33,0x13,0x11,0x11,0x11,0x11,0x11,0x11,0x11,0x31,0x31,0x33,0x11,0x31,0x31,0x33,0x31,0x33,0x58,0x55,0x85,0x55,0x5c,0x35,0x53,0xc5,
0x8c,0xcc,0xcc,0xcc,0x8c,0x45,0x22,0x51,0x85,0x88,0x68,0x84,0x55,0x58,0x8c,0xc8,0x58,0x55,0x55,0x55,0x55,0x55,0x55,0x55,0x55,0x55,0x55,0x55,0x55,0x33,0x11,0x13,
0x11,0x31,0x33,0x13,0x11,0x11,0x11,0x11,0x11,0x11,0x55,0x31,0x31,0x85,0x44,0x33,0x31,0x11,0x55,0x23,0x21,0x53,0x85,0x55,0x35,0x35,0x55,0x55,0x55,0x55,0x55,0xc5,
0x58,0x35,0x53,0x33,0x33,0x33,0x13,0x11,0x33,0x33,0x53,0x55,0x55,0x55,0x55,0x55,0x55,0x55,0x55,0x55,0x55,0x35,0x35,0x33,0x33,0x31,0x33,0x33,0x55,0x35,0x35,0x33,
0x33,0x33,0x31,0x33,0xc3,0x85,0xc5,0xcf,0x22,0x52,0x33,0x11,0x53,0x13,0x11,0x31,0x53,0x35,0x35,0x13,0x13,0x31,0x33,0x53,0x35,0x55,0x55,0x55,0x33,0x33,0x13,0x31,
0x11,0x11,0x11,0x11,0x11,0x31,0x31,0x33,0x33,0x33,0x33,0x33,0x33,0x33,0x33,0x33,0x33,0x33,0x35,0x33,0x55,0x53,0x33,0x53,0x55,0x35,0x35,0x55,0x35,0x83,0x55,0xcc,
0xfc,0xcf,0x8c,0x88,0x88,0x31,0x55,0xc5,0x22,0x32,0x33,0x33,0x33,0x11,0x11,0x11,0x33,0x33,0x33,0x33,0x33,0x33,0x33,0x33,0x33,0x55,0x33,0x33,0x53,0x33,0x33,0x33,
0x33,0x33,0x33,0x33,0x33,0x33,0x33,0x33,0x33,0x33,0x55,0x55,0xc5,0xc8,0x88,0x58,0x55,0x55,0x55,0x55,0x55,0x85,0x85,0x55,0xfc,0xff,0xff,0xff,0xcc,0x8c,0xcc,0x33,
0xc3,0xcf,0x55,0x33,0x31,0x33,0x33,0x33,0x33,0x33,0x33,0x33,0x33,0x33,0x33,0x33,0x33,0x31,0x33,0x33,0x33,0x33,0x33,0x33,0x33,0x33,0x33,0x33,0x33,0x33,0x33,0x53,
0x53,0x55,0x55,0x55,0x55,0x55,0x55,0x55,0x55,0x55,0x88,0x85,0x55,0x55,0x68,0xcc,0x88,0xcc,0xcc,0xcf,0xcf,0xcc,0x8c,0x88,0x51,0x55,0xfc,0x3c,0x33,0x53,0x85,0x58,
0x55,0x53,0x35,0x55,0x33,0x33,0xc5,0x33,0x53,0x38,0x33,0x33,0x33,0x33,0x33,0x33,0x33,0x33,0x33,0x33,0x33,0x33,0x33,0x33,0x33,0x55,0x55,0x55,0x55,0x55,0x55,0x55,
0x55,0x55,0x53,0x55,0x55,0xc5,0xc8,0xcc,0x22,0xc7,0xcf,0xfc,0xff,0x8c,0x8c,0x88,0xc8,0x53,0x85,0xcc,0xff,0x3c,0x35,0xcc,0xcc,0xcc,0x5c,0x53,0x25,0x55,0x55,0x33,
0xf3,0x35,0xc8,0x33,0x33,0x53,0x53,0x55,0x55,0x55,0x55,0x55,0x55,0x53,0x55,0x55,0x55,0x55,0x55,0x55,0x55,0x55,0x55,0x55,0x55,0x33,0x33,0x33,0x53,0x55,0xc8,0x8c,
0xcc,0xc8,0x69,0xcf,0xcc,0xcc,0xcc,0xc5,0x35,0x15,0x51,0xc5,0xcc,0x5c,0xff,0x33,0xc5,0xcf,0xcc,0x55,0x55,0x55,0x23,0x32,0xc5,0x55,0xc5,0x5c,0x5f,0x85,0x33,0x33,
0x33,0x55,0x55,0x55,0x55,0x55,0x88,0x55,0x85,0x58,0x55,0x55,0x55,0x55,0x55,0x55,0x55,0x35,0x33,0x33,0x53,0x55,0x55,0x55,0x55,0x55,0x55,0x58,0xc8,0x8c,0x55,0x35,
0x88,0x58,0xc5,0x85,0x8c,0xc8,0xc5,0x13,0xcf,0x58,0xff,0xfc,0x38,0x33,0x33,0x35,0x23,0x52,0xcc,0xcc,0xcc,0xcf,0xcc,0x8f,0x55,0x33,0x33,0x33,0x55,0x55,0x55,0x55,
0x55,0x55,0x58,0x55,0x55,0x55,0x55,0x55,0x55,0x55,0x55,0x55,0x55,0x55,0x55,0x55,0x55,0x55,0x55,0x55,0x55,0x55,0x55,0x55,0x55,0x55,0x55,0x55,0x55,0x88,0x55,0x55,
0x31,0x11,0x89,0xf8,0xff,0x8f,0x33,0x35,0x13,0x33,0x13,0x31,0x58,0x82,0xff,0xff,0xff,0x8c,0x5c,0x38,0x35,0x31,0x33,0x33,0x33,0x55,0x55,0x55,0x55,0x55,0x55,0x88,
0x8c,0x88,0x58,0x55,0x55,0x55,0x55,0x55,0x55,0x55,0x55,0x55,0x55,0x55,0x55,0x55,0x35,0x35,0x55,0x55,0x35,0x55,0x33,0x53,0x15,0x31,0x11,0x11,0x00,0xfc,0xff,0x3c,
0xc8,0xff,0x5c,0x32,0x13,0x31,0x13,0x50,0xcc,0xcc,0x8c,0xc1,0x85,0x8c,0x5c,0x33,0x33,0x33,0x33,0x53,0x55,0x55,0x55,0x55,0x55,0x58,0x58,0x55,0x55,0x55,0x55,0x55,
0x55,0x55,0x55,0x55,0x55,0x55,0x55,0x55,0x33,0x35,0x13,0x13,0x33,0x33,0x33,0xc5,0x33,0x55,0x13,0x31,0x13,0x13,0x00,0xc7,0xff,0xf8,0xff,0xcf,0xc5,0x18,0x13,0x31,
0x11,0x51,0x55,0x55,0x35,0x31,0x21,0x8c,0x88,0x11,0x52,0x55,0x55,0x33,0x55,0x55,0x55,0x55,0x55,0x55,0x55,0x55,0x55,0x55,0x55,0x55,0x85,0x8c,0x58,0x35,0x31,0x53,
0x33,0x33,0x35,0x13,0x11,0x31,0x13,0x31,0x53,0xc5,0x55,0x55,0x33,0x33,0x31,0x13,0x01,0x00,0xff,0xff,0xff,0x35,0x33,0x13,0x13,0x31,0x11,0x53,0x55,0x35,0x11,0x13,
0x13,0x51,0x55,0x33,0x21,0x55,0x55,0x55,0x55,0x53,0x35,0x55,0x55,0x55,0x55,0x55,0x55,0x55,0x85,0x88,0xc8,0x85,0x15,0x15,0x11,0x11,0x85,0x83,0x55,0x53,0x55,0x55,
0x53,0x33,0x55,0xc5,0x8c,0x58,0x13,0x33,0x33,0x33,0x03,0x20,0xff,0xff,0x8f,0x53,0x33,0x35,0x15,0x13,0x11,0x33,0x51,0x55,0x13,0x33,0x13,0x31,0x55,0xc5,0x55,0x55,
0x85,0x55,0x55,0x55,0x55,0x55,0x35,0x55,0x35,0x53,0x55,0x55,0x85,0x58,0x58,0x33,0x13,0x53,0x33,0xc1,0xc3,0xc5,0xc5,0x85,0x88,0x31,0x52,0xc8,0x85,0xcc,0xcc,0x53,
0x11,0x11,0x11,0xc1,0x00,0xf0,0xff,0xff,0xcf,0xcc,0x55,0x55,0x3c,0x33,0x38,0x13,0x32,0x55,0x55,0x13,0x11,0x53,0xc5,0xcc,0x55,0x55,0xcc,0x55,0x55,0x35,0x35,0x55,
0x13,0x52,0x33,0x33,0x33,0x33,0x55,0x55,0x88,0x58,0x55,0x8c,0xc5,0xc5,0xcc,0xfc,0xcc,0xcc,0x58,0x11,0x11,0xc8,0xcc,0xff,0xff,0x58,0x13,0x53,0x11,0xc8,0x02,0xc0,
0xff,0xff,0xff,0xff,0xfc,0xcc,0x8c,0x5c,0x5c,0x11,0x33,0x55,0xc5,0x3c,0x5c,0x8c,0x60,0x5c,0xc5,0x5c,0x8c,0x55,0x55,0x33,0x33,0x33,0x13,0x12,0x32,0x55,0x53,0x35,
0x55,0x35,0x55,0x55,0x8c,0xcc,0xc8,0xcc,0xfc,0xcc,0x58,0x58,0x11,0x33,0x31,0xcc,0xcf,0x84,0xcc,0xcc,0x58,0x85,0x88,0xcc,0x7f,0xf9,0xff,0xff,0xc5,0xcf,0xcf,0xcc,
0xcc,0x8c,0x55,0x15,0xc5,0x9c,0x8c,0x88,0xc8,0xcc,0x8f,0xcf,0xcc,0x85,0xcc,0x5c,0x85,0xc5,0x3c,0x33,0x11,0x11,0x11,0x55,0x55,0x55,0x55,0x55,0x55,0x55,0x85,0x88,
0x58,0xcc,0xcc,0x58,0x35,0xc3,0x18,0x81,0x88,0xcc,0x08,0x02,0x54,0xcf,0x88,0x86,0xcc,0xcc,0xff,0xff,0xff,0xcf,0x31,0x58,0xfc,0xff,0xcc,0xcc,0x55,0xcc,0xfc,0x9c,
0x27,0x22,0x22,0xfc,0xcf,0xcc,0x5c,0xfc,0xcc,0x5c,0x52,0x55,0x8c,0x55,0x13,0x33,0x11,0x55,0x88,0x55,0x5c,0x55,0x55,0x55,0x55,0x55,0x88,0x58,0x88,0x58,0x88,0xc5,
0x58,0xc8,0x8c,0x85,0x26,0x22,0x85,0xfc,0x28,0x22,0xfc,0xfc,0xcf,0xff,0xff,0x18,0x31,0x11,0xf3,0xff,0xff,0xcc,0xcc,0xff,0xcf,0x9c,0x88,0x22,0x22,0x42,0xfc,0xcc,
0xcc,0xfc,0xc8,0x28,0x11,0x55,0xcc,0xc8,0x85,0x13,0x21,0x51,0xcc,0xc5,0x55,0x55,0x55,0x55,0x55,0x55,0x55,0x55,0x55,0x55,0x85,0x5c,0x55,0x55,0x5c,0x55,0x88,0xcc,
0xc5,0xcc,0x20,0x82,0xff,0xff,0xcc,0x88,0xff,0x3c,0x33,0x13,0xfc,0xcf,0x27,0xff,0xff,0xff,0xcf,0xfc,0x8c,0x24,0x28,0x22,0xf7,0xcf,0xff,0x3c,0x31,0x88,0x12,0x81,
0xfc,0xcc,0xc8,0x38,0x53,0xc5,0xcc,0x8c,0xcc,0x55,0x55,0x85,0x58,0x85,0x58,0x55,0x55,0x55,0x55,0xf8,0x5c,0x55,0xc8,0x35,0xcc,0xc8,0xcc,0xcf,0x7c,0xfc,0xcf,0xcc,
0x8c,0x55,0xf8,0xff,0x13,0x13,0xf1,0x0f,0x22,0xf0,0xff,0xff,0xff,0xcf,0xcc,0xcc,0x42,0x42,0xc8,0xff,0xcc,0x38,0x11,0xcc,0xcc,0xcc,0xfc,0xcf,0xcc,0x55,0x35,0x83,
0xfc,0xcf,0xcc,0x88,0x55,0x88,0x55,0x88,0x58,0x55,0xc8,0x58,0x85,0xc5,0xcf,0xc5,0xc5,0x35,0xf8,0xcc,0xfc,0xff,0xff,0xff,0x8c,0x55,0xcf,0x58,0xf8,0xff,0x3c,0xcc,
0xfc,0xfc,0x02,0xfc,0xff,0xff,0xff,0xcf,0xcc,0xcc,0x88,0xcc,0xcc,0xfc,0xff,0xff,0xc5,0x5c,0xcc,0x35,0xc3,0xff,0xfc,0x5c,0x8c,0x35,0xcc,0xcf,0xcf,0x5f,0x58,0x55,
0x55,0x85,0x88,0x85,0x88,0xcc,0xc5,0x5c,0xff,0xfc,0xc5,0xc5,0xc5,0xcf,0xff,0xcf,0xfc,0xcf,0xff,0x3c,0xff,0xcf,0xcc,0xff,0xff,0xff,0xcf,0xc8,0xfc,0xcf,0xc5,0xff,
0xff,0xff,0xcc,0xcc,0xcc,0xcc,0xcc,0xcc,0xfc,0xfc,0xcc,0x33,0xc3,0xcc,0xc5,0xfc,0xcf,0xcc,0xcc,0xcc,0x35,0x8c,0xcc,0xcc,0x55,0x55,0x55,0x55,0x88,0x88,0xcc,0xfc,
0xcc,0xfc,0xfc,0xff,0xcc,0xfc,0xff,0xff,0xff,0xff,0xcc,0xcf,0xff,0xcf,0xff,0xff,0xcc,0xcf,0xff,0xff,0x5f,0xfc,0xfc,0xcc,0x55,0xff,0xff,0xff,0xcc,0xcc,0xcc,0xcc,
0xcc,0xcc,0xcf,0xfc,0x5c,0x38,0x55,0xcc,0x5f,0xf8,0xcf,0xcf,0xf8,0xcf,0x55,0x53,0xc5,0xcc,0xc8,0x58,0x55,0x55,0x55,0xcc,0xcc,0xfc,0xff,0xff,0xff,0xff,0xcc,0xff,
0xff,0xff,0xff,0xff,0xff,0xcc,0xff,0xff,
},
{ // grass
0xc5,0xcf,0xfc,0xcf,0x35,0x53,0x22,0x32,0x33,0x44,0x44,0x44,0x44,0x44,0x44,0x44,0x44,0x44,0x44,0x44,0x74,0x47,0x47,0x77,0x77,0x77,0x77,0x77,0x77,0x77,0x77,0x77,
0x77,0x77,0x77,0x77,0x44,0x44,0x44,0x44,0x44,0x44,0x44,0x44,0x44,0x44,0x44,0x44,0x74,0x44,0x44,0x44,0xd7,0xcc,0xcd,0xcc,0xcc,0xcc,0xfc,0xef,0xef,0xcc,0x5c,0x55,
0x35,0x33,0x35,0x44,0x44,0x44,0x44,0x44,0x44,0x44,0x44,0x44,0x44,0x44,0x44,0x44,0x44,0x44,0x44,0x44,0x77,0x77,0x77,0x44,0x44,0x74,0x77,0x77,0x44,0x44,0x44,0x44,
0x44,0x44,0x44,0x44,0x44,0x44,0x44,0x44,0x44,0x44,0x44,0x44,0x44,0x74,0xda,0xdc,0xcc,0xcc,0xcc,0xff,0xff,0xff,0xce,0xcc,0xcc,0x55,0x5c,0x52,0x55,0x65,0x44,0x44,
0x44,0x44,0x44,0x44,0x44,0x44,0x44,0x44,0x44,0x44,0x44,0x44,0x44,0x44,0x44,0x77,0x44,0x44,0x44,0x44,0x44,0x44,0x44,0x44,0x44,0x44,0x44,0x44,0x44,0x44,0x44,0x44,
0x44,0x44,0x44,0x44,0x44,0x44,0x44,0xd7,0xdb,0xcd,0xcc,0xcc,0xfe,0xff,0x55,0xf5,0xee,0xcc,0xcc,0x3c,0x35,0x53,0x55,0xcc,0x44,0x44,0x44,0x44,0x44,0x44,0x44,0x44,
0x44,0x44,0x44,0x44,0x44,0x44,0x44,0x44,0x44,0x44,0x44,0x44,0x44,0x44,0x44,0x44,0x44,0x44,0x44,0x44,0x44,0x44,0x44,0x44,0x44,0x44,0x44,0x44,0x44,0x44,0x44,0x44,
0x44,0xba,0xa4,0xdc,0xce,0xec,0xff,0xcf,0x5c,0xe5,0xee,0xcc,0xcc,0x35,0x3c,0xc5,0xcc,0x46,0x44,0x44,0x44,0x44,0x44,0x44,0x44,0x44,0x44,0x44,0x44,0x44,0x44,0x44,
0x44,0x44,0x44,0x44,0x44,0x44,0x44,0x44,0x44,0x44,0x44,0x44,0x44,0x44,0x44,0x44,0x44,0x44,0x44,0x44,0x44,0x44,0x44,0x44,0x44,0x44,0x44,0x44,0xda,0xed,0xee,0xfd,
0xff,0xff,0xec,0xff,0xee,0xcf,0xcc,0x55,0x5c,0xc5,0xcc,0xac,0x44,0x44,0x44,0x44,0x44,0x44,0x44,0x44,0x44,0x44,0x44,0x44,0x44,0x44,0x44,0x44,0x44,0x44,0x44,0x44,
0x44,0x44,0x44,0x44,0x44,0x44,0x44,0x44,0x44,0x44,0x44,0x44,0x44,0x44,0x44,0x44,0x44,0x44,0x44,0x44,0x44,0x74,0xed,0xff,0xee,0xff,0xff,0xef,0xe5,0xff,0xee,0xff,
0xcf,0xcc,0xcf,0xcc,0xba,0xac,0x44,0x44,0x44,0x44,0x74,0xc4,0xcc,0x44,0x44,0x44,0x44,0x44,0x44,0x44,0x44,0x44,0x44,0x44,0x44,0x44,0x44,0x44,0x44,0x44,0x44,0x44,
0x44,0x44,0x44,0x44,0x44,0x44,0x44,0x44,0x44,0x44,0x44,0x44,0x44,0x44,0x44,0x44,0x4f,0xbe,0xee,0xff,0xfc,0xcd,0xf5,0xef,0xef,0xef,0xcf,0xfc,0xcf,0xcc,0x4c,0x47,
0x44,0x44,0x44,0x84,0xd7,0xcc,0xcc,0xa7,0x44,0x44,0x44,0x44,0x44,0x44,0x44,0x44,0x44,0x44,0x44,0x44,0x44,0x44,0x44,0x44,0x44,0x44,0x44,0x44,0x44,0x44,0x44,0x44,
0x44,0x44,0x44,0x44,0x44,0x44,0x44,0x44,0x44,0x47,0x44,0xb4,0xfe,0xcf,0xdd,0xcc,0xfe,0xce,0xc5,0x5e,0xe5,0xff,0xbf,0xb4,0x7c,0x44,0x44,0x44,0x44,0xda,0xee,0xcd,
0xcc,0xc6,0x46,0x44,0x44,0x44,0x44,0x44,0x44,0x44,0x04,0x00,0x44,0x44,0x44,0x44,0x44,0x44,0x44,0x44,0x44,0x44,0x44,0x44,0x44,0x44,0x44,0x44,0x44,0x44,0x44,0x44,
0x44,0x44,0xc7,0x4c,0xbe,0xf7,0xff,0xcc,0xcc,0xcc,0xce,0x5e,0x55,0x5c,0xc2,0xff,0xbf,0x47,0x47,0x44,0x44,0x74,0x44,0xdb,0xdd,0xcc,0xc5,0xc6,0x4a,0x44,0x44,0x44,
0x44,0x44,0x44,0x44,0x44,0x00,0x40,0x44,0x44,0x44,0x44,0x44,0x44,0x44,0x44,0x44,0x44,0x44,0x44,0x44,0x44,0x44,0x44,0x44,0x44,0x44,0x44,0x44,0xd4,0xcc,0xce,0xec,
0xff,0xcc,0xcc,0x55,0x3c,0xcc,0x55,0x35,0x53,0xf5,0x5f,0x45,0x14,0x44,0x74,0xed,0x7b,0xe4,0xed,0xce,0xc5,0xcc,0x44,0x47,0x44,0x44,0x44,0x44,0x44,0x44,0x44,0x00,
0x00,0x44,0x44,0x44,0x44,0x44,0x44,0x44,0x44,0x44,0x44,0x44,0x44,0x44,0x44,0x44,0x44,0x44,0x44,0x44,0x74,0xad,0xd7,0xcc,0xcc,0xcc,0xff,0xce,0xcc,0x55,0x53,0x35,
0x22,0x25,0x32,0xc5,0x55,0x33,0x25,0x43,0xe4,0xee,0x7e,0xdd,0xed,0xce,0xcc,0x6c,0xc6,0x66,0x48,0x44,0x44,0x44,0x44,0x44,0x04,0x00,0x00,0x44,0x04,0x44,0x44,0x44,
0x44,0x44,0x44,0x44,0x44,0x44,0x44,0x44,0x44,0x44,0x44,0x44,0x44,0x44,0xd7,0xcc,0xcc,0xcc,0xcc,0xcc,0xfe,0xcc,0xcc,0x5c,0xcc,0x5c,0x23,0x23,0x33,0xc5,0x35,0x35,
0x53,0x16,0xea,0xee,0xdd,0xdd,0xcd,0xcc,0x55,0x55,0x55,0x55,0x4c,0x44,0x44,0x44,0x44,0x44,0x04,0x00,0x00,0x44,0x00,0x40,0x44,0x44,0x44,0x44,0x44,0x44,0x44,0x44,
0x44,0x44,0x44,0x44,0x44,0x44,0x44,0x44,0xb4,0xcc,0xcc,0xcc,0xcc,0xcc,0xcd,0xcc,0xac,0xcc,0xcc,0xcc,0x35,0x23,0x22,0x52,0x35,0x22,0x32,0x53,0xc9,0xee,0xdd,0xdd,
0xcc,0xcc,0x55,0xc5,0x55,0x55,0x4c,0x44,0x44,0x44,0x44,0x44,0x44,0x04,0x00,0x00,0x00,0x40,0x44,0x44,0x44,0x44,0x44,0x44,0x44,0x44,0x44,0x44,0x44,0x44,0x44,0x44,
0x44,0x44,0x74,0xdc,0xdc,0xcc,0xcc,0xcc,0xcc,0x55,0x5a,0x35,0x2c,0x3c,0x55,0x22,0x23,0x22,0x55,0x22,0x22,0x32,0x32,0xee,0xdd,0xdd,0xcc,0xcc,0x5c,0xcc,0x55,0xcc,
0xac,0x44,0x44,0x44,0x44,0x44,0x44,0x00,0x00,0x00,0x00,0x00,0x44,0x44,0x44,0x44,0x44,0x44,0x44,0x44,0x44,0x44,0x44,0x44,0x44,0x44,0x44,0x74,0xcd,0xed,0xfe,0xce,
0xce,0xcc,0x55,0xc5,0x5a,0x33,0x5c,0x5c,0x25,0x22,0x22,0x22,0x22,0x22,0x22,0x23,0xe5,0xef,0xdd,0xee,0xce,0xcc,0x55,0xc6,0xcc,0xcc,0xee,0x44,0x44,0x44,0x44,0x44,
0x44,0x44,0x04,0x00,0x44,0x00,0x44,0x44,0x44,0x44,0x44,0x44,0x44,0x44,0x44,0x44,0x44,0x44,0x44,0x44,0x44,0xd4,0xee,0xcc,0xfe,0xcf,0xcc,0xcc,0xcc,0xdc,0x5d,0x22,
0xcc,0xcc,0x5c,0x25,0x23,0x35,0x35,0x22,0x22,0x33,0x33,0xe5,0xdd,0xff,0xde,0xcd,0xdc,0xc5,0xce,0xcc,0x09,0x40,0x44,0x44,0x44,0x44,0x04,0x44,0x04,0x40,0x44,0x44,
0x44,0x44,0x44,0x44,0x44,0x44,0x44,0x44,0x44,0x44,0x44,0x44,0x44,0x44,0x44,0xe4,0x4a,0xee,0xff,0xcd,0xcc,0x5a,0xec,0xef,0x3c,0x53,0x5c,0x5c,0x55,0x55,0x25,0x53,
0x25,0x23,0x32,0x53,0x22,0xf5,0xee,0xff,0xef,0xed,0xcc,0xcc,0xee,0xcc,0x66,0x04,0x44,0x44,0x44,0x44,0x00,0x00,0x44,0x44,0x44,0x44,0x44,0x44,0x44,0x44,0x44,0x44,
0x44,0x44,0x44,0x44,0x44,0x44,0x44,0x44,0x44,0x44,0xb4,0xff,0xdf,0xcc,0xcc,0xcc,0xc5,0xff,0xcc,0xcc,0x35,0x53,0x53,0x5c,0x23,0x32,0x5c,0x35,0x52,0x55,0xe5,0xff,
0xff,0xff,0xff,0xef,0xee,0xef,0xec,0xcf,0x4c,0x00,0x44,0x44,0x44,0x04,0x04,0x00,0x00,0x44,0x44,0x44,0x44,0x44,0x44,0x44,0x44,0x44,0x44,0x44,0x44,0x44,0x44,0x44,
0x77,0x44,0x44,0x44,0xf4,0xbe,0xce,0xcc,0xcc,0xec,0xcc,0xff,0xec,0xcc,0x55,0x52,0x32,0x3c,0x25,0x22,0xcc,0x5c,0x52,0xcc,0xfe,0xee,0xfe,0x8f,0xff,0xff,0xff,0xef,
0xde,0xee,0x06,0x00,0x44,0x44,0x44,0x44,0x44,0x04,0x00,0x44,0x44,0x44,0x44,0x44,0x44,0x44,0x44,0x44,0x44,0x44,0x44,0x44,0x44,0xa4,0xbb,0x7a,0x47,0x44,0x44,0x44,
0xee,0xcd,0xcd,0xec,0xfc,0xff,0xfe,0xee,0xcc,0x55,0x55,0x5c,0xcc,0x25,0xec,0xce,0xcc,0xff,0x35,0xce,0xef,0x4b,0x98,0x9f,0x8e,0xef,0xf8,0x84,0x00,0x00,0x00,0x44,
0x44,0x44,0x44,0x44,0x00,0x40,0x44,0x44,0x44,0x44,0x44,0x44,0x44,0x44,0x44,0x44,0x44,0x44,0xb4,0xdd,0xab,0xaa,0x4a,0x44,0xb4,0x74,0xfd,0xed,0xcf,0xfe,0xff,0xff,
0xff,0x55,0xcf,0x25,0xcc,0xec,0xcc,0x5c,0xc5,0xce,0x5c,0x55,0x25,0x22,0xec,0xee,0x99,0xff,0x94,0xd8,0x48,0x00,0x00,0x40,0x44,0x44,0x44,0x44,0x44,0x44,0x04,0x40,
0x44,0x44,0x00,0x40,0x44,0x44,0x44,0x00,0x44,0x44,0x44,0x44,0xdb,0xbb,0xaa,0xaa,0xaa,0xbf,0xf4,0xfe,0xff,0xfd,0xdf,0xff,0xff,0xce,0xe5,0x35,0x5e,0x35,0xf5,0xce,
0x55,0x23,0x22,0x5c,0x22,0x22,0x53,0x55,0xee,0xde,0xfe,0x99,0xff,0x44,0x04,0x00,0x00,0x40,0x44,0x44,0x44,0x44,0x44,0x44,0x44,0x40,0x04,0x40,0x04,0x00,0x44,0x44,
0x44,0x00,0x00,0x44,0x44,0x44,0xde,0xdd,0xad,0xad,0xaa,0xfe,0xff,0xff,0xff,0xfe,0xdf,0xff,0xff,0xaa,0x56,0x55,0xcc,0x52,0xfc,0xcc,0x55,0x33,0x52,0x55,0x52,0x25,
0x23,0xc5,0xee,0xcc,0xee,0xf9,0x8f,0xdb,0x00,0x00,0x4b,0xc4,0x8c,0x44,0x44,0x44,0x44,0x44,0x44,0x44,0x00,0x00,0x00,0x00,0x44,0x44,0x44,0x04,0x00,0x44,0x84,0x4b,
0xb4,0xbd,0xad,0xaa,0xfc,0xff,0xff,0xff,0xdf,0xfb,0xff,0xff,0xcf,0x5a,0x55,0x55,0xc5,0xf5,0xff,0xcf,0x5c,0x53,0x52,0xcc,0x55,0x53,0x3c,0x22,0xcc,0xcc,0xcc,0xf9,
0xee,0xee,0x0f,0xd0,0xee,0xca,0xcc,0x6a,0x44,0x44,0x44,0x44,0x44,0x04,0x44,0x00,0x00,0x40,0x44,0x44,0x44,0x04,0x00,0x00,0xbd,0x8d,0xd8,0xad,0xab,0xaa,0xec,0xff,
0xff,0xee,0xfe,0xfe,0xff,0xff,0xcf,0xca,0x65,0x53,0xfe,0xff,0xef,0xcc,0x5c,0xc3,0x23,0xcc,0x5c,0x35,0xec,0x5c,0xcc,0x5c,0xc5,0xec,0xcc,0xcc,0x48,0x98,0xee,0xcd,
0xce,0xcc,0x44,0x44,0x44,0x44,0x44,0x44,0x44,0x44,0x44,0x00,0x04,0x44,0x44,0x44,0x04,0x90,0xdb,0xdd,0xdd,0xab,0xaa,0xca,0xff,0xff,0xfe,0xfe,0xff,0xff,0xff,0xfc,
0xce,0x3a,0x2c,0x22,0xff,0xef,0xcc,0x5c,0x5c,0x5c,0x35,0xfc,0xce,0xc5,0x33,0xec,0xcd,0x5c,0x65,0xc6,0xc6,0xcc,0xba,0xee,0xee,0xce,0xcc,0x8d,0x44,0x44,0x44,0x44,
0x44,0x44,0x44,0x44,0x44,0x00,0x04,0x40,0x44,0x44,0x44,0xd4,0xdd,0xde,0xdd,0xab,0xaa,0xba,0xfe,0xff,0xfe,0xff,0xff,0xee,0xcf,0xca,0xcc,0x5c,0x5c,0x25,0xff,0xef,
0xfc,0x5d,0xcc,0xcc,0xcc,0xff,0xff,0x55,0x3c,0xe5,0xcd,0x56,0x55,0x55,0x65,0xcc,0xd6,0xee,0xee,0xce,0xaa,0x4c,0x44,0x44,0x44,0x44,0x44,0x44,0x44,0x44,0x44,0x44,
0x04,0x44,0x44,0x44,0x44,0x70,0xde,0xbd,0xbb,0xaa,0xaa,0xaa,0xfa,0xff,0xff,0xef,0xcc,0xcc,0xff,0xaa,0xaa,0xca,0xcc,0x5c,0xff,0xff,0xff,0xef,0xff,0xc2,0x25,0xf5,
0xcf,0x3c,0xcc,0xcc,0xcc,0x6c,0x55,0x55,0x55,0x65,0xa6,0xde,0xcd,0xac,0xaa,0xca,0xac,0x44,0x44,0x44,0x44,0x44,0x77,0x47,0x44,0x44,0x44,0x44,0x44,0x44,0x44,0x8b,
0xdd,0xdb,0xbd,0xab,0xbb,0xba,0xff,0xff,0xef,0xcc,0xcc,0xec,0xcd,0x5a,0xaa,0xcc,0xcc,0xcc,0xff,0xff,0xff,0xff,0xff,0xff,0x5f,0xf5,0xff,0xce,0xcc,0xcc,0x5c,0x56,
0x55,0xcc,0x55,0x65,0xcc,0xde,0xcd,0xac,0xaa,0xcc,0xcc,0x48,0x44,0x44,0x44,0x77,0x77,0x77,0x47,0x44,0x44,0x44,0x44,0x44,0x84,0xbd,0xdb,0xdd,0xde,0xbb,0xeb,0xbb,
0xcd,0xff,0xcf,0xac,0xca,0xdd,0xcc,0x5c,0x55,0xcc,0xcc,0xcc,0xff,0x9f,0xff,0xff,0xff,0xcf,0xcf,0xfe,0xef,0xdd,0xdd,0xcd,0xcc,0xc5,0x65,0x66,0x56,0xcc,0xce,0xec,
0xde,0xcd,0xcc,0xce,0xcc,0x48,0x44,0x44,0x77,0x77,0x77,0x77,0x77,0x77,0x44,0x44,0x44,0x44,0xa4,0xbb,0xed,0xee,0xde,0xbe,0xee,0xdd,0xfb,0xcc,0xef,0xac,0xac,0xec,
0xac,0x6a,0x55,0x55,0xcc,0x55,0xfe,0x9f,0xf9,0xff,0xff,0xcc,0xcf,0xec,0xef,0xde,0xdd,0xdd,0xde,0xec,0x6c,0x55,0xc6,0xcc,0x56,0xc6,0xed,0xde,0xdd,0xec,0x8c,0x44,
0x44,0x77,0x77,0x77,0x77,0x77,0x77,0x77,0x47,0x74,0x44,0x44,0x74,0xb8,0xed,0xee,0xee,0xdd,0xee,0xbd,0xeb,0xcc,0xcc,0xcc,0xda,0xee,0xee,0xcc,0x56,0x55,0xcc,0x5c,
0xff,0x99,0xff,0xff,0xff,0xcf,0xcc,0xc5,0xed,0xef,0xdd,0xee,0xee,0xee,0x5c,0x55,0xc5,0x55,0x55,0x55,0xec,0xee,0xee,0xde,0xdd,0x47,0x74,0x77,0x77,0x77,0x77,0x77,
0x77,0x77,0x77,0x77,0x47,0x44,0x44,0xe8,0xee,0xee,0xee,0xed,0xbd,0x8a,0xa8,0xca,0xcc,0xaa,0xaa,0xfd,0xcd,0xcc,0xcc,0xcc,0xec,0xce,0x59,0xf2,0xff,0xff,0xff,0xcf,
0x5c,0x55,0xdc,0xdd,0xee,0xfe,0xef,0x5e,0xcc,0x65,0x5c,0x65,0xcc,0x66,0xec,0xee,0x99,0xff,0xff,0x4a,0x74,0x77,0x77,0x77,0x77,0x74,0x77,0x77,0x77,0x77,0x47,0x44,
0x44,0xea,0xee,0xe8,0xdd,0xed,0xdd,0xa8,0xfc,0xcc,0xcc,0xaa,0xcc,0xce,0xdc,0xcc,0xcc,0xcc,0xfd,0xce,0x22,0xff,0xff,0xfe,0xef,0xcf,0x5c,0xcc,0xdc,0xdd,0xee,0xdd,
0xcc,0x5c,0xc5,0xcc,0xce,0xcc,0xec,0xde,0xef,0xef,0xef,0xff,0xdf,0x44,0x44,0x77,0x77,0x77,0x77,0x47,0x77,0x77,0x77,0x77,0x47,0x44,0x74,0x77,0xdd,0x74,0xde,0xbd,
0xbb,0xaa,0xcc,0xcc,0xcc,0xcc,0xde,0xef,0xfd,0xce,0xcc,0xcc,0xec,0xde,0xf9,0xfe,0xcc,0xcc,0xde,0xdc,0xcf,0xde,0xdd,0xdd,0xde,0xcc,0x66,0x5c,0x65,0xfc,0xce,0xcc,
0x65,0xcc,0xee,0xb8,0xbb,0xbe,0x7b,0x44,0x44,0x77,0x77,0x77,0x77,0x47,0x74,0x77,0x77,0x44,0x44,0x44,0x44,0x44,0x77,0xd7,0xdd,0xab,0xaa,0xaa,0xcc,0xcc,0xce,0xcc,
0xec,0xff,0xef,0xcc,0xcc,0xdc,0xef,0xfe,0xee,0xee,0xce,0xfe,0xde,0xdd,0xee,0xee,0xcd,0xdd,0xde,0xcd,0xa5,0x5a,0x55,0x65,0xcc,0x55,0x55,0x6c,0xb5,0xb4,0x44,0x7a,
0x44,0x44,0x44,0x44,0x44,0x74,0x47,0x44,0x44,0x47,0x44,0x44,0x44,0x44,0x44,0x44,0xb7,0xdb,0xdd,0xaa,0xaa,0xaa,0xff,0xfc,0xcc,0xdc,0xcc,0xff,0xcf,0xcc,0xec,0xcc,
0xfe,0xff,0xee,0xed,0xde,0xee,0xdd,0xed,0xee,0xee,0xcd,0xee,0xce,0xcc,0xdc,0x6c,0x55,0x5c,0xc5,0x56,0x65,0xac,0xcc,0x4d,0x7a,0x44,0x44,0x44,0x44,0x44,0x44,0x44,
0x44,0x44,0x44,0x44,0x44,0xb7,0xaa,0x77,0x44,0xb7,0xed,0xbe,0xbb,0xab,0xda,0xab,0xfb,0xee,0xfc,0xfc,0xce,0xff,0xcf,0xdc,0xec,0xdf,0xfc,0xff,0xee,0xee,0xde,0xee,
0xed,0xee,0xee,0xfe,0xde,0xfe,0xee,0xee,0x5d,0xcc,0xcc,0x6c,0x6c,0xcc,0x65,0xc6,0xde,0xdd,0xdd,0x47,0x44,0x44,0x44,0x44,0x44,0x44,0x44,0x44,0x44,0x44,0xa4,0xbb,
0xaa,0xaa,0x74,0xee,0xde,0xbd,0xab,0xba,0xda,0xdd,0xbb,0xdd,0xff,0xee,0xff,0xff,0xff,0xcf,0xcc,0xff,0xff,0xff,0xef,0xff,0xde,0xfe,0xee,0xee,0xfe,0xff,0xdf,0xef,
0xff,0xef,0xc5,0xcc,0xcc,0xce,0x8c,0xef,0xcc,0x6c,0xdc,0xcc,0xcc,0x4b,0x44,0x74,0x44,0x44,0x44,0x44,0x44,0x44,0x44,0x44,0xd7,0xbb,0xab,0xaa,0x7b,0xeb,0xdd,0xbb,
0xbb,0xdb,0xbd,0xba,0xdd,0xdb,0xff,0xfe,0xff,0xff,0xff,0xcd,0xce,0xff,0xff,0xff,0xff,0xef,0xee,0xff,0xfe,0xfe,0xff,0xff,0xff,0xff,0xff,0xff,0xce,0xdd,0xec,0xce,
0x55,0xfc,0xcd,0xee,0xdd,0xcc,0xcc,0x4c,0xa4,0xab,0x77,0x47,0x44,0x44,0x44,0x44,0x44,0x74,0x74,0xbb,0xab,0xba,0xdb,0xde,0xbb,0xed,0xdb,0xdb,0xbd,0xba,0xee,0xdd,
0xff,0xff,0xff,0xef,0xfe,0xee,0xfe,0xff,0xff,0xff,0xeb,0xee,0xfe,0xff,0xff,0xee,0xff,0xff,0x9f,0xf9,0x9f,0xfe,0xcf,0xfc,0xfc,0xcc,0x5c,0xe5,0xce,0xe8,0xcd,0xaa,
0xca,0x7b,0xa4,0xab,0xaa,0x7a,0x44,0x44,0x44,0x44,0x44,0xb7,0xaa,0xbb,0xaa,0xba,0xea,0xde,0xde,0xde,0xbb,0xdb,0xbd,0xbb,0xee,0xed,0xff,0xef,0xff,0xee,0xde,0xdd,
0xfe,0xff,0xff,0xff,0xaa,0xfb,0xff,0xff,0xff,0x9f,0xee,0xee,0x9e,0xf9,0x99,0xff,0xff,0xff,0xff,0xce,0x5c,0xfc,0xdf,0xee,0xde,0xbb,0xaa,0xcd,0xbb,0xaa,0xaa,0x7a,
0x44,0x44,0x74,0x47,0x44,0xbb,0xbb,0xbb,0xab,0xaa,0xaa,0xed,0xee,0xde,0xdd,0xed,0xed,0xdd,0xee,0xee,0xef,0x9b,0xee,0xdb,0xde,0xdd,0xff,0xff,0xff,0xff,0xb7,0xff,
0xff,0xff,0xde,0x9f,0xe9,0xee,0x9e,0x99,0xe9,0xff,0xff,0xff,0xff,0xff,0xce,0xe6,0xff,0xee,0xdd,0xbd,0xcb,0xfc,0xbd,0xaa,0xaa,0x7a,0x44,0x74,0x77,0x77,0x44,0xbb,
0xbb,0xdb,0xbd,0xab,0xbb,0xee,0xee,0xde,0xdd,0xde,0xee,0xed,0xee,0xe9,0xee,0x9e,0xee,0xe9,0xee,0xfe,0xff,0xef,0xff,0xff,0x98,0xba,0xee,0xef,0xdd,0xbb,0x99,0xeb,
0x99,0x99,0xf9,0xee,0x9f,0x99,0xff,0xff,0xdf,0xda,0xee,0xee,0xed,0xef,0xec,0xfe,0xbb,0xab,0x8a,0xaa,0x4a,0x77,0x77,0x77,0x47,0xbb,0xbb,0xdb,0xbb,0x8a,0xb8,0xef,
0xee,0xde,0xee,0xee,0xee,0xdd,0x9d,0xb9,0xee,0x9e,0x99,0xe9,0xee,0xf9,0xff,0xfb,0xbf,0xbb,0x79,0x77,0x99,0xdf,0xba,0xbb,0x99,0x99,0x99,0x99,0xe9,0x9e,0x99,0xfe,
0xee,0xff,0xef,0xdd,0xee,0xfe,0xef,0xff,0xce,0xde,0xbb,0xbb,0xab,0xdd,0x7d,0x77,0x77,0x77,0x47,0xb4,0xbb,0xbb,0xaa,0x8a,0xa8,0xbb,0xee,0xee,0xfe,0xff,0xee,0xde,
0xed,0x99,0xee,0x9e,0x99,0x99,0x9e,0xe9,0xdf,0xeb,0xbd,0xbb,0x49,0x77,0x9b,0x79,0xbb,0xbb,0x9d,0x99,0x99,0x99,0xb9,0x29,0xe9,0xee,0xee,0xff,0xbb,0xde,0xee,0xff,
0xdf,0xfe,0xdf,0xba,0xbb,0x7a,0xbb,0xbd,0x7b,0x77,0x77,0x44,0x44,0x47,0xbb,0xab,0xaa,0xaa,0xaa,0xba,0xee,0xbb,0xff,0xef,0xee,0xd9,0xee,0x9b,0xb9,0x9a,0x99,0x99,
0x99,0xdb,0xbb,0xbb,0xbb,0x89,0x48,0x77,0x9b,0x99,0xb7,0xbb,0xeb,0x99,0x99,0x99,0x99,0x92,0xdd,0xed,0x9e,0xed,0xb9,0xed,0xdd,0xfe,0xef,0xbb,0xbe,0xaa,0xab,0x77,
0xa6,0xab,0x77,0x44,0x47,0x44,0xa4,0xab,0xbb,0xab,0xbb,0xbb,0xbb,0xaa,0xbb,0xeb,0xfe,0xde,0xeb,0xbb,0xbe,0xbb,0x99,0x98,0x99,0x99,0xb9,0xbb,0x8a,0xb9,0x9b,0x79,
0x44,0xaa,0x9b,0x79,0xa7,0xbb,0xba,0x99,0x99,0x99,0x29,0xe9,0xde,0xed,0x9d,0x9b,0xb9,0xee,0xbd,0xfe,0xff,0xbb,0xaa,0xb7,0xbb,0x7a,0xaa,0xaa,0xaa,0x47,0x74,0x44,
0xba,0xbb,0xbb,0xbb,0xbb,0xba,0xbb,0xba,0xbb,0xbb,0xfd,0xbb,0xbb,0x9b,0x9b,0xdb,0x9d,0x99,0x99,0x99,0x79,0x87,0x77,0x99,0x98,0x49,0xe8,0x5d,0x9b,0x78,0x77,0xbb,
0xb7,0x99,0x99,0x29,0x99,0xeb,0xee,0xeb,0x9d,0x99,0x9b,0xbd,0xbb,0xeb,0xdd,0xbb,0xab,0xa8,0xbb,0xab,0xaa,0xaa,0xbb,0x4a,0x77,0x44,0xbb,0xbb,0xbb,0xbb,0xbb,0xbb,
0xbb,0xbb,0xbb,0xbb,0xbb,0xbb,0x99,0x9a,0x99,0xbb,0x8b,0x99,0x99,0x99,0x49,0x44,0x87,0x88,0x94,0x79,0xde,0x5c,0x35,0x73,0x77,0xbb,0x77,0x99,0x99,0x92,0x79,0xb7,
0xee,0xee,0x9b,0x99,0x99,0xbb,0xbb,0xbb,0xbb,0xdd,0xbb,0xbb,0xbb,0xaa,0xa8,0xab,0xdb,0x7b,0x77,0x47,0xba,0xbb,0xbb,0xbb,0xbb,0xbb,0xbb,0xbb,0xbb,0xbb,0xbb,0xbb,
0x9b,0x99,0x99,0x79,0x77,0x99,0x99,0x99,0x49,0x44,0x84,0x88,0x94,0x49,0xce,0x5c,0x35,0x65,0xb7,0xbb,0x87,0x99,0x99,0x92,0x72,0xb7,0xbb,0xeb,0x9e,0x29,0x79,0xbb,
0xbb,0xbb,0x9b,0xdd,0xbd,0xbb,0xbb,0xab,0xbb,0xbd,0xba,0x77,0x77,0x77,0xba,0xbb,0xbb,0xdb,0xbb,0xbb,0xbb,0xbb,0xb9,0xbb,0x9b,0xbb,0xbb,0x99,0x9b,0x79,0x77,0x98,
0x99,0x99,0x49,0x44,0xb4,0xcb,0x9f,0x79,0xed,0xcc,0x35,0x33,0xb3,0xab,0x97,0x99,0x99,0x22,0x78,0xb7,0xbb,0xb7,0x9b,0x99,0x77,0xbb,0xbb,0xbb,0xb9,0xbd,0xbb,0xbb,
0xbb,0xbb,0xbb,0xdb,0xad,0x77,0x77,0x77,0xbb,0xbb,0xdb,0xbd,0xbb,0xbb,0xbb,0xbb,0xbb,0xbb,0x9b,0xa9,0x7b,0x9b,0x99,0x48,0x77,0x94,0x99,0x99,0x49,0x44,0xeb,0xcc,
0xfc,0xbf,0xfd,0xce,0x55,0x53,0xb8,0xab,0x97,0x99,0x29,0x22,0x77,0xb7,0xbb,0xa7,0x99,0x89,0x47,0xb7,0xbb,0xb9,0xb9,0xbb,0xba,0xbb,0xbb,0xdd,0xdd,0xbb,0xee,0x77,
0x77,0x77,0xa7,0xdb,0xdd,0xbb,0xbb,0x9b,0xba,0x99,0x8a,0xbb,0x9b,0x89,0x47,0x98,0x99,0x48,0x74,0x94,0x99,0x99,0x89,0xc4,0xcc,0xcc,0xfc,0xbf,0xfe,0xee,0x5c,0xcc,
0x9b,0xbb,0x9b,0x99,0x99,0x22,0x77,0xba,0xbb,0x87,0x99,0x48,0x74,0xb7,0xbb,0x9b,0x89,0x79,0xba,0xbb,0xbb,0xbb,0xed,0xae,0x7a,0x77,0xa7,0x7b,0x77,0xba,0xbb,0xbb,
0xbb,0xbb,0xb9,0x99,0x7b,0x77,0x97,0x89,0x47,0x98,0x99,0x48,0x74,0x94,0x99,0x99,0x99,0xf8,0xce,0xcc,0xff,0xbf,0xcc,0x55,0x5c,0x5e,0x33,0xb5,0x9b,0x99,0x99,0x29,
0x77,0xed,0x8b,0x97,0x99,0x42,0x44,0xb7,0x7b,0xbb,0x99,0x77,0xbb,0xbb,0x89,0xb9,0xdb,0x7a,0x77,0xa7,0xba,0xab,0xaa,0xba,0xbb,0xbb,0xbb,0xb9,0x99,0x99,0x48,0x74,
0x87,0x89,0x44,0x98,0x99,0x48,0x74,0x97,0x99,0x99,0x99,0xb7,0xee,0xff,0xff,0xff,0xcc,0x35,0x35,0x53,0x55,0x63,0x99,0x99,0x29,0x29,0xb7,0xde,0xbe,0x9a,0x99,0x82,
0x47,0xb7,0x7b,0x98,0x49,0x77,0xbb,0x9b,0x99,0xa7,0xab,0x77,0x77,0xb7,0xaa,0xbb,0xba,0xbb,0xbb,0xbb,0xbb,0x89,0x97,0x99,0x44,0x74,0x87,0x99,0x44,0x99,0x99,0x78,
0x7b,0x94,0x99,0x99,0xce,0xcc,0xcc,0xcc,0xff,0xce,0xcc,0xcc,0x55,0x53,0xcc,0x95,0x99,0x99,0x29,0x29,0xbe,0xee,0xcc,0x9b,0x99,0x89,0x77,0xb7,0x7b,0x9b,0x48,0x44,
0x77,0x97,0x79,0xb7,0xbb,0xab,0xaa,0xba,0xab,0xbb,0xbb,0xbb,0xba,0xa7,0xb7,0x79,0x97,0x99,0x47,0x74,0xbb,0x9b,0x44,0x99,0x99,0xb9,0xaa,0x9a,0x99,0xe9,0xce,0xcc,
0xcc,0xcc,0xec,0xce,0xcc,0x5f,0x5c,0x55,0xe5,0x99,0xe9,0x99,0x99,0x29,0xff,0xee,0xce,0xbb,0x8a,0x89,0x77,0xdb,0xab,0x9b,0x48,0x44,0x7b,0xba,0x49,0x74,0xbb,0xba,
0xbb,0xbb,0xbb,0xbb,0xbb,0x7a,0xb7,0x78,0x87,0x79,0x97,0x99,0x47,0xb4,0xbb,0xbb,0x7b,0x98,0x99,0xb9,0xab,0x9b,0x99,0x99,0xfe,0xcf,0xcc,0xcc,0xee,0xff,0xee,0xcf,
0xcf,0xcf,0xdc,0x9e,0x99,0xf9,0x39,0x92,0xe9,0xff,0xde,0xac,0x9a,0x99,0xba,0xdd,0xbd,0x99,0x78,0x44,0x77,0x9b,0x49,0x74,0x7b,0xa7,0x7b,0xb7,0xbb,0x7a,0x7a,0x47,
0xa4,0x78,0x87,0x79,0x97,0x99,0x48,0xb4,0xbb,0xdb,0xdb,0x9b,0x99,0xb9,0xbb,0x9b,0x99,0x99,0xfb,0xcf,0xfc,0xec,0xef,0xff,0xff,0xff,0xff,0xee,0xff,0x99,0x99,0xe9,
0x5c,0x53,0xc3,0xcc,0xca,0xd3,0x9d,0x93,0xd9,0xbd,0xbb,0x99,0x78,0x77,0xbb,0x9b,0x48,0x74,0x7b,0x77,0x7b,0xb7,0xa7,0x44,0x77,0x77,0x77,0x78,0x87,0x79,0x97,0x99,
0x47,0xb7,0xbb,0xbb,0xed,0x99,0x9e,0x99,0xbb,0x99,0x99,0xe9,0xcb,0xcc,0xfc,0xff,0xff,0xff,0xff,0x3c,0xf9,0xff,0x35,0x95,0x99,0xff,0x5c,0x53,0x39,0xa5,0x5a,0x53,
0xcc,0x6d,0x99,0xee,0x55,0x60,0x89,0xb7,0xbb,0xbb,0x89,0x74,0x78,0xb7,0xbb,0x77,0x77,0x77,0x77,0x77,0xb7,0x7a,0x67,0x23,0x97,0x99,0x78,0xbb,0xab,0xdd,0xdd,0x99,
0x9e,0x59,0x82,0x99,0x99,0xed,0xee,0xcf,0xfe,0xff,0xff,0xff,0xef,0xcc,0xf5,0xff,0xcf,0xcc,0xfd,0xce,0xcc,0xc5,0x59,0x53,0xcc,0x55,0x66,0xc8,0x9b,0xcd,0x25,0x30,
0x88,0xba,0xbb,0xbb,0x99,0xba,0xab,0xb7,0xbb,0xaa,0xa7,0xaa,0x7a,0xa7,0xbb,0x7b,0x36,0x33,0x82,0x9b,0xd9,0xdd,0xbb,0xdb,0x9d,0xb9,0x9e,0x35,0x52,0x59,0x99,0xf8,
0xff,0xff,0xff,0xff,0xff,0xff,0xf9,0xff,0xcc,0xcf,0xcc,0xcc,0xec,0xcc,0x35,0x33,0x32,0x95,0xde,0xc5,0x35,0x33,0xb3,0xc6,0x3c,0x32,0x20,0xab,0xbb,0xbb,0xbb,0xbb,
0xab,0xbb,0xbb,0xbb,0x77,0x77,0x77,0xb7,0xbb,0xbb,0x36,0x66,0x9a,0x8b,0xbb,0xdd,0x8b,0xdd,0x99,0x66,0xba,0x6a,0x53,0x26,0x25,0xf9,0xfe,0xff,0xff,0xef,0xff,0xff,
0xf2,0x89,0x26,0xc8,0xcc,0xcc,0x56,0x5c,0x5c,0x33,0x55,0x53,0xfe,0xed,0x5c,0x53,0xd6,0x3c,0x32,0x22,0x82,0xbb,0x8b,0x66,0xb6,0xdd,0xbb,0xbb,0xaa,0xbb,0x77,0x77,
0x77,0xbb,0xab,0xab,0x66,0xb6,0xbb,0x6a,0xeb,0xed,0x66,0xbb,0xbb,0xaa,0x32,0x22,0xc6,0x5c,0x33,0x25,0xf9,0xff,0xff,0x19,0xff,0x9f,0x88,0x01,0x00,0x80,0xcc,0x6c,
0xcc,0xe5,0xce,0x53,0x55,0x55,0xf5,0xfe,0xce,0xa5,0xcb,0x5c,0x23,0x22,0x22,0x62,0x36,0x33,0x33,0x83,0x8d,0xba,0xdd,0xdb,0xab,0xaa,0xbb,0xbb,0xbb,0xbb,0xaa,0xbb,
0xdd,0xbb,0xcc,0x66,0x36,0x22,0x32,0xa6,0x3c,0x22,0xe5,0xfe,0x05,0xf2,0xff,0xff,0x14,0x4b,0x2f,0x99,0x98,0x89,0x00,0x00,0xc4,0xcc,0xec,0xff,0xef,0xcc,0x5c,0xcc,
0x9c,0xff,0xff,0xde,0xbb,0xac,0x25,0x26,0x33,0x35,0x56,0x66,0xa6,0x56,0x33,0x53,0x35,0x53,0x66,0x66,0xa8,0xa8,0xb8,0xcb,0xdd,0x8b,0x23,0x22,0x22,0x33,0x33,0x33,
0x33,0x63,0xdd,0x55,0xee,0xff,0xcf,0xec,0xff,0xcf,0x46,0xc6,0x99,0xcc,0x98,0x99,0x01,0x00,0x80,0xfe,0xff,0xff,0x92,0xee,0xce,0xcc,0x9e,0xf2,0xff,0xde,0xdd,0xdc,
0x6c,0x8d,0xe2,0x3c,0x63,0x66,0xdc,0x36,0x33,0x33,0x55,0x66,0x56,0x55,0x33,0x33,0x33,0x33,0x22,0x22,0x33,0x35,0x33,0x32,0x33,0x63,0x66,0xc6,0xee,0xfe,0xee,0xff,
0xff,0xff,0xfc,0xef,0x66,0xc5,0x55,0x55,0x99,0x09,0x00,0x61,0x00,0xee,0xcf,0x81,0xe1,0xff,0xff,0xef,0x9f,0x22,0x9f,0xef,0xdd,0xed,0xbe,0xdd,0xe8,0x8e,0x82,0xba,
0xdd,0xc8,0x3c,0x32,0x66,0x66,0x55,0x55,0x55,0x55,0x65,0x66,0x68,0x55,0x66,0x55,0xe5,0x6b,0x66,0xaa,0x44,0xe8,0xfe,0xff,0xfe,0x5c,0x66,0xcf,0xcc,0x36,0x33,0x32,
0x22,0x53,0xe9,0x19,0x00,0x89,0x06,0x58,0x55,0x53,0x5c,0xcf,0x9e,0x82,0xff,0x9f,0x09,0xf8,0x8d,0xee,0x4b,0xdb,0xeb,0xee,0x4b,0x84,0xee,0xdd,0xbd,0xbb,0xbb,0x56,
0x66,0x86,0xaa,0xaa,0xaa,0xab,0xdd,0xcc,0xc6,0xcc,0xec,0xee,0xbd,0x8b,0x04,0xe4,0xee,0xff,0x6f,0x55,0xc5,0xcc,0x35,0x33,0x00,0x32,0x53,0xcc,0xfe,0x99,0x20,0x1e,
0x00,0x50,0x65,0x16,0x30,0x36,0xc5,0xb8,0xdc,0xdc,0x9f,0xd4,0x48,0xcd,0xaa,0x88,0xc3,0xcc,0xbc,0x68,0xab,0xba,0xab,0xaa,0xac,0xaa,0xaa,0xaa,0xaa,0xab,0xa6,0xda,
0xed,0xee,0xcd,0xdd,0xee,0xee,0xdd,0x44,0x8a,0xdb,0x94,0xff,0xcc,0x5c,0xa6,0x5c,0x55,0xc5,0x09,0x58,0xcc,0xcc,0x5c,0x95,0x98,0x9f,0x18,0xa0,0xcc,0x04,0x60,0x55,
0x35,0xc6,0xcc,0xcc,0xcc,0xcc,0xcc,0xaa,0xac,0xcc,0xac,0xac,0xca,0xaa,0xaa,0xaa,0xaa,0xaa,0xaa,0xaa,0xaa,0xca,0xac,0xad,0xdb,0xde,0xee,0xee,0x9e,0xee,0x29,0xe9,
0x18,0xa8,0xda,0x9e,0x99,0xf9,0xcc,0xcc,0x28,0x5c,0xcc,0x9c,0x90,0xc9,0xcc,0xcc,0x33,0x33,0x55,0x55,0x55,0x56,0xcc,0x4d,0xc8,0x5c,0x08,0x66,0x55,0x66,0xcc,0xcc,
0xcc,0xaa,0xcc,0xcc,0xcc,0xac,0xaa,0xaa,0xaa,0xaa,0xaa,0xaa,0xaa,0xca,0xaa,0xca,0xcc,0xcc,0xcc,0xcc,0xcc,0xc8,0x99,0x99,0x29,0xc9,0x68,0xcc,0x48,0x29,0xc9,0xcc,
0xdd,0x2c,0x98,0xcc,0xfd,0x99,0x99,0xfe,0xde,0xce,0x53,0x55,0x35,0x55,0x33,0x32,0x85,0xc6,0xcc,0xcc,0xcc,0xcc,0xcc,0xac,0x6a,0xa6,0x56,0x66,0xc6,0xac,0xaa,0xaa,
0xaa,0xaa,0xaa,0xaa,0xaa,0xca,0x6a,0xa6,0x6a,0xaa,0xaa,0xaa,0xa6,0xaa,0xaa,0xa8,0xc6,0xcc,0xcc,0xcc,0xcc,0xcc,0x98,0xcc,0xcc,0x6a,0x20,0x96,0xfc,0xef,0xee,0xef,
0xcd,0xcc,0x4c,0xca,0xc0,0xcc,0x5c,0x5c,0x25,0x33,0x23,0x20,0x35,0x23,0x22,0x22,0x53,0x63,0xa6,0x55,0x55,0x55,0x55,0x65,0x56,0x33,0xa5,0xa6,0x66,0x53,0xcc,0xcc,
0x3c,0xc5,0x6c,0xc6,0xc6,0xcc,0xc5,0xc8,0xcc,0x6c,0x6a,0xcc,0x6a,0x66,0x65,0x66,0x66,0x66,0xc6,0xcc,0xc5,0xca,0xcc,0xcc,0xcc,0xcc,0xcc,0x6a,0x0a,0x03,0x00,0xe5,
0xfe,0xce,0x5c,0x55,0x25,0x00,0x51,0x55,0x23,0x32,0x23,0x00,0x50,0x52,0x35,0x23,0x6c,0x66,0x66,0x65,0x55,0x55,0x65,0x65,0x36,0x33,0x33,0x32,0x33,0x22,0x33,0x33,
0x33,0x33,0x53,0x55,0x55,0x55,0x55,0xc5,0x55,0x65,0xcc,0x5c,0xc6,0x66,0x66,0x5c,0xc5,0x6c,0x55,0x53,0x35,0x33,0x33,0x35,0x56,0x85,0x9e,0xef,0xcc,0xcc,0xcc,0x94,
0xc9,0xcc,0x35,0x55,0xc9,0x55,0x55,0x23,0x22,0x55,0x22,0x22,0x22,0x22,0x22,0x22,0x22,0x22,0x22,0x22,0x22,0x32,0x33,0x22,0x22,0x33,0x33,0x33,0x53,0x23,0x20,0x33,
0x53,0x55,0x35,0x55,0x33,0x23,0x53,0x55,0xc5,0x55,0x55,0x25,0x22,0x30,0x23,0x20,0x11,0x22,0x93,0x00,0x3f,0xef,0xcc,0xfe,0xce,0x95,0xf9,0xcc,0x6c,0x5c,0x5c,0x65,
0x65,0x56,0x55,0x55,0x55,0x25,0x23,0x02,0x22,0x22,0x22,0x22,0x22,0x22,0x22,0x32,0x23,0x22,0x22,0x22,0x32,0x33,0x22,0x33,0x22,0x23,0x22,0x22,0x02,0x22,0x22,0x22,
0x22,0x22,0x22,0x32,0x55,0x56,0x8c,0xc6,0x56,0x20,0x00,0x50,0x08,0xd0,0x55,0x55,0xc5,0x5a,0x55,0x55,0x55,0x25,0x02,0x00,0x20,0x22,0x22,0x22,0x22,0x32,0x33,0x33,
0x53,0x35,0x53,0x33,0x33,0x33,0x22,0x22,0x22,0x22,0x22,0x22,0x22,0x22,0x22,0x22,0x22,0x22,0x22,0x22,0x22,0x22,0x22,0x32,0x33,0x33,0x33,0x33,0x33,0x23,0x33,0x23,
0x33,0x32,0x65,0xa5,0x0b,0xcc,0xee,0xe8,0x5c,0x35,0x30,0x55,0x35,0x33,0x23,0x22,0x22,0x22,0x22,0x22,0x22,0x22,0x22,0x22,0x22,0x22,0x22,0x22,0x22,0x23,0x32,0x33,
0x33,0x22,0x22,0x22,0x22,0x22,0x22,0x22,0x22,0x22,0x22,0x22,0x22,0x22,0x22,0x22,0x22,0x22,0x22,0x22,0x33,0x33,0x33,0x33,0x32,0x33,0xc5,0xc5,0xcc,0xec,0xcd,0xee,
0xcc,0xac,0xcc,0x6c,0x55,0x35,0x32,0x53,0x55,0x53,0x33,0x23,0x32,0x23,0x22,0x22,0x22,0x22,0x22,0x22,0x22,0x22,0x22,0x22,0x22,0x22,0x22,0x22,0x22,0x22,0x33,0x22,
0x33,0x33,0x33,0x33,0x22,0x22,0x23,0x22,0x22,0x22,0x22,0x22,0x22,0x22,0x22,0x22,0x22,0x22,0x55,0x35,0x33,0x53,0x55,0x33,0x55,0x55,0x55,0x33,0x33,0x55,0x35,0x33,
0x33,0x33,0x25,0x32,0x33,0x32,0x33,0x33,0x22,0x22,0x33,0x23,0x22,0x22,0x22,0x22,0x22,0x22,0x22,0x22,0x22,0x22,0x33,0x33,0x33,0x33,0x33,0x22,0x22,0x22,0x22,0x22,
0x22,0x22,0x22,0x22,0x22,0x22,0x22,0x22,0x22,0x22,0x22,0x22,0x22,0x22,0x22,0x22,0x22,0x22,0x32,0x22,0x33,0x33,0x33,0x33,0x33,0x23,0x22,0x22,0x22,0x22,0x22,0x22,
0x22,0x22,0x22,0x22,0x22,0x32,0x32,0x33,0x33,0x22,0x22,0x22,0x22,0x22,0x33,0x22,0x22,0x22,0x22,0x22,0x22,0x22,0x22,0x22,0x22,0x22,0x22,0x22,0x22,0x22,0x22,0x22,
0x22,0x22,0x22,0x22,0x22,0x22,0x22,0x22,0x22,0x22,0x22,0x22,0x22,0x22,0x32,0x03,0x50,0x22,0x22,0x22,0x22,0x22,0x22,0x22,0x22,0x22,0x22,0x22,0x22,0x22,0x32,0x33,
0x33,0x33,0x33,0x33,0x33,0x53,0x33,0x33,0x33,0x33,0x23,0x22,0x22,0x22,0x22,0x22,0x22,0x22,0x22,0x22,0x22,0x22,0x22,0x22,0x22,0x22,0x22,0x33,0x55,0x32,0x35,0x52,
0x35,0x22,0x32,0x22,0x23,0x22,0x22,0x22,0x22,0x00,0xc4,0x22,0x52,0x28,0x00,0x20,0x22,0x22,0x22,0x33,0x33,0x23,0x22,0x22,0x22,0x22,0x22,0x22,0x22,0x22,0x33,0x53,
0x55,0x35,0x23,0x22,0x22,0x22,0x22,0x22,0x22,0x22,0x22,0x22,0x22,0x22,0x22,0x22,0x22,0x22,0x23,0x32,0x53,0x65,0x56,0x65,0x55,0x55,0x55,0x55,0x55,0x55,0x55,0x53,
0x55,0x55,0x32,0xa3,0x6a,0x55,0x35,0x53,0x35,0x53,0x65,0x33,0x23,0x22,0x22,0x22,0x22,0x22,0x22,0x22,0x22,0x22,0x22,0x22,0x22,0x22,0x22,0x22,0x22,0x33,0x32,0x22,
0x33,0x32,0x22,0x22,0x22,0x22,0x23,0x22,0x33,0x53,0x33,0x33,0x23,0x32,0x53,0x35,0x23,0x33,0x33,0x22,0x22,0x22,0x33,0x33,0x35,0x53,0x55,0x55,0x35,0xc6,0xac,0xcc,
0x06,0x20,0x55,0x55,0x56,0x33,0x33,0x33,0x22,0x33,0x22,0x32,0x33,0x33,0x23,0x22,0x32,0x33,0x33,0x23,0x32,0x33,0x32,0x32,0x23,0x33,0x23,0x22,0x33,0x33,0x33,0x33,
0x23,0x22,0x33,0x23,0x22,0x33,0x55,0x22,0x32,0x22,0x22,0x22,0x22,0x22,0x22,0x22,0x22,0x22,0x22,0x22,0x22,0x22,0xca,0xcc,0xdc,0xed,0x9c,0xc5,0x55,0x55,0x55,0x35,
0x55,0x55,0x32,0xa5,0x25,0x22,0x35,0x55,0x23,0x53,0x35,0x33,0x33,0x33,0x33,0x33,0x33,0x33,0x33,0x23,0x22,0x22,0x23,0x22,0x22,0x22,0x32,0x23,0x22,0x22,0x22,0x22,
0x22,0x53,0x33,0x55,0x55,0x33,0x23,0x33,0x22,0x22,0x22,0x22,0x22,0x22,0x22,0x22,0x55,0x65,0x66,0x56,0xc6,0xcc,0x5c,0x55,0xcc,0xc5,0xcc,0x5c,0x55,0xcc,0x5c,0x55,
0x35,0x32,0x35,0x22,0x22,0x22,0x22,0x22,0x32,0x33,0x33,0x55,0x33,0x33,0x53,0x35,0x33,0x32,0x33,0x33,0x33,0x33,0x23,0x22,0x32,0x22,0x22,0x22,0x22,0x53,0x55,0x55,
0x35,0x35,0x33,0x33,0x33,0x23,0x23,0x22,0x22,0x02,0x55,0x33,0x33,0x53,0x55,0x55,0x55,0x55,0x55,0x65,0x55,0x56,0x23,0x33,0x55,0x25,0x02,0x22,0x22,0x22,0x22,0x22,
0x22,0x22,0x22,0x22,0x22,0x22,0x33,0x33,0x33,0x33,0x33,0x33,0x23,0x32,0x32,0x33,0x33,0x23,0x23,0x22,0x22,0x22,0x22,0x22,0x32,0x53,0x55,0x56,0x55,0x33,0x33,0x33,
0x22,0x22,0x22,0x52,0x35,0x33,0x55,0x33,0x55,0x33,0x33,0x55,0x55,0x55,0x35,0x23,0x22,0x22,0x32,0x33,0x33,0x33,0x33,0x22,0x20,0x22,0x22,0x22,0x22,0x22,0x22,0x22,
0x22,0x22,0x32,0x33,0x32,0x55,0x55,0x35,0x23,0x22,0x22,0x22,0x22,0x22,0x22,0x22,0x22,0x22,0x22,0x22,0x22,0x33,0x33,0x55,0x55,0x35,0x33,0x33,0x33,0x55,0x00,0x33,
0x35,0x33,0x33,0x32,0x33,0x33,0x33,0x33,0x23,0x32,0x33,0x33,0x33,0x33,0x33,0x33,0x33,0x23,0x22,0x22,0x22,0x22,0x22,0x22,0x22,0x22,0x22,0x22,0x22,0x22,0x33,0x33,
0x23,0x23,0x22,0x22,0x22,0x22,0x22,0x22,0x22,0x22,0x22,0x22,0x22,0x32,0x32,0x22,0x22,0x22,0x32,0x55,0x55,0x55,0x55,0x55,0x00,0x10,0x33,0x33,0x33,0x32,0x33,0x23,
0x23,0x22,0x22,0x33,0x33,0x33,0x22,0x22,0x22,0x20,0x22,0x22,0x22,0x22,0x22,0x22,0x22,0x22,0x22,0x22,0x23,0x32,0x32,0x23,0x23,0x32,0x22,0x33,0x23,0x22,0x32,0x33,
0x22,0x22,0x22,0x23,0x22,0x23,0x22,0x32,0x35,0x22,0x22,0x32,0x22,0x33,0x55,0x55,0xcc,0x55,0x02,0x20,0x32,0x33,0x33,0x22,0x22,0x22,0x22,0x32,0x33,0x23,0x22,0x22,
0x22,0x22,0x22,0x22,0x22,0x23,0x22,0x33,0x23,0x33,0x33,0x23,0x22,0x22,0x33,0x53,0x53,0x33,0x35,0x55,0x33,0x33,0x33,0x33,0x33,0x33,0x23,0x32,0x22,0x23,0x22,0x32,
0x33,0x33,0x22,0x35,0x53,0x53,0x33,0x5c,0x88,0xc6,0xcc,0x55,0x90,0x00,0x20,0x33,0x33,0x10,0x35,0x23,0x32,0x33,0x33,0x33,0x33,0x33,0x33,0x33,0x53,0x33,0x33,0x23,
0x32,0x33,0x33,0x53,0x55,0x33,0x33,0x33,0x33,0x55,0x55,0x33,0x33,0x33,0x33,0x33,0x35,0x33,0x33,0x22,0x22,0x33,0x33,0x55,0x53,0x35,0x33,0x55,0x53,0x5c,0x5c,0x53,
0xc5,0xcc,0x48,0x94,0xdd,0x5c,0x00,0x00,0x20,0x53,0x13,0x00,0x33,0x33,0x13,0x31,0x33,0x33,0x33,0x53,0x55,0x33,0x33,0x55,0x55,0x33,0x53,0x35,0x33,0x33,0x55,0x35,
0x33,0x33,0x33,0x53,0x55,0x55,0x55,0x33,0x33,0x55,0x55,0x55,0x35,0x33,0x33,0x53,0x55,0x55,0x55,0x55,0x55,0x55,0x55,0x35,0x65,0x6c,0xac,0x6c,0x06,0x00,0xe8,0xce,
0x09,0x50,0x55,0x65,0x48,0x00,0x50,0x35,0x35,0x53,0x33,0x33,0x55,0x55,0x55,0x55,0x55,0x53,0x55,0x55,0x63,0x35,0x33,0x33,0x55,0x33,0x55,0x35,0x33,0x33,0x55,0x55,
0x55,0x55,0x55,0x65,0x55,0x5c,0x55,0x55,0xa5,0x5a,0x55,0x55,0x35,0x35,0x33,0x33,0x53,0x33,0x53,0x65,0x66,0x86,0xdd,0xb4,0xcb,0xcd,0x5f,0x55,0x55,0x6c,0xb6,0x80,
0x56,0x55,0x55,0xcc,0x35,0x33,0x53,0x55,0x35,0x53,0x55,0x22,0x55,0x53,0x55,0xc5,0x5a,0x55,0x56,0x65,0x55,0x55,0x53,0x33,0x55,0x55,0x55,0x55,0x55,0x55,0x55,0xc5,
0xc5,0x55,0xc5,0x5c,0x55,0x23,0x23,0x32,0x23,0x32,0x53,0x33,0x33,0x55,0x35,0x23,0xaa,0x55,0x55,0xc5,0x8c,0x55,0x55,0xc6,0xc6,0xcb,0xcc,0x65,0x35,0x32,0x33,0x03,
0x20,0x35,0x55,0x5c,0x53,0x23,0x35,0x53,0x55,0x65,0xc6,0xc6,0x8c,0xc5,0x58,0x5c,0xa3,0x33,0x53,0x55,0x55,0x55,0x55,0x55,0x33,0x22,0x35,0x35,0x53,0x25,0x32,0x22,
0x23,0x22,0x22,0x33,0x33,0x33,0x33,0x33,0x33,0x00,0x33,0x55,0x55,0x55,0xbc,0xcc,0xc6,0xee,0xa6,0x56,0xc5,0x35,0x03,0x30,0x33,0x53,0x23,0x35,0xcc,0x55,0x33,0x35,
0x33,0x53,0x55,0x55,0x65,0x66,0x6c,0xcc,0x65,0x66,0x65,0x35,0x33,0x55,0x35,0x33,0x35,0x33,0x33,0x32,0x33,0x33,0x53,0x55,0x53,0x35,0x33,0x33,0x33,0x33,0x33,0x03,
0x32,0x33,0x53,0x22,0x32,0x33,0x55,0x55,0xfc,0xdc,0xec,0x6c,0x56,0x55,0x33,0x05,0x00,0x00,0x32,0x33,0xcc,0xc3,0x3c,0x33,0x23,0x22,0x33,0x33,0x33,0x33,0x55,0x55,
0x55,0x55,0x55,0x55,0x55,0x55,0xc5,0x55,0x35,0x33,0x23,0x22,0x33,0x33,0x35,0x33,0x55,0x65,0x56,0x55,0x55,0x35,0x33,0x33,0x22,0x03,0x32,0x53,0x55,0x33,0x53,0x65,
0x55,0x55,0xc5,0x66,0xc8,0x66,0x66,0x55,0x33,0x55,0x40,0x20,0x53,0x55,0xcc,0xf5,0x35,0x33,0x33,0x22,0x25,0x30,0x33,0x33,0x33,0x33,0x53,0x55,0x55,0x55,0x35,0x33,
0x55,0x33,0x33,0x32,0x23,0x32,0x33,0x33,0x53,0x35,0x55,0x55,0x56,0x55,0x55,0x55,0x33,0x55,0x25,0x33,0x52,0x5c,0x55,0x55,0x56,0x6c,0x55,0x00,0xc6,0x0c,0x80,0x00,
0xac,0x6c,0x55,0xc5,0x9c,0x69,0x06,0x3a,0xc5,0xcc,0x32,0xcc,0x55,0x55,0x05,0x33,0x33,0x33,0x55,0x33,0xcc,0x33,0x33,0x33,0x33,0x33,0x33,0x33,0x33,0x23,0x33,0x33,
0x55,0x33,0x33,0x33,0x33,0x33,0x53,0x55,0x55,0x55,0x55,0x33,0x55,0xc2,0x52,0x5d,0x55,0x55,0xcc,0x55,0x6c,0x00,0xc6,0x9d,0x20,0x90,0xca,0xdc,0xc5,0xcc,0xcc,0xcc,
0x8a,0x2c,0xc3,0xcd,0x53,0x5c,0x55,0x55,0x35,0xc5,0x35,0x33,0xc5,0x33,0xcc,0x33,0x33,0x33,0x33,0x53,0x55,0x55,0x55,0x35,0x35,0x33,0x20,0x53,0x23,0x22,0x53,0x23,
0x52,0x5c,0x35,0x50,0x5c,0x55,0xc3,0x55,0x35,0x5e,0xcc,0x2c,0x52,0x55,0xcc,0x08,0xd6,0x0d,0x90,0x25,0x00,0x53,0xdc,0x6c,0xcc,0xac,0xa6,0xcc,0xe5,0xce,0xe5,0x65,
0x56,0x56,0x53,0xa5,0x5c,0xc3,0xc3,0xc5,0x3c,0x33,0x33,0x53,0x53,0xc5,0x55,0x55,0x53,0x55,0x55,0x55,0x55,0x55,0x23,0x25,0x53,0x55,0x23,0x32,0x35,0x02,0x55,0x55,
0xcc,0x5c,0x55,0xce,0xcc,0x02,0x52,0xc3,0xcd,0xcc,0xdc,0x9c,0x99,0x99,0x61,0x35,0xf5,0xcc,0xcc,0xcc,0xd6,0xcc,0xec,0xce,0xdc,0xdc,0xca,0x56,0x55,0x55,0x5c,0xf8,
0x53,0xcc,0x33,0xcc,0x33,0x35,0x33,0x55,0xa5,0x55,0x55,0x55,0x55,0x55,0xac,0x66,0x25,0x6c,0x55,0x6c,0x35,0x52,0x55,0xcc,0xc5,0xcc,0xdc,0xcc,0xcc,0xde,0x5e,0x53,
0xcc,0xcc,0xec,0xac,0x80,0xff,0x0e,0xe0,0xcc,0x5c,0xe5,0x5c,0xcc,0xac,0xec,0xcc,0xee,0xcf,0xcd,0x5c,0x55,0x56,0x55,0x56,0xc5,0xce,0x55,0xcc,0xcc,0x5c,0x53,0x5c,
0x33,0x33,0x55,0x55,0x55,0x55,0x55,0x66,0xcc,0xac,0x56,0xc6,0x5c,0xc6,0xcc,0x85,0x5c,0xc6,0xcc,0xcc,0xbc,0xca,0xcc,0xfe,0x5c,0xc5,0xca,0xcc,0xed,0x6c,0xf5,0xff,
0x9e,0xc9,0xcc,0xee,0xff,0xcf,0xcf,0xcc,0xc5,0x5c,0xec,0xcc,0x5e,0x55,0xcc,0x5c,0xc5,0xc8,0xec,0xce,0xcc,0xcf,0xdc,0x5c,0xdc,0x5c,0x53,0x55,0x65,0x55,0x55,0x56,
0xcc,0xca,0xcc,0xcc,0x66,0x56,0x22,0x5c,0xc5,0xcc,0xec,0x5c,0xcc,0xbc,0x09,0xb8,0xcc,0xfe,0xc5,0xcc,0xcc,0xcc,0xe5,0xac,0xfe,0xef,0xfe,0x25,0xc2,0xff,0xcc,0xcc,
0x5c,0x55,0x55,0xc5,0x5c,0x55,0x5c,0xec,0xce,0x55,0xc5,0x22,0xcc,0x89,0xcc,0x5c,0xcc,0xc5,0x5e,0x55,0x55,0x65,0x56,0x65,0x66,0xa6,0xcc,0xaa,0x55,0xc5,0xcc,0x35,
0xe5,0x5c,0xcc,0xec,0xee,0x5c,0x22,0x95,0x20,0x20,0xcc,0xcf,0xec,0xcc,0xcc,0xcc,0x5c,0xdc,0xff,0xc9,0x5f,0x00,0xe5,0xcc,0xcc,0xcc,0xcc,0x55,0x55,0xff,0x5f,0x55,
0xcc,0xed,0x5c,0x55,0x55,0x23,0x35,0x22,0xcc,0xcc,0x5c,0xe5,0x5c,0x55,0x66,0x66,0xcc,0x66,0xaa,0x55,0xcc,0x55,0x55,0x53,0xdc,0x55,0xcd,0x65,0xfc,0xcc,0xee,0xce,
0x5c,0x02,0x22,0x90,0xce,0xcf,0xec,0xcc,0xcc,0x84,0xcc,0xcc,0xff,0x52,0x5c,0x32,0xce,0xcc,0xcc,0xcc,0xec,0x5d,0xf5,0xff,0x55,0x55,0xd5,0xce,0x55,0x55,0x55,0x55,
0x25,0x32,0xc5,0xc5,0x5c,0xc5,0x55,0xc6,0x66,0x65,0xcc,0x5c,0xa5,0x3c,0x65,0x55,0x55,0x55,0xc5,0xee,0x5c,0xcc,0x55,0x55,0xcc,0x5c,0xcc,0x08,0x99,0x90,0xef,0xcf,
0xee,0xcc,0x88,0x20,0xe8,0xce,0xff,0x52,0x5c,0xf5,0xcf,0xcc,0xce,0xcc,0xc5,0xcf,0xf5,0xff,0x5c,0x55,0xe5,0x5e,0xc5,0x55,0x55,0x55,0x55,0x55,0x55,0x55,0x5c,0x5c,
0x55,0xa5,0xc5,0x55,0x66,0x55,0xc5,0x5c,0x53,0x5c,0x55,0x5c,0xc5,0xee,0xc5,0xce,0x55,0x55,0x55,0x35,0xc5,0x9e,0xff,0xff,0xff,0xcf,0xc5,0xcc,0x00,0x00,0xe2,0xce,
0x9f,0xf5,0xcc,0xff,0xec,0xcf,0x03,0xf2,0x55,0xe5,0xff,0x5f,0xcf,0x55,0x95,0xcf,0xcc,0x55,0x55,0x55,0x55,0x55,0x55,0x55,0x55,0x55,0x55,0x55,0x55,0x5c,0xc5,0x55,
0xcc,0xe5,0x3c,0xc5,0xc5,0xcd,0x55,0xdf,0xf5,0x5f,0xc5,0x5c,0x55,0xc5,0xcc,0xce,0xef,0xff,0x5c,0xef,0x3c,0xc5,0xbc,0x90,0xcf,0xcc,0xcf,0xef,0xfc,0xef,0xfc,0x55,
0x52,0xff,0x5c,0xf5,0xff,0x5e,0xe5,0x5c,0xe5,0xcf,0xec,0xec,0x5c,0x55,0x55,0x55,0x55,0x55,0x55,0x55,0x55,0x55,0x55,0xcc,0x55,0x5c,0xce,0xc5,0x5e,0xc5,0xcc,0xec,
0x5c,0xff,0xfc,0x5c,0xcc,0x35,0xc2,0xef,0xcc,0xce,0xfe,0xcf,0x55,0xee,0x5e,0x55,0xce,0xfe,0xcc,0xec,0xcf,0xcf,0xfc,0xff,0x5f,0x33,0xf5,0xfe,0xcf,0xfc,0xff,0xcc,
0xec,0xce,0xfc,0xef,0xfe,0x5f,0x55,0x55,0x55,0x55,0x55,0x55,0x55,0x55,0x55,0x55,0x55,0xcc,0x5c,0xcc,0xcc,0xcc,0xce,0xc5,0xce,0xec,0xcd,0xff,0xfd,0xcc,0xce,0x33,
0xc5,0xfe,0xce,0xce,0xfc,0x5f,0xf5,0xef,0xfe,0x5c,0xef,0xff,0xcc,0xec,0xcf,0xcf,0xff,0xfe,0x3f,0x53,0xff,0xfc,0xff,0xec,0xff,0xcc,0xec,0xef,0xfe,0xff,0xff,0x55,
0xcc,0x55,0x55,0x5c,0x55,0x55,0x55,0xc5,0xcc,0x65,0xcc,0xcc,0xcc,0xcc,0xcc,0xce,0xed,0xcc,0xce,0xcc,0xed,0xff,0xee,0xdc,0x5f,0x53,0xce,0xfc,0xde,0xfc,0xee,0x5c,
0xfc,0xcc,0xfe,0xcf,0xfc,0xff,0xfc,0xee,
},
{ // ice
0xdd,0xdd,0xdd,0xdd,0xdd,0xdd,0xdd,0xdd,0xdd,0xdd,0xdd,0xdd,0xdd,0xed,0xee,0xde,0xdd,0xed,0xee,0xee,0xee,0xee,0xee,0xee,0xee,0xee,0xee,0xee,0xee,0xee,0xee,0xee,
0xee,0xee,0xee,0xee,0xee,0xee,0xee,0xee,0xee,0xee,0xee,0xde,0xdd,0xdd,0xdd,0xed,0xee,0xdd,0xdd,0xdd,0xdd,0xdd,0xee,0xdd,0xde,0xdd,0xdd,0xdd,0xdd,0xdd,0xdd,0xdd,
0xde,0xdd,0xdd,0xdd,0xdd,0xdd,0xdd,0xdd,0xde,0xee,0xdd,0xdd,0xde,0xee,0xee,0xee,0xee,0xee,0xee,0xee,0xee,0xee,0xee,0xee,0xee,0xee,0xee,0xee,0xee,0xee,0xee,0xee,
0xee,0xee,0xee,0xee,0xee,0xde,0xdd,0xdd,0xdd,0xdd,0xdd,0xdd,0xdd,0xdd,0xdd,0xdd,0xed,0xdd,0x4b,0x11,0xdd,0xdd,0xdd,0xdd,0xdd,0xdd,0xdd,0xdd,0xdd,0xdd,0xdd,0xdd,
0xdd,0xdd,0xdd,0xdd,0xdd,0xdd,0xdd,0xdd,0xdd,0xed,0xee,0xee,0xde,0xee,0xee,0xee,0xee,0xee,0xee,0xee,0xee,0xee,0xee,0xee,0xee,0xee,0xee,0xee,0xee,0xed,0xee,0xdd,
0xdd,0xdd,0xdd,0xdd,0xdd,0xdd,0xdd,0xdd,0xdd,0xdd,0xdd,0x8d,0x14,0x11,0xdd,0xdd,0xdd,0xdd,0xdd,0xdd,0xdd,0xdd,0xdd,0xdd,0xdd,0xdd,0xdd,0xdd,0xdd,0xdd,0xdd,0xdd,
0xdd,0xdd,0xdd,0xdd,0xed,0xee,0xee,0xdd,0xde,0xde,0xdd,0xee,0xde,0xdd,0xdd,0xdd,0xdd,0xdd,0xdd,0xde,0xdd,0xdd,0xdd,0xdd,0xdd,0xdd,0xdd,0xdd,0xdd,0xdd,0xdd,0xdd,
0xdd,0xdd,0xdd,0xdd,0xdd,0x48,0x14,0x11,0xdd,0xdd,0xdd,0xdd,0xdd,0xdd,0xdd,0xdd,0xdd,0xdd,0xdd,0xdd,0xdd,0xdd,0xdd,0xdd,0xdd,0xdd,0xdd,0xdd,0xdd,0xdd,0xdd,0xdd,
0xdd,0xdd,0xdd,0xdd,0xdd,0xdd,0xdd,0xdd,0xdd,0xdd,0xdd,0xdd,0xdd,0xdd,0xdd,0xdd,0xdd,0xdd,0xdd,0xdd,0xdd,0xdd,0xdd,0xdd,0xdd,0xdd,0xdd,0xdd,0xdd,0xdd,0x9d,0x54,
0x35,0x11,0xdd,0xdd,0xdd,0xdd,0xdd,0xdd,0xdd,0xdd,0xdd,0xdd,0xdd,0xdd,0xdd,0xdd,0xdd,0xdd,0xdd,0xdd,0xdd,0xdd,0xdd,0xdd,0xdd,0xdd,0xdd,0xdd,0xdd,0xdd,0xdd,0xdd,
0xdd,0xdd,0xdd,0xdd,0xdd,0xdd,0xdd,0xdd,0xdd,0xdd,0xdd,0xdd,0xdd,0xdd,0xdd,0xdd,0xdd,0xdd,0xdd,0xdd,0xdd,0xdd,0xdd,0xbb,0x9d,0x54,0x45,0x11,0xdd,0xdd,0xdd,0xdd,
0xdd,0xdd,0xdd,0xdd,0xdd,0xdd,0xdd,0xdd,0xdd,0xdd,0xdd,0xdd,0xdd,0xdd,0xdd,0xdd,0xdd,0xdd,0xdd,0xdd,0xdd,0xdd,0xdd,0xdd,0xdd,0xdd,0xdd,0xdd,0xdd,0xdd,0xdd,0xdd,
0xdd,0xdd,0xdd,0xdd,0xdd,0xdd,0xdd,0xdd,0xdd,0xdd,0xdd,0xdd,0xdd,0xdd,0xdd,0xdd,0xad,0x11,0x66,0x55,0x34,0x00,0xdd,0xdd,0xdd,0xdd,0xdd,0xdd,0xdd,0xdd,0xdd,0xdd,
0xdd,0xdd,0xdd,0xdd,0xdd,0xdd,0xdd,0xdd,0xdd,0xdd,0xdd,0xdd,0xdd,0xdd,0xdd,0xdd,0xdd,0xdd,0xdd,0xdd,0xdd,0xdd,0xdd,0xdd,0xdd,0xdd,0xdd,0xdd,0xdd,0xdd,0xdd,0xdd,
0xdd,0xdd,0xdd,0xdd,0xdd,0xdd,0xdd,0xdd,0xdd,0xdd,0x7d,0x42,0x24,0x11,0x33,0x02,0xdd,0xdd,0xdd,0xdd,0xdd,0xdd,0xdd,0xdd,0xdd,0xdd,0xdd,0xdd,0xdd,0xdd,0xdd,0xdd,
0xdd,0xdd,0xdd,0xdd,0xdd,0xdd,0xdd,0xdd,0xdd,0xdd,0xdd,0xdd,0xdd,0xdd,0xdd,0xdd,0xdd,0xdd,0xdd,0xdd,0xdd,0xdd,0xdd,0xdd,0xdd,0xdd,0xdd,0xdd,0xdd,0xdd,0xdd,0xdd,
0xdd,0xdd,0xdd,0xdd,0x39,0x33,0x64,0x11,0x11,0x00,0xdd,0xdd,0xdd,0xdd,0xdd,0xdd,0xdd,0xdd,0xdd,0xdd,0xdd,0xdd,0xdd,0xdd,0xdd,0xdd,0xdd,0xdd,0xdd,0xdd,0xdd,0xdd,
0xdd,0xdd,0xdd,0xdd,0xdd,0xdd,0xdd,0xdd,0xdd,0xdd,0xdd,0xdd,0xdd,0xdd,0xdd,0xdd,0xdd,0xdd,0xdd,0xdd,0xdd,0xdd,0xdd,0xdd,0xdd,0xdd,0xdd,0xdd,0xdd,0xdd,0x56,0x54,
0x66,0x56,0x66,0x14,0xdd,0xdd,0xdd,0xdd,0xdd,0xdd,0xdd,0xdd,0xdd,0xdd,0xdd,0xdd,0xdd,0xdd,0xdd,0xdd,0xdd,0xdd,0xdd,0xdd,0xdd,0xdd,0xdd,0xdd,0xdd,0xdd,0xdd,0xdd,
0xdd,0xdd,0xdd,0xdd,0xdd,0xdd,0xdd,0xdd,0xdd,0xdd,0xdd,0xdd,0xdd,0xdd,0xdd,0xdd,0xdd,0xdd,0xdd,0xdd,0xdd,0xdd,0xdd,0xdd,0x47,0x65,0x66,0x66,0x66,0x66,0xcc,0xcc,
0xdd,0xdc,0xdd,0xdd,0xdd,0xdc,0xdd,0xdd,0xdd,0xdd,0xdd,0xdd,0xdd,0xdd,0xdd,0xdd,0xdd,0xdd,0xdd,0xdd,0xdd,0xdd,0xdd,0xdd,0xdd,0xdd,0xdd,0xdd,0xdd,0xdd,0xdd,0xdd,
0xdd,0xdd,0xdd,0xdd,0xdd,0xdd,0xdd,0xdd,0xdd,0xdd,0xdd,0xdd,0xdd,0xdd,0xdd,0xdd,0xdd,0xdd,0x4b,0x66,0x66,0x66,0x56,0x14,0xcc,0xcc,0xcc,0xcc,0xcc,0xcc,0xcc,0xcc,
0xdc,0xdd,0xdd,0xdd,0xdd,0xdd,0xcc,0xdc,0xdd,0xdd,0xdd,0xdd,0xdd,0xdd,0xdd,0xdd,0xdd,0xdd,0xdd,0xdd,0xdd,0xdd,0xdd,0xdd,0xdd,0xdd,0xdd,0xdd,0xdd,0xdd,0xdd,0xdd,
0xdd,0xdd,0xdd,0xdd,0xdd,0xdd,0xdd,0xdd,0xdd,0xdd,0xdd,0xdd,0xad,0x67,0x66,0x66,0x24,0x00,0xcc,0xcc,0xcc,0xcc,0xcc,0xcc,0xcc,0xcc,0xcc,0xcc,0xcc,0xcc,0xcc,0xcc,
0xcc,0xcc,0xcc,0xdd,0xdd,0xdd,0xdd,0xdd,0xdd,0xdd,0xdd,0xdd,0xdd,0xdd,0xdd,0xdd,0xdd,0xdd,0xdd,0xdd,0xdd,0xdd,0xdd,0xdd,0xdd,0xdd,0xdd,0xdd,0xdd,0xcc,0xdc,0xcd,
0xdd,0xdd,0xdd,0xbc,0x9a,0x97,0xbb,0x68,0x66,0x56,0x00,0x00,0xcc,0xcc,0xcc,0xcc,0x89,0xc8,0xcc,0xcc,0xcc,0xcc,0xcc,0xcc,0xcc,0xcc,0xcc,0xcc,0xcc,0xcc,0xcc,0xcc,
0xdd,0xdd,0xdd,0xdd,0xdd,0xdd,0xdd,0xdd,0xdd,0xdd,0xdd,0xdd,0xdd,0xdd,0xdd,0xcd,0xcc,0xcc,0xcc,0xcc,0xdc,0xdd,0xcd,0xcc,0xcc,0xcc,0xcc,0xbc,0x9a,0x77,0x98,0x66,
0x76,0x76,0x66,0x15,0x00,0x33,0xcc,0xcc,0xcc,0x7a,0x01,0x70,0xcb,0xcc,0xcc,0xcc,0xcc,0xcc,0xcc,0xcc,0xcc,0xcc,0xcc,0xcc,0xcc,0xcc,0xcc,0xcc,0xcc,0xcc,0xdd,0xcd,
0xdd,0xcd,0xdc,0xdd,0xdd,0xdd,0xdd,0xcc,0xcc,0xcc,0xcc,0xcc,0xcc,0xcc,0xcc,0xac,0x47,0x94,0xcb,0xcc,0xbc,0xbb,0xbb,0xcb,0xbc,0x67,0x66,0x43,0x64,0x02,0x41,0x66,
0xbb,0xbb,0x9b,0x44,0x01,0x00,0xb6,0xbb,0xcc,0xcc,0xbb,0xcb,0xcc,0xcc,0xbb,0xbb,0xbb,0xcc,0xcc,0xcc,0xcc,0xcc,0xcc,0xcc,0xcc,0xcc,0xcc,0xcc,0xcc,0xcc,0xcc,0xcc,
0xcc,0xcc,0xcc,0xcc,0xcc,0xcc,0xcc,0xcc,0xcc,0x2a,0x11,0x11,0xc8,0xcc,0xcb,0xcc,0xcc,0xcc,0xcc,0x6a,0x46,0x65,0x34,0x01,0x66,0x66,0xba,0xba,0x7b,0x65,0x14,0x00,
0x91,0xbb,0xbb,0xbb,0xbb,0xbb,0xbb,0xbb,0xbb,0xbb,0xbb,0xbb,0xbb,0xbb,0xcb,0xcc,0xbc,0xcc,0xbb,0xcc,0xcc,0xcc,0xcc,0xcc,0xcc,0xcc,0xcc,0xcc,0xbc,0xbb,0xcb,0xcc,
0xcc,0xcc,0xac,0x65,0x13,0x11,0xb5,0x69,0xba,0xbb,0xcc,0x7b,0xb7,0x8b,0x67,0x66,0x26,0x51,0x66,0x66,0xb4,0x88,0x9a,0x54,0x23,0x02,0x93,0x7b,0xa3,0xbb,0xbb,0xab,
0x99,0xbb,0xbb,0xbb,0xbb,0xbb,0xbb,0xbb,0xbb,0xbb,0xbb,0xbb,0xbb,0xbb,0xbb,0xbb,0xbb,0xbb,0xbb,0xbb,0xbb,0xbb,0xbb,0xbb,0xbb,0xbb,0xbb,0xaa,0x7c,0x65,0x36,0x11,
0x61,0x22,0xb9,0xbb,0xab,0x37,0x73,0x8a,0x77,0x67,0x46,0x62,0x66,0x66,0x60,0x63,0x66,0x55,0x45,0x02,0x00,0x14,0x21,0xba,0xbb,0x5a,0x11,0xb8,0xbb,0xbb,0xbb,0xbb,
0xbb,0xbb,0xbb,0xbb,0xbb,0xbb,0xbb,0xbb,0xbb,0xbb,0xbb,0xbb,0xbb,0xbb,0xbb,0xbb,0xbb,0xbb,0xbb,0xbb,0x8b,0x61,0x6a,0x66,0x26,0x11,0x11,0x11,0xa2,0xbb,0x8b,0x46,
0x44,0x67,0x77,0x67,0x46,0x73,0x66,0x66,0x02,0x00,0x32,0x53,0x45,0x00,0x20,0x11,0x21,0xa9,0xab,0x57,0x14,0x62,0xa9,0xbb,0xbb,0xbb,0xbb,0xbb,0xbb,0xbb,0xbb,0xbb,
0xbb,0xbb,0xbb,0xbb,0xbb,0xbb,0xbb,0xbb,0xbb,0xbb,0xbb,0xbb,0xbb,0xbb,0x2a,0x22,0x65,0x66,0x22,0x12,0x11,0x11,0x81,0xbb,0x8b,0x66,0x52,0x66,0x66,0x66,0x55,0x66,
0x66,0x66,0x0c,0x11,0x01,0x61,0x67,0x33,0x33,0x66,0x66,0x66,0x87,0x99,0x8a,0x86,0x77,0xb9,0x9a,0xba,0xba,0xbb,0xbb,0xbb,0xbb,0xbb,0xbb,0xbb,0xbb,0xbb,0xbb,0xbb,
0xbb,0xbb,0xbb,0xbb,0xbb,0xbb,0xbb,0xbb,0x66,0x36,0x66,0x66,0x66,0x24,0x11,0x11,0xb3,0xbb,0x88,0x66,0x66,0x66,0x45,0x24,0x41,0x77,0x67,0x66,0x5f,0x56,0x66,0x87,
0x77,0x77,0x66,0x77,0x99,0x99,0x99,0xa9,0xbb,0xbb,0xbb,0xbb,0xbb,0xbb,0xbb,0xbb,0xba,0xbb,0xbb,0xbb,0xbb,0xbb,0xbb,0xbb,0xbb,0xbb,0xbb,0xbb,0xbb,0xbb,0xbb,0xbb,
0xbb,0xbb,0x66,0x66,0x66,0x66,0x66,0x53,0x21,0x42,0x95,0x76,0x66,0x42,0x66,0x66,0x12,0x11,0x52,0x76,0x77,0x66,0x29,0xf8,0xac,0xaa,0xaa,0x87,0x77,0x77,0xa7,0xbb,
0xb9,0xbb,0xab,0xaa,0xbb,0xbb,0xab,0xba,0xbb,0xbb,0xbb,0xbb,0xbb,0xbb,0xbb,0xbb,0xbb,0xbb,0xbb,0xbb,0x8b,0x44,0xa6,0xbb,0xbb,0xbb,0xbb,0xbb,0x6a,0x66,0x66,0x56,
0x22,0x11,0x22,0x62,0x66,0x12,0x24,0x11,0x22,0x65,0x15,0x66,0x76,0x77,0x77,0x67,0x22,0xf9,0xac,0xca,0xac,0xaa,0x88,0x78,0x97,0xee,0xa8,0xbb,0xaa,0xaa,0xaa,0xaa,
0xaa,0xaa,0xaa,0xaa,0xaa,0xaa,0xaa,0xaa,0xaa,0xaa,0xaa,0xaa,0xaa,0xaa,0x59,0x11,0x61,0x9b,0xa9,0xaa,0xba,0xba,0x8a,0x66,0x66,0x36,0x63,0x16,0x11,0x42,0x33,0x11,
0x43,0x11,0x42,0x66,0x24,0x75,0x77,0x77,0x77,0x77,0x00,0xf3,0x5f,0xf8,0xa9,0xaa,0xaa,0xaa,0xca,0xfe,0x76,0xaa,0xaa,0xaa,0xaa,0xaa,0xaa,0xaa,0xaa,0xaa,0xaa,0xaa,
0xaa,0xaa,0xaa,0xaa,0xaa,0xaa,0xaa,0x67,0x66,0x33,0x11,0x28,0x92,0xaa,0x9a,0x98,0x7a,0x67,0x66,0x44,0x76,0x47,0x11,0x12,0x22,0x21,0x75,0x26,0x63,0x67,0x52,0x76,
0x77,0x77,0x77,0x66,0x00,0xc6,0x0f,0xf9,0xaf,0xaa,0xaa,0xaa,0xee,0xfe,0x07,0xaa,0xaa,0xaa,0xaa,0xaa,0xaa,0xaa,0xaa,0xaa,0xaa,0xaa,0xaa,0xaa,0xaa,0xaa,0xaa,0xaa,
0x8a,0x66,0x66,0x46,0x11,0x11,0x22,0xaa,0x68,0x66,0x77,0x66,0x46,0x64,0x77,0x47,0x21,0x11,0x31,0x63,0x76,0x47,0x66,0x26,0x63,0x77,0x77,0x77,0x67,0x98,0x65,0x51,
0x1e,0xf8,0x9f,0xaa,0xaa,0xea,0xff,0xae,0x20,0xa7,0xaa,0xaa,0xaa,0xaa,0xaa,0x8a,0xa8,0xaa,0xaa,0xaa,0xaa,0xaa,0xaa,0xaa,0xaa,0xaa,0x7a,0x66,0x66,0x46,0x13,0x11,
0x11,0x98,0x66,0x66,0x67,0x66,0x66,0x66,0x77,0x67,0x64,0x26,0x22,0x65,0x76,0x67,0x66,0x66,0x76,0x77,0x77,0x67,0x96,0xbc,0x90,0x72,0x89,0x90,0xff,0xa9,0xaa,0xfc,
0xef,0xac,0xc0,0x99,0xaa,0xaa,0xaa,0xaa,0x9a,0x06,0x31,0xaa,0xaa,0xaa,0xaa,0xaa,0xaa,0xaa,0xa9,0xaa,0x9a,0x67,0x66,0x35,0x42,0x12,0x31,0x97,0x66,0x76,0x67,0x45,
0x66,0x66,0x77,0x67,0x66,0x66,0x32,0x64,0x66,0x67,0x66,0x66,0x66,0x77,0x67,0x36,0xc6,0xdd,0x60,0x4a,0x46,0x20,0xfc,0x79,0xc8,0xff,0xef,0xfc,0xc8,0x6c,0xaa,0xaa,
0xaa,0xaa,0x69,0x16,0x10,0xa7,0xaa,0xaa,0xaa,0xaa,0xaa,0x49,0x81,0xaa,0x99,0x78,0x46,0x23,0x22,0x13,0x11,0x61,0x36,0x76,0x67,0x66,0x66,0x66,0x76,0x66,0x64,0x66,
0x64,0x66,0x66,0x66,0x66,0x66,0x66,0x66,0x46,0x70,0xeb,0xdd,0x05,0x00,0x00,0x03,0x97,0x89,0xea,0xff,0xef,0xff,0x89,0x9f,0xa9,0xaa,0xaa,0x8a,0x67,0x36,0x11,0x11,
0xa7,0xaa,0xaa,0xaa,0x8a,0x12,0x11,0x98,0x77,0x67,0x25,0x73,0x46,0x12,0x01,0x42,0x12,0x62,0x67,0x66,0x68,0x66,0x66,0x66,0x66,0x66,0x76,0x67,0xa7,0x69,0x66,0x66,
0x66,0x66,0x42,0x67,0xe8,0xdd,0x08,0x00,0x10,0x02,0x90,0x98,0xc9,0xff,0xef,0xff,0x09,0xf9,0xa6,0xaa,0x7a,0x67,0x66,0x46,0x10,0x11,0x81,0xaa,0xaa,0xaa,0x48,0x56,
0x11,0x77,0x66,0x66,0x35,0x77,0x56,0x46,0x11,0x44,0x24,0x41,0x66,0x96,0x0b,0x66,0x66,0x66,0x66,0x76,0x77,0x87,0xaa,0x04,0x96,0x67,0x45,0x24,0x14,0x20,0xe9,0xdd,
0x3f,0x00,0x03,0x69,0x70,0x99,0xa9,0xee,0xbb,0xef,0x09,0xc1,0x89,0x27,0x99,0x65,0x24,0x42,0x13,0x11,0x82,0x3a,0x81,0xa9,0x76,0x77,0x57,0x62,0x66,0x67,0x56,0x77,
0x77,0x77,0x34,0x66,0x36,0x64,0x66,0xca,0x1c,0x62,0x66,0x77,0x77,0x67,0x77,0xca,0xcc,0x09,0x46,0xa6,0x49,0x70,0x94,0xa6,0xee,0xdd,0x5f,0x10,0x08,0x70,0x86,0x99,
0x99,0xaa,0xca,0xff,0x9c,0x03,0x05,0x91,0xff,0x89,0x66,0x66,0x14,0x24,0x42,0x16,0x21,0x97,0x79,0x77,0x77,0x67,0x66,0x76,0x66,0x87,0x87,0x78,0x66,0x66,0x66,0x65,
0xa6,0xcc,0x1c,0xa6,0x46,0x77,0x66,0x66,0xb7,0xcc,0x9b,0x86,0xa8,0x68,0x73,0xec,0xa9,0xa8,0xee,0xde,0x8f,0x10,0x66,0x01,0xa8,0x99,0x99,0xa9,0xfb,0xff,0xcf,0x51,
0x35,0xe7,0xff,0x99,0x76,0x67,0x44,0x66,0x56,0x44,0x42,0x66,0x77,0x67,0x77,0x77,0x66,0x76,0x77,0x77,0x77,0x77,0x77,0x66,0x66,0x66,0xca,0xcc,0x1a,0x93,0x09,0x99,
0x78,0x66,0xca,0xcc,0x8c,0x97,0x48,0x91,0xdd,0xee,0xaa,0xa8,0xde,0xce,0xff,0x22,0x20,0x02,0x00,0x96,0x99,0xa9,0xea,0xff,0x3c,0x86,0xee,0x91,0xef,0xcf,0x77,0x66,
0x65,0x76,0x67,0x65,0x64,0x76,0x77,0x66,0x66,0x77,0x67,0x77,0x77,0x77,0x77,0x77,0x77,0x67,0x66,0x96,0xcc,0xbc,0x19,0x67,0x79,0x81,0x9a,0xa9,0xcc,0xcc,0xab,0x46,
0x70,0xea,0xdd,0xee,0xa9,0xa9,0xce,0xbe,0x92,0x15,0x01,0x10,0x00,0x00,0x71,0x98,0x99,0xca,0x05,0x00,0xc8,0x08,0xe9,0xff,0x68,0x66,0x66,0x66,0x66,0x76,0x77,0x77,
0x77,0x67,0x77,0x77,0x77,0x77,0x87,0x77,0x77,0x77,0x77,0x66,0x68,0xc9,0xbc,0xac,0x02,0x89,0xa8,0x08,0x98,0xcb,0xcc,0xab,0x06,0x10,0xd9,0xed,0xdd,0xee,0xaa,0xa9,
0xbd,0xde,0x00,0x27,0x01,0x10,0x81,0x59,0x00,0x41,0x97,0x89,0x09,0x00,0x71,0x39,0xc6,0xff,0x7c,0x78,0x66,0x76,0x9e,0x76,0x77,0x77,0x77,0x77,0x77,0x77,0x77,0x77,
0x98,0x88,0x67,0x67,0x66,0x96,0xab,0xcc,0xbb,0xab,0x3c,0x21,0xa8,0x9c,0xb5,0xbb,0x79,0x02,0x10,0x44,0xde,0xee,0xdd,0xee,0x9a,0xba,0xbd,0xdd,0x21,0x42,0x11,0x11,
0xb9,0x19,0x04,0x00,0x21,0x76,0xc8,0x01,0x21,0x81,0x91,0x9c,0x99,0x89,0x78,0xc8,0x6e,0x79,0x77,0x77,0x77,0x89,0x77,0x77,0x77,0x87,0x89,0x98,0x98,0x63,0x66,0xa7,
0xa9,0xbb,0xba,0xbb,0x09,0x00,0x61,0xba,0x9c,0x08,0x20,0xb8,0x8a,0x94,0xde,0xee,0xdd,0xee,0x9b,0xca,0xbd,0xed,0x67,0x00,0x22,0xc2,0xec,0x09,0x53,0x10,0x31,0x78,
0x62,0x09,0x10,0x22,0x10,0x68,0x90,0x89,0x88,0xfb,0x7f,0x69,0x77,0x77,0xa9,0x8b,0x89,0x77,0x77,0x77,0x77,0x67,0xba,0x04,0x91,0x99,0x88,0xaa,0xaa,0x8a,0x84,0x52,
0x22,0x78,0x01,0x63,0x98,0xaa,0x89,0x87,0xde,0xed,0xed,0xee,0xab,0xda,0xbc,0xec,0x37,0x62,0x74,0xfb,0xff,0x2f,0x39,0x12,0x62,0x46,0x00,0x10,0x12,0x00,0x00,0x00,
0x00,0x21,0x94,0xff,0x9f,0xc9,0x78,0xa9,0xba,0x3b,0xa2,0x89,0x77,0x77,0x77,0xa7,0xab,0x08,0xa9,0x99,0x99,0xaa,0xaa,0x69,0x62,0x89,0x46,0x70,0xc9,0x9c,0x87,0xa8,
0xab,0x97,0xdc,0xed,0xed,0xee,0xaa,0xdb,0xbc,0xed,0x89,0xa8,0x88,0xff,0xff,0x8f,0xf9,0x41,0x77,0x66,0x04,0x00,0x20,0x02,0x00,0x00,0x00,0x10,0xa9,0xff,0x8f,0xcc,
0xaa,0xaa,0xaa,0x5a,0x01,0x94,0x79,0x78,0x87,0xba,0xab,0x8a,0xaa,0xaa,0x99,0x98,0x99,0x89,0x88,0xa9,0xa9,0xcc,0xbc,0x88,0xb9,0xdc,0xee,0x96,0xda,0xed,0xee,0xee,
0xaa,0xcd,0xbc,0xed,0x99,0xfb,0xcc,0xff,0xff,0x9f,0x96,0x01,0x41,0xc9,0x8f,0x00,0x21,0x36,0x01,0x10,0x11,0xa6,0xfb,0xff,0xac,0xcc,0xac,0xaa,0xaa,0x9a,0x00,0x22,
0x8a,0x10,0xb7,0xab,0x9a,0x99,0xaa,0x99,0x99,0x99,0x99,0x38,0x74,0xc9,0xee,0xcc,0xcc,0xaa,0xba,0xdd,0xee,0x9c,0xd8,0xed,0xee,0xee,0xb9,0xbb,0xde,0xed,0xa8,0xff,
0xaf,0xff,0xff,0xff,0xf9,0x39,0x96,0xfb,0x8f,0x01,0x10,0x42,0x13,0x21,0x76,0xca,0xfe,0xff,0xcf,0xcc,0xaf,0xaa,0xa8,0xaa,0x14,0x90,0xab,0x06,0xb8,0xaa,0x9a,0x99,
0x99,0x88,0x99,0x99,0xa9,0xca,0xa9,0xcb,0xee,0xcb,0xcc,0xaa,0xba,0xdd,0xee,0xab,0xdc,0xed,0xee,0xed,0xaa,0xbb,0xdd,0xee,0x50,0xf9,0xee,0xff,0xff,0xff,0xff,0x7f,
0xea,0xff,0xff,0x89,0x00,0x41,0x11,0x13,0x94,0x8a,0xfe,0xff,0xcf,0xfc,0x9f,0x36,0x62,0xa8,0x6a,0xa4,0xaa,0x98,0xaa,0xaa,0x9a,0x89,0x98,0x98,0x89,0x98,0xdc,0xee,
0xaa,0xcb,0xcc,0xbb,0xbc,0xaa,0xba,0xdd,0xee,0xab,0xde,0xed,0xff,0xee,0xab,0xcc,0xdd,0xed,0x00,0x80,0xfb,0xff,0xff,0xff,0xf9,0x6f,0xec,0xff,0xff,0xc9,0x03,0x21,
0x00,0x71,0x88,0x08,0x96,0xff,0xfc,0xfe,0x9c,0x42,0x01,0x42,0x98,0xa8,0xaa,0xaa,0xaa,0xaa,0x99,0x99,0x99,0x99,0x89,0x87,0xdc,0xbe,0xaa,0xcc,0xcc,0xbb,0xbc,0xaa,
0xba,0xdd,0xee,0xbe,0xde,0xed,0xcf,0xec,0xab,0xdb,0xdd,0xee,0x00,0x00,0x90,0xff,0xff,0xff,0x88,0xcc,0xff,0xff,0xff,0xff,0x59,0xce,0x15,0x93,0xfc,0xcf,0x39,0xff,
0xcc,0xce,0xfc,0x44,0x43,0x98,0xaa,0xa9,0xaa,0xaa,0x99,0x99,0x99,0xaa,0x99,0xcb,0xac,0xaa,0xdc,0xbe,0xaa,0xbc,0xcc,0xbb,0xbb,0xaa,0xaa,0xdd,0xee,0xbe,0xee,0xed,
0x8e,0xeb,0xac,0xee,0xdd,0xee,0x00,0x00,0x00,0x93,0xfe,0xff,0x09,0xf8,0xff,0xff,0xff,0xff,0x09,0xe9,0x06,0x20,0xe9,0xff,0x1f,0xfc,0x9c,0x8c,0xff,0x89,0x99,0x9a,
0x99,0x9a,0x99,0x99,0x99,0x99,0x89,0x88,0x88,0xcb,0xac,0xaa,0xdc,0xcc,0xba,0xbc,0xcb,0xba,0xbb,0x99,0xb8,0xdc,0xee,0xce,0xee,0xed,0xbe,0xee,0xde,0xee,0xdd,0xee,
0x00,0x00,0x00,0x00,0x95,0xef,0x6c,0xa0,0xff,0xff,0xff,0xff,0x5c,0xe3,0x6f,0x41,0xcc,0xff,0x8f,0xf9,0x7c,0x59,0xfc,0x9c,0x99,0x99,0x99,0x99,0x99,0x88,0x88,0x68,
0x61,0xaa,0xcb,0xcb,0xab,0xaa,0xcc,0xac,0xaa,0xbb,0xba,0x8a,0x89,0x43,0xb0,0xdc,0xee,0xde,0xee,0xee,0xba,0xee,0xed,0xee,0xdd,0xee,0x00,0x00,0x60,0x02,0x00,0x91,
0x99,0x36,0xca,0xff,0xff,0xcf,0xcf,0xf4,0x9f,0x16,0xec,0xfb,0xff,0xf9,0x9c,0xc9,0xcc,0x69,0x77,0x87,0x87,0x67,0x76,0x66,0x74,0x88,0xb9,0xcb,0xcc,0xcb,0xaa,0xba,
0xcb,0x9a,0xaa,0xbb,0xaa,0xda,0xde,0x11,0xa6,0xdb,0xee,0xee,0xed,0xee,0xba,0xec,0xed,0xee,0xdd,0xee,0x01,0x00,0x00,0x98,0x16,0x00,0x60,0x88,0xc8,0xee,0xff,0x29,
0xce,0xf9,0xff,0x87,0xcc,0xfe,0xff,0xf8,0x9e,0xcc,0xc9,0x2c,0x00,0xc9,0x29,0x10,0x41,0x98,0xaa,0xba,0xbb,0xcc,0xbc,0xba,0xa9,0xca,0xcc,0x9a,0xa9,0xab,0xaa,0xec,
0xee,0x02,0xb9,0xdb,0xee,0xee,0xeb,0xae,0xaa,0xeb,0xee,0xee,0xdd,0xce,0x01,0xa0,0x8c,0xc2,0x8b,0x35,0x01,0x10,0xa8,0xff,0xcf,0x0a,0x90,0xf9,0xff,0x9f,0xcc,0xfe,
0xff,0xf9,0xcf,0xcc,0x8c,0x9c,0x90,0xff,0xc2,0xaa,0xaa,0xbb,0xbb,0xcb,0xbc,0xbc,0xab,0xaa,0xa9,0xcb,0xab,0xaa,0xba,0xab,0xaa,0xed,0xee,0x96,0xcc,0xdc,0xee,0xae,
0xeb,0xae,0xaa,0xea,0xed,0xee,0xdd,0xbe,0x8b,0x00,0xea,0xac,0x9c,0x77,0x56,0x13,0x10,0xb8,0xea,0x8a,0x00,0x90,0xff,0x9f,0xcb,0xec,0xff,0x9f,0xcf,0xfc,0xca,0xcc,
0xf9,0xff,0xc9,0x05,0x84,0xa9,0xbb,0xbb,0xcc,0xab,0xaa,0xaa,0xaa,0xcb,0xab,0xaa,0xba,0xa9,0xb9,0xed,0xee,0xc9,0xbd,0xed,0xee,0xae,0xeb,0xac,0xaa,0xeb,0xee,0xee,
0xdd,0xae,0xce,0x01,0xe1,0x8e,0x66,0x66,0x76,0x67,0x24,0x00,0x73,0x99,0x48,0x44,0xfc,0xff,0x9b,0xec,0xff,0x1f,0xc8,0xfe,0x9c,0xcf,0xff,0xff,0xff,0x08,0x11,0x11,
0x81,0x88,0xc9,0xab,0xaa,0xaa,0xba,0xcc,0x9a,0x89,0x99,0x99,0xc9,0xed,0xee,0xcc,0xbc,0xed,0xee,0xbc,0xcb,0xaa,0xaa,0xca,0xee,0xde,0xed,0xac,0xee,0x28,0x54,0x29,
0x12,0x11,0x42,0x53,0x66,0x36,0x22,0x32,0x66,0x88,0xf6,0xff,0x7e,0x82,0xec,0x06,0x60,0xfc,0xce,0xcc,0xff,0xff,0xcf,0x09,0x10,0x22,0x12,0x11,0x00,0x62,0x98,0xa9,
0xba,0xac,0xa9,0x89,0x78,0x96,0xc9,0xed,0xee,0xbb,0xbb,0xed,0xee,0xbc,0xcb,0xaa,0xaa,0xbb,0xee,0xde,0xce,0xaa,0xee,0x6b,0x03,0x31,0x12,0x11,0x11,0x11,0x32,0x65,
0x24,0x12,0x11,0x73,0xc7,0xfe,0xcf,0x01,0x90,0x7a,0x10,0xe7,0xce,0xec,0xff,0xff,0xcf,0x5f,0x21,0x32,0x33,0x65,0x06,0x00,0x00,0x10,0x62,0x78,0x87,0x99,0x99,0x99,
0xcb,0xed,0xbe,0xba,0xcb,0xed,0xae,0xba,0xac,0xaa,0xaa,0xbb,0xee,0xee,0xbe,0xaa,0xee,0x8c,0x57,0x02,0x10,0x11,0x11,0x21,0x22,0x22,0x53,0x22,0x01,0x00,0x10,0x82,
0xcc,0x89,0x86,0xaa,0x21,0x61,0xec,0xee,0x9e,0xcc,0xfe,0x9c,0x67,0x34,0x64,0x86,0x25,0x11,0x23,0x12,0x11,0x11,0x00,0x00,0x11,0xb7,0xdc,0xee,0x9a,0xaa,0xcb,0xed,
0x9c,0xa9,0xab,0xaa,0xba,0xaa,0xeb,0xee,0xaa,0xaa,0xee,0x9d,0x98,0x04,0x00,0x10,0x11,0x21,0x42,0x13,0x10,0x66,0x43,0x01,0x11,0x11,0x00,0x86,0x78,0xb9,0x67,0x22,
0x92,0x99,0xbc,0xc9,0xcc,0xc9,0x6c,0x64,0x65,0x67,0x56,0x23,0x93,0x57,0x33,0x22,0x22,0x12,0x11,0xca,0xdc,0xee,0x99,0xaa,0xcb,0xee,0x9a,0xba,0xbb,0x7a,0xa9,0x99,
0xeb,0xae,0xaa,0xba,0x92,0xab,0xa9,0x79,0x00,0x30,0x11,0x11,0x32,0x22,0x22,0x21,0x66,0x36,0x33,0x43,0x22,0x01,0x00,0x40,0x45,0x76,0x66,0x09,0xa7,0x9b,0x68,0xc3,
0x9f,0x01,0x06,0x00,0x00,0x00,0x00,0x41,0x66,0x79,0x32,0x64,0xb7,0xcc,0xeb,0x9b,0x99,0xba,0xec,0xae,0xa9,0xbb,0x9b,0x42,0x99,0xaa,0xce,0xaa,0xaa,0xbb,0x00,0x60,
0x98,0x89,0x78,0x22,0x98,0x12,0x11,0x21,0x01,0x11,0x32,0x12,0x43,0x34,0x33,0x44,0x23,0x00,0x00,0x00,0x11,0x48,0x88,0x98,0x0b,0x42,0xe9,0xa7,0x9e,0x00,0x00,0x00,
0x00,0x22,0x51,0x9a,0x38,0x41,0xeb,0xac,0xca,0x9a,0xa9,0xbb,0xbe,0xaa,0xaa,0x9a,0x78,0x82,0x99,0xba,0xaa,0xaa,0xab,0x79,0x33,0x12,0x00,0x10,0x87,0x88,0xa9,0x28,
0x11,0x10,0x01,0x10,0x11,0x22,0x11,0x21,0x11,0x42,0x45,0x24,0x12,0x01,0x00,0x00,0x10,0x22,0x24,0x55,0x46,0x66,0x76,0x43,0x67,0x27,0x72,0x89,0x88,0x89,0x75,0x99,
0xaa,0x99,0x9a,0x99,0xaa,0xcb,0x9a,0x9a,0x68,0x84,0xa9,0x89,0x99,0xaa,0x9a,0x79,0x37,0x01,0x66,0x67,0x24,0x01,0x00,0x21,0x87,0x98,0xff,0x29,0x11,0x11,0x11,0x01,
0x01,0x11,0x11,0x01,0x00,0x42,0x56,0x65,0x45,0x14,0x33,0x23,0x22,0x22,0x22,0x01,0x00,0x00,0x00,0x30,0x33,0x64,0x66,0x98,0xb9,0x9a,0x99,0x99,0xaa,0xa9,0xbc,0xab,
0xac,0x99,0x88,0x77,0x87,0x99,0x89,0x88,0x46,0x12,0x00,0x00,0x64,0x76,0x67,0x22,0x12,0x00,0x00,0xf8,0x9f,0x96,0x46,0x23,0x12,0x11,0x00,0x20,0x12,0x00,0x00,0x00,
0x21,0x74,0x55,0x22,0x22,0x11,0x11,0x11,0x21,0x02,0x00,0x00,0x20,0xb8,0x88,0x88,0x98,0xa9,0xaa,0x9a,0x99,0xba,0x9b,0xaa,0x7a,0x77,0x77,0x77,0x66,0x36,0x41,0x22,
0x11,0x11,0x00,0x10,0x21,0x22,0x22,0x22,0x22,0x32,0x33,0x23,0x72,0xff,0xff,0x98,0x86,0x88,0x77,0x47,0x44,0x23,0x44,0x34,0x03,0x00,0x00,0x61,0x43,0x66,0x66,0x24,
0x22,0x21,0x62,0x68,0x66,0x86,0xaa,0xea,0xee,0xcc,0xcc,0xdc,0xdb,0x89,0x88,0x67,0x66,0x34,0x12,0x22,0x33,0x23,0x22,0x12,0x11,0x99,0x99,0x22,0x32,0x54,0x36,0x82,
0x99,0x39,0x22,0x33,0x44,0x23,0xf1,0xff,0xff,0x9f,0x95,0x99,0x99,0x99,0x88,0x99,0x99,0x89,0x68,0x00,0x00,0x41,0x74,0xa8,0xca,0xcc,0xa9,0xcc,0xcc,0xee,0xeb,0xbb,
0xcd,0x9a,0x9a,0x17,0x00,0x00,0x01,0x00,0x00,0x11,0x11,0x11,0x11,0x22,0x53,0x33,0x22,0x22,0xf1,0xff,0x99,0x19,0x21,0x24,0x11,0xf1,0xef,0x28,0x49,0x32,0x33,0x23,
0xf0,0xff,0xff,0x9f,0xff,0x19,0x43,0x74,0x77,0xa9,0xcb,0xaa,0x9a,0x78,0x15,0x01,0x00,0x00,0x42,0xc6,0x99,0xee,0xee,0xde,0xbd,0xdc,0x49,0x22,0x01,0x00,0x00,0x00,
0x00,0x00,0x11,0x31,0x22,0x53,0x76,0x66,0x56,0x55,0x25,0x01,0xf9,0xff,0xff,0x5f,0x11,0x11,0x11,0xf8,0xff,0x06,0x96,0x11,0x22,0x22,0xf9,0xff,0xff,0xff,0xff,0x1f,
0x01,0x00,0x00,0x10,0x73,0x99,0x99,0x88,0x9a,0x68,0x14,0x01,0x00,0x00,0x00,0x10,0x84,0xbc,0xaa,0xdd,0xdd,0xee,0xad,0xaa,0x8a,0x9a,0x44,0x11,0x00,0x01,0x10,0x11,
0x11,0x11,0x11,0x01,0x00,0x50,0xff,0xff,0xff,0xff,0x12,0x61,0x96,0xff,0xff,0x6c,0xf8,0x69,0x89,0x80,0xff,0xff,0xff,0xff,0xff,0x9f,0x10,0x01,0x00,0x00,0x11,0x32,
0x23,0x21,0x43,0x34,0x34,0x24,0x12,0x00,0x00,0x00,0x00,0x00,0x10,0x64,0x76,0xdb,0xbb,0xdb,0xdd,0xdd,0xbb,0xdb,0xfa,0xb9,0x9a,0x17,0x22,0x02,0x00,0x80,0x03,0xf1,
0xff,0xff,0xff,0xff,0x8f,0xea,0xfe,0xff,0xfe,0xbc,0xeb,0xae,0xba,0xfa,0xff,0xff,0xff,0xff,0xff,0xff,0x02,0x80,0x24,0x22,0x33,0x43,0x34,0x32,0x43,0x54,0x44,0x23,
0x22,0x11,0x22,0x11,0x01,0x00,0x00,0x00,0x00,0x00,0x00,0x72,0xda,0xdd,0xdd,0xed,0xff,0xff,0xbf,0xab,0xdb,0xbd,0xbb,0xfa,0x9f,0xff,0xff,0xff,0xff,0xff,0xff,0xce,
0xff,0xff,0xce,0xcc,0xeb,0x1f,0xa8,0xfc,0xff,0xff,0xff,0xff,0xff,0xff,0x09,0xe9,0x04,0x61,0x22,0x22,0x22,0x11,0x11,0x11,0x22,0x54,0x65,0x67,0x46,0x44,0x13,0x11,
0x00,0x00,0x00,0x00,0x00,0x00,0x10,0x67,0x46,0xf9,0xff,0xff,0x9f,0x44,0xb7,0xba,0xaa,0xfe,0xff,0xff,0xff,0x09,0x90,0x64,0x14,0x30,0xff,0xff,0xce,0xc9,0xe9,0x9f,
0xaa,0xff,0xff,0xff,0xff,0xff,0xff,0xff,0x8f,0xcf,0x08,0x80,0x02,0x00,0x00,0x80,0x59,0x00,0x00,0x00,0x00,0x00,0x22,0x12,0x11,0x00,0x00,0x00,0x11,0xa9,0x77,0xa8,
0xba,0xab,0xaa,0xff,0xff,0xff,0xff,0xa9,0x9b,0xc9,0xc7,0xaa,0xca,0x9a,0x9c,0x37,0x24,0x11,0x31,0x90,0xff,0xff,0xef,0x9b,0xcb,0xff,0xcf,0xff,0xff,0xff,0xff,0xff,
0xff,0xff,0xff,0xff,0x59,0x01,0x39,0x00,0x00,0xf8,0xff,0x03,0x00,0x10,0x01,0x00,0x00,0x10,0x11,0x20,0x18,0x96,0xaa,0xeb,0xaa,0x9f,0x76,0xff,0xf7,0xff,0x6f,0xf8,
0xf9,0x99,0x68,0x34,0x22,0x33,0x55,0x03,0x00,0x00,0x00,0x73,0xb9,0xf9,0xff,0xff,0x29,0x66,0x18,0x96,0x9f,0xff,0x9f,0x8f,0xf8,0xff,0xff,0x63,0xff,0xcf,0x8a,0x13,
0x29,0x28,0x52,0xff,0xff,0xff,0x72,0x01,0x21,0x98,0x83,0x21,0x88,0x86,0xce,0xee,0x9c,0x98,0xc7,0x9c,0x23,0x68,0x62,0x88,0x76,0x35,0x34,0x22,0x33,0x33,0x01,0x00,
0x00,0x00,0x00,0x40,0x76,0xca,0xff,0xff,0xaf,0xff,0x7f,0x01,0x10,0x14,0x02,0x95,0x94,0xce,0xfc,0xff,0xcf,0x08,0x93,0xf8,0xff,0x6c,0xc6,0xac,0xa8,0xcc,0x9c,0xc9,
0x98,0x38,0x87,0x88,0x96,0x97,0x78,0x66,0x66,0x24,0x33,0x22,0x11,0x11,0x11,0x11,0x00,0x11,0x11,0x11,0x11,0x00,0x00,0x00,0x10,0x53,0x48,0x21,0x86,0x88,0x89,0x98,
0xa9,0x9c,0xa9,0xba,0xaf,0x4a,0x61,0x39,0x00,0x00,0x86,0x99,0x96,0xf9,0x9c,0x99,0x37,0x82,0x99,0x89,0x91,0x68,0x02,0x00,0x00,0x00,0x00,0x00,0x00,0x00,0x00,0x00,
0x00,0x00,0x12,0x32,0x34,0x65,0x66,0x66,0x65,0x88,0x66,0x55,0x13,0x21,0x22,0x00,0x44,0x22,0x32,0x33,0x53,0x23,0x12,0x01,0x00,0x20,0x76,0x32,0x23,0x61,0xff,0xaf,
0xf8,0xff,0x7f,0x26,0x00,0x00,0x00,0x12,0x23,0x23,0x43,0x64,0x77,0x56,0x12,0x25,0x32,0x33,0x34,0x22,0x12,0x00,0x00,0x10,0x00,0x00,0x00,0x00,0x10,0x11,0x00,0x00,
0x10,0x11,0x10,0x52,0x24,0x66,0x75,0x35,0x54,0x65,0x66,0x24,0x44,0x33,0x33,0x23,0x22,0x12,0x11,0x00,0x00,0x11,0x31,0x76,0xff,0xff,0xff,0x9c,0x89,0x13,0x00,0x10,
0x74,0x67,0x77,0x67,0x66,0x55,0x55,0x45,0x24,0x32,0x43,0x65,0x34,0x33,0x43,0x36,0x42,0x35,0x33,0x22,0x12,0x11,0x11,0x00,0x00,0x00,0x10,0x12,0x21,0x12,0x10,0x00,
0x10,0x11,0x00,0x00,0x00,0x00,0x10,0x12,0x33,0x23,0x12,0x11,0x11,0x32,0x76,0x77,0x37,0x02,0xcf,0x97,0x89,0x99,0x99,0x78,0x67,0x66,0x26,0x01,0x11,0x01,0x00,0x00,
0x00,0x00,0x00,0x00,0x11,0x01,0x00,0x00,0x00,0x00,0x00,0x00,0x00,0x00,0x00,0x00,0x00,0x00,0x00,0x00,0x00,0x00,0x00,0x00,0x00,0x00,0x00,0x00,0x00,0x00,0x00,0x00,
0x00,0x00,0x00,0x12,0x01,0x20,0x76,0x75,0x67,0x14,0x00,0x00,0x65,0x76,0x67,0x36,0x24,0x12,0x10,0x11,0x11,0x00,0x10,0x00,0x00,0x00,0x00,0x00,0x00,0x00,0x10,0x00,
0x00,0x00,0x00,0x00,0x00,0x00,0x00,0x00,0x00,0x00,0x00,0x00,0x00,0x00,0x00,0x00,0x00,0x00,0x00,0x00,0x00,0x00,0x00,0x11,0x11,0x11,0x43,0x03,0x10,0x83,0x42,0x88,
0x88,0x89,0x01,0x00,0x00,0x00,0x00,0x21,0x12,0x11,0x11,0x11,0x11,0x11,0x21,0x21,0x22,0x22,0x22,0x22,0x22,0x21,0x11,0x11,0x11,0x00,0x00,0x00,0x10,0x12,0x21,0x22,
0x12,0x11,0x12,0x21,0x22,0x11,0x00,0x01,0x00,0x10,0x01,0x01,0x00,0x00,0x00,0x00,0x00,0x21,0x22,0x22,0x53,0x36,0x74,0x68,0x67,0x45,0x34,0x75,0x48,0x23,0x22,0x04,
0x00,0x10,0x11,0x11,0x11,0x11,0x11,0x11,0x21,0x11,0x11,0x11,0x11,0x11,0x11,0x11,0x01,0x11,0x11,0x01,0x10,0x21,0x22,0x22,0x33,0x33,0x33,0x33,0x53,0x55,0x34,0x43,
0x34,0x35,0x12,0x32,0x12,0x01,0x00,0x00,0x00,0x00,0x00,0x00,0x00,0x00,0x00,0x00,0x00,0x00,0x00,0x00,0x00,0x00,0x00,0x00,0x00,0x94,0x00,0x11,0x11,0x01,0x11,0x11,
0x11,0x11,0x11,0x11,0x11,0x11,0x11,0x11,0x01,0x00,0x00,0x00,0x11,0x31,0x22,0x22,0x22,0x32,0x44,0x33,0x33,0x33,0x34,0x12,0x00,0x00,0x00,0x00,0x00,0x00,0x00,0x00,
0x00,0x00,0x00,0x00,0x00,0x00,0x00,0x00,0x00,0x00,0x00,0x00,0x00,0x00,0x00,0x00,0x10,0x43,0x87,0x99,0x73,0x78,0x35,0x22,0x68,0x38,0x11,0x32,0x11,0x11,0x11,0x11,
0x11,0x11,0x11,0x22,0x12,0x31,0x54,0x98,0x37,0x21,0x22,0x22,0x12,0x11,0x11,0x10,0x01,0x00,0x00,0x00,0x00,0x00,0x00,0x00,0x00,0x00,0x00,0x00,0x00,0x00,0x00,0x00,
0x00,0x00,0x00,0x00,0x00,0x00,0x00,0x00,0x11,0x11,0x11,0x11,0x11,0x11,0x88,0x99,0x88,0x88,0x99,0x99,0x47,0x88,0x17,0x12,0x11,0x21,0x44,0x55,0x55,0x66,0x66,0x78,
0x14,0x00,0x11,0x20,0x62,0x05,0x00,0x00,0x00,0x00,0x00,0x00,0x00,0x00,0x00,0x00,0x00,0x00,0x00,0x10,0x00,0x21,0x22,0x22,0x01,0x00,0x00,0x00,0x00,0x00,0x00,0x10,
0x10,0x21,0x22,0x22,0x22,0x22,0x02,0x00,0x53,0x35,0x33,0x24,0x53,0x86,0x37,0x33,0x55,0x36,0x22,0x33,0x33,0x12,0x11,0x11,0x10,0x22,0x11,0x00,0x00,0x00,0x31,0x43,
0x34,0x21,0x22,0x22,0x22,0x22,0x12,0x21,0x01,0x10,0x22,0x32,0x33,0x33,0x33,0x22,0x11,0x11,0x00,0x00,0x00,0x10,0x11,0x11,0x21,0x22,0x22,0x22,0x22,0x22,0x22,0x11,
0x00,0x00,0x33,0x33,0x33,0x23,0x22,0x32,0x34,0x22,0x22,0x32,0x33,0x33,0x32,0x33,0x13,0x22,0x22,0x12,0x21,0x11,0x00,0x00,0x11,0x22,0x21,0x23,0x34,0x44,0x23,0x12,
0x11,0x22,0x01,0x11,0x11,0x11,0x11,0x11,0x11,0x11,0x11,0x01,0x01,0x10,0x22,0x32,0x22,0x22,0x22,0x22,0x22,0x22,0x11,0x11,0x11,0x11,0x01,0x00,0x33,0x33,0x33,0x33,
0x33,0x43,0x44,0x33,0x33,0x33,0x33,0x33,0x33,0x33,0x33,0x33,0x33,0x33,0x22,0x11,0x32,0x32,0x22,0x11,0x11,0x01,0x10,0x11,0x31,0x64,0x34,0x44,0x33,0x33,0x33,0x13,
0x11,0x21,0x12,0x31,0x33,0x22,0x33,0x33,0x33,0x23,0x22,0x22,0x11,0x11,0x01,0x00,0x00,0x00,0x10,0x22,0x22,0x22,0x32,0x33,0x33,0x33,0x33,0x44,0x44,0x44,0x33,0x33,
0x33,0x43,0x44,0x44,0x33,0x33,0x33,0x54,0x45,0x33,0x43,0x43,0x33,0x43,0x34,0x11,0x23,0x11,0x10,0x11,0x11,0x21,0x22,0x33,0x43,0x22,0x11,0x12,0x32,0x33,0x12,0x00,
0x55,0x31,0x24,0x00,0x00,0x00,0x00,0x00,0x01,0x30,0x23,0x12,0x33,0x33,0x34,0x33,0x69,0x33,0x33,0x33,0x33,0x44,0x44,0x33,0x33,0x33,0x33,0x33,0x43,0x33,0x33,0x33,
0x33,0x44,0x33,0x32,0x23,0x11,0x11,0x31,0x33,0x32,0x43,0x33,0x33,0x22,0x11,0x11,0x11,0x21,0x33,0x33,0x53,0x46,0x35,0x64,0x16,0x62,0x89,0x37,0x12,0x00,0x12,0x32,
0x23,0x56,0x78,0x57,0x57,0x33,0x33,0x32,0x33,0x22,0x36,0x33,0x33,0x33,0x33,0x43,0x34,0x33,0x33,0x33,0x33,0x33,0x34,0x33,0x33,0x33,0x33,0x43,0x44,0x44,0x44,0x33,
0x22,0x22,0x33,0x33,0x34,0x12,0x21,0x32,0x44,0x44,0x44,0x44,0x22,0x22,0x74,0x45,0x65,0x67,0x75,0x66,0x86,0x48,0x87,0x76,0x78,0x77,0x67,0x76,0x67,0x13,0x32,0x23,
0x22,0x22,0x22,0x22,0x34,0x33,0x33,0x33,0x33,0x43,0x34,0x33,0x33,0x33,0x33,0x33,0x34,0x33,0x33,0x33,0x33,0x44,0x44,0x44,0x44,0x44,0x44,0x44,0x44,0x44,0x44,0x33,
0x33,0x33,0x33,0x43,0x44,0x43,0x44,0x34,0x33,0x12,0x22,0x11,0x21,0x12,0x21,0x32,0x98,0x76,0x98,0x89,0x37,0x23,0x22,0x22,0x22,0x22,0x22,0x22,0x22,0x22,0x88,0x67,
0x57,0x35,0x33,0x43,0x34,0x33,0x33,0x33,0x33,0x33,0x33,0x33,0x33,0x33,0x33,0x44,0x44,0x44,0x44,0x44,0x44,0x44,0x44,0x44,0x46,0x44,0x33,0x33,0x43,0x43,0x44,0x44,
0x44,0x44,0x44,0x44,0x44,0x44,0x42,0x33,0x44,0x33,0x44,0x43,0x44,0x36,0x87,0x34,0x22,0x22,0x22,0x22,0x32,0x22,0x22,0x22,0x78,0x77,0x88,0x88,0x66,0x55,0x36,0x33,
0x33,0x23,0x32,0x77,0x32,0x33,0x33,0x75,0x45,0x44,0x44,0x44,0x44,0x44,0x44,0x54,0x87,0x84,0x89,0x98,0x58,0x34,0x55,0x44,0x44,0x44,0x44,0x44,0x44,0x44,0x44,0x44,
0x44,0x44,0x44,0x44,0x44,0x44,0x44,0x44,0x44,0x44,0x55,0x54,0x33,0x33,0x55,0x55,0x55,0x35,0x22,0x53,0x76,0x77,0x87,0x88,0x88,0x87,0x66,0x96,0x88,0xaa,0x48,0x96,
0x79,0x87,0x46,0x44,0x44,0x44,0x44,0x44,0x44,0x44,0x45,0x44,0x44,0x75,0x78,0x57,0x68,0x45,0x44,0x44,0x44,0x44,0x44,0x44,0x44,0x44,0x44,0x44,0x44,0x44,0x44,0x44,
0x44,0x44,0x44,0x34,0x44,0x54,0x45,0x55,0x66,0x76,0x67,0x77,0x28,0x32,0x33,0x43,0x54,0x85,0x88,0x98,0xa9,0xcc,0xbc,0xbb,0xbb,0x68,0x46,0x44,0x44,0x44,0x44,0x44,
0x44,0x44,0x44,0x44,0x44,0x44,0x44,0x44,0x44,0x44,0x44,0x44,0x44,0x44,0x44,0x44,0x44,0x44,0x44,0x44,0x44,0x54,0x34,0x33,0x22,0x32,0x33,0x44,0x44,0x44,0x44,0x44,
0x44,0x44,0x44,0x34,0x33,0x33,0x2f,0x22,0x32,0x88,0x88,0x43,0x35,0x21,0x64,0xc8,0xbc,0xec,0x8a,0x43,0x44,0x34,0x44,0x43,0x44,0x44,0x44,0x44,0x44,0x44,0x44,0x44,
0x44,0x44,0x44,0x44,0x44,0x44,0x44,0x44,0x44,0x44,0x44,0x44,0x44,0x44,0x44,0x44,0x44,0x33,0x33,0x33,0x33,0x44,0x44,0x44,0x44,0x44,0x44,0x44,0x44,0x33,0x23,0x94,
0x9f,0x11,0xf2,0xff,0xff,0x59,0x12,0x11,0x21,0x33,0x33,0x98,0xaa,0x58,0x66,0x34,0x33,0x33,0x43,0x43,0x44,0x44,0x44,0x44,0x44,0x54,0x45,0x44,0x44,0x44,0x44,0x44,
0x44,0x44,0x44,0x44,0x44,0x44,0x44,0x44,0x44,0x44,0x44,0x44,0x34,0x33,0x44,0x44,0x44,0x54,0x55,0x75,0x55,0x44,0x45,0x33,0x32,0xca,0xff,0x63,0xff,0xff,0xff,0xff,
0x15,0x21,0x22,0x33,0x33,0x44,0x44,0x54,0x99,0x68,0x56,0x33,0x33,0x33,0x44,0x44,0x44,0x44,0x44,0x44,0x44,0x44,0x44,0x44,0x44,0x44,0x44,0x44,0x44,0x44,0x44,0x44,
0x44,0x44,0x44,0x44,0x44,0x44,0x34,0x43,0x34,0x44,0x54,0x87,0x89,0x45,0x78,0x67,0x69,0x33,0x92,0xbc,0xff,0xf9,0xff,0xff,0xff,0xff,0x5f,0x22,0x32,0x33,0x33,0x44,
0x44,0x44,0x44,0x75,0x98,0x68,0x58,0x64,0x88,0x45,0x44,0x44,0x44,0x84,0x47,0x44,0x44,0x44,0x44,0x44,0x44,0x44,0x44,0x44,0x44,0x44,0x44,0x44,0x44,0x44,0x44,0x44,
0x54,0x46,0x67,0x46,0x74,0x66,0x45,0x33,0x33,0x79,0x98,0x24,0xf5,0xbf,0xf9,0xff,0xff,0xff,0xff,0xff,0xff,0x33,0x33,0x33,0x43,0x44,0x44,0x44,0x44,0x34,0x75,0xa7,
0xaa,0x39,0x94,0x8a,0x87,0x89,0x8a,0x64,0x45,0x44,0x55,0x44,0x44,0x44,0x44,0x44,0x44,0x44,0x44,0x44,0x44,0x44,0x44,0x64,0x56,0x44,0x83,0x99,0x99,0x46,0x43,0x44,
0x34,0x33,0x52,0x12,0x83,0x66,0xff,0xff,0x95,0xff,0xff,0xff,0xff,0xff,0xff,0x39,0x33,0x44,0x44,0x44,0x44,0x44,0x44,0x33,0x44,0x74,0xb9,0x99,0xa7,0xab,0x99,0x37,
0x43,0x44,0x44,0x44,0x54,0x44,0x44,0x44,0x44,0x54,0x77,0x77,0x77,0x66,0x44,0x65,0x63,0x98,0x89,0x77,0x87,0x9a,0x98,0x36,0x44,0x44,0x33,0x54,0x78,0x10,0x61,0x89,
0xff,0xff,0x31,0xa8,0xf9,0xff,0x8f,0xff,0xff,0x6f,0x44,0x74,0x46,0x44,0x44,0x44,0x44,0x34,0x44,0x33,0x64,0xb9,0xaa,0x48,0x33,0x33,0x44,0x44,0x44,0x44,0x44,0x44,
0x44,0x44,0x54,0x65,0x77,0x87,0x88,0x88,0x88,0x88,0x88,0x48,0x62,0x99,0x68,0x66,0x85,0x99,0x79,0x75,0x55,0x83,0x29,0x28,0x99,0xf9,0xff,0xff,0x21,0x23,0xf8,0xff,
0x8c,0x99,0x89,0x68,0x82,0xea,0x47,0x44,0x44,0x44,0x44,0x44,0x44,0x65,0x76,0x9a,0x88,0x68,0x34,0x44,0x44,0x44,0x44,0x44,0x44,0x44,0x44,0x64,0x87,0x78,0x77,0x87,
0x88,0x88,0x88,0x88,0x88,0x88,0x58,0x66,0x34,0x33,0x33,0x66,0x97,0x9b,0x49,0xa7,0x15,0x99,0x99,0xf9,0xff,0xff,0x15,0x11,0x62,0xa9,0x9a,0x89,0x13,0x72,0x87,0xac,
0x5a,0x45,0x44,0x44,0x44,0x44,0x88,0x97,0x99,0x9b,0x99,0x99,0x89,0x57,0x66,0x44,0x44,0x44,0x44,0x44,0x44,0x65,0x87,0x88,0x88,0x88,0x88,0x88,0x88,0x67,0x77,0x77,
0x46,0x44,0x33,0x33,0x33,0x66,0x65,0xe9,0x9a,0xe9,0xc8,0xac,0x99,0xfa,0xff,0xff,0x49,0x23,0x22,0x85,0x89,0x36,0x33,0xa8,0x9a,0xba,0xab,0x79,0x66,0x45,0x44,0x44,
0x98,0x99,0xa9,0xbb,0x99,0x99,0x99,0x99,0x89,0x55,0x44,0x44,0x44,0x44,0x44,0x55,0x75,0x66,0x66,0x86,0x77,0x77,0x77,0x58,0x44,0x44,0x44,0x43,0x34,0x33,0x22,0xa9,
0x99,0xc9,0xae,0xea,0xfe,0x9f,0x99,0x99,0x99,0xf9,0x99,0x98,0x89,0x99,0x87,0x98,0x99,0x9a,0x99,0x99,0xa9,0x99,0x99,0x99,0x88,0x98,0x99,0xaa,0xaa,0xba,0xaa,0x99,
0x99,0x99,0x99,0x88,0x78,0x54,0x54,0x44,0x44,0x55,0x55,0x55,0x55,0x45,0x54,0x45,0x54,0x45,0x44,0x44,0x44,0x34,0x44,0x83,0x98,0xaa,0xa9,0xce,0xef,0xee,0xcf,0xcb,
0xac,0xaa,0xab,0xff,0x89,0x65,0x34,0x54,0x86,0x88,0x67,0x98,0x76,0x98,0x89,0x55,0x45,0x55,0x65,0xa8,0x9a,0x99,0x99,0x99,0x99,0xaa,0x99,0x99,0x99,0x99,0x99,0x99,
0x69,0x46,0x44,0x55,0x55,0x45,0x55,0x44,0x44,0x54,0x54,0x66,0x76,0x64,0x67,0x66,0x66,0x77,0x87,0x87,0xb9,0xec,0xcc,0xbc,0x99,0x99,0xcb,0xcc,0xff,0xff,0x22,0x22,
0x32,0x75,0x46,0x55,0x44,0x54,0x44,0x65,0x56,0x55,0x54,0x54,0x75,0x88,0x58,0x75,0x58,0x97,0x57,0x85,0x84,0x98,0x99,0x99,0x99,0x99,0x99,0x89,0x48,0x55,0x55,0x55,
0x55,0x55,0x44,0x64,0x98,0x78,0x77,0x76,0x67,0x77,0x76,0x87,0x88,0x99,0x99,0x98,0x88,0x99,0x99,0x9a,0xb9,0xcc,0xff,0xff,0x32,0x35,0x55,0x45,0x44,0x45,0x44,0x44,
0x54,0x55,0x55,0x45,0x55,0x54,0x55,0x55,0x55,0x55,0x55,0x55,0x55,0x55,0x55,0x65,0x86,0x99,0x99,0x99,0x99,0x99,0x99,0x88,0x46,0x55,0x55,0x55,0x55,0x88,0x68,0x46,
0x44,0x44,0x54,0x45,0x54,0x65,0x88,0x88,0x67,0x57,0x65,0x96,0xaa,0xaa,0xaa,0xb9,0xcc,0x79,0x55,0x56,0x55,0x55,0x54,0x55,0x44,0x54,0x55,0x45,0x55,0x45,0x44,0x55,
0x55,0x55,0x55,0x55,0x55,0x55,0x55,0x55,0x55,0x45,0x54,0x75,0x99,0x78,0x88,0x88,0x98,0x99,0x89,0x56,0x55,0x55,0x86,0x47,0x44,0x44,0x44,0x54,0x55,0x55,0x45,0x65,
0x66,0x67,0x55,0x76,0x88,0xa9,0x99,0x99,0x99,0x88,0x78,0x76,0x55,0x55,0x55,0x55,0x44,0x54,0x55,0x55,0x55,0x45,0x55,0x55,0x55,0x55,0x55,0x55,0x55,0x55,0x55,0x55,
0x55,0x55,0x55,0x55,0x55,0x55,0x65,0x55,0x55,0x55,0x65,0x76,0x98,0x89,0x98,0x98,0x59,0x44,0x44,0x54,0x76,0x76,0x67,0x67,0x66,0x76,0x77,0x67,0x66,0x77,0x87,0x99,
0x78,0x87,0x78,0x67,0x87,0xa8,0x55,0x55,0x55,0x55,0x55,0x55,0x55,0x55,0x55,0x55,0x55,0x55,0x55,0x55,0x55,0x55,0x55,0x55,0x55,0x55,0x55,0x55,0x55,0x55,0x55,0x55,
0x55,0x55,0x55,0x55,0x55,0x54,0x87,0xa9,0xaa,0xaa,0x99,0x56,0x54,0x76,0x77,0x77,0x77,0x77,0x77,0x77,0x67,0x66,0x66,0x77,0x88,0x87,0x88,0x98,0xaa,0x99,0xaa,0xab,
0x55,0x55,0x55,0x55,0x55,0x55,0x55,0x55,0x66,0x65,0x87,0x88,0x77,0x67,0x65,0x66,0x77,0x77,0x77,0x77,0x77,0x57,0x55,0x55,0x55,0x55,0x55,0x55,0x55,0x55,0x75,0xa8,
0xaa,0xaa,0xaa,0xaa,0x99,0x8a,0x77,0x77,0x77,0x77,0x77,0x88,0x99,0x99,0x88,0x67,0x87,0x88,0x88,0x98,0xa9,0xaa,0xbb,0xaa,0xbb,0x69,0x55,0x55,0x55,0x55,0x55,0x55,
0x55,0x87,0x78,0x87,0x88,0x88,0x77,0x77,0x77,0x77,0x77,0x77,0x77,0x77,0x77,0x77,0x77,0x66,0x66,0x66,0x55,0x55,0x55,0x98,0x99,0xaa,0xaa,0xaa,0xaa,0xaa,0x88,0x88,
0x77,0x77,0x77,0x87,0x98,0x99,0x99,0x99,0x99,0x99,0x99,0x99,0x99,0xaa,0xaa,0x9a,0x99,0x99,0x99,0x89,0x55,0x55,0x55,0x55,0x55,0x76,0x66,0x66,0x65,0x76,0x76,0x77,
0x77,0x77,0x77,0x77,0x77,0x77,0x77,0x77,0x77,0x77,0x77,0x77,0x77,0x77,0x77,0x68,0x97,0x99,0x99,0xa9,0xa9,0xaa,0xaa,0x8a,0x68,0x66,0x77,0x77,0x87,0x98,0x99,0x99,
0x99,0x99,0x99,0x89,0x99,0xa9,0x9a,0xa9,0x89,0x77,0x87,0x67,0x87,0x88,0x55,0x55,0x55,0x65,0x55,0x55,0x55,0x55,0x55,0x55,0x65,0x66,0x77,0x77,0x77,0x77,0x77,0x77,
0x77,0x77,0x77,0x77,0x77,0x77,0x77,0x77,0x97,0x89,0x88,0x88,0x88,0x99,0x98,0x99,0x89,0xa9,0x89,0x68,0x88,0x88,0x99,0x89,0x88,0x99,0x99,0x99,0x88,0x87,0x99,0x99,
0x99,0x89,0x78,0x77,0x77,0x77,0x77,0x77,
},
{ // fighting
0x44,0x44,0x44,0xbb,0xbb,0xbb,0xbb,0xbb,0xbb,0xbb,0xbb,0xbb,0xbb,0xbb,0xbb,0xbb,0xbb,0xbb,0xbb,0xbb,0xbb,0xbb,0xbb,0xbb,0xbb,0xbb,0xbb,0xbb,0xbb,0xbb,0xbb,0xbb,
0xbb,0xbb,0xbb,0xbb,0xbb,0xbb,0xbb,0xbb,0xbb,0x7b,0x77,0x77,0x77,0x77,0x77,0xbb,0x77,0xb7,0x77,0x77,0x77,0x77,0x77,0x77,0x77,0xb7,0x44,0x44,0x44,0x46,0xb7,0x7b,
0x77,0x77,0x77,0xbb,0xbb,0xbb,0x7b,0x77,0xbb,0xbb,0xbb,0xbb,0xbb,0xbb,0xbb,0xbb,0xbb,0xbb,0xbb,0xbb,0xbb,0x77,0x77,0x77,0x77,0x77,0x77,0x77,0x77,0xbb,0xbb,0xbb,
0xbb,0xbb,0x77,0x77,0x77,0x77,0x77,0x77,0x77,0x77,0x77,0x77,0x77,0x77,0x77,0x77,0x77,0x77,0x77,0x46,0x44,0x44,0x44,0x44,0x74,0x77,0x77,0x77,0x77,0x77,0x77,0x77,
0x77,0x77,0x77,0x77,0x77,0x77,0x77,0x77,0xb7,0xbb,0xbb,0x77,0x77,0x77,0x77,0x77,0x77,0x77,0x77,0x77,0x77,0x77,0x77,0x77,0x77,0x77,0x77,0x77,0x77,0x77,0x77,0x77,
0x77,0x77,0x77,0x77,0x77,0x77,0x77,0x77,0x77,0x77,0x77,0x77,0x46,0x44,0x44,0x44,0x44,0x44,0x44,0x77,0x77,0x77,0x77,0x77,0x77,0x77,0x77,0x77,0x77,0x77,0x77,0x77,
0x77,0x77,0x77,0x77,0x77,0x77,0x77,0x77,0x77,0x77,0x77,0x77,0x77,0x77,0x77,0x77,0x77,0x77,0x77,0x77,0x77,0x77,0x77,0x77,0x77,0x77,0x77,0x77,0x77,0x77,0x77,0x77,
0x77,0x77,0x77,0x77,0x77,0x67,0x44,0x44,0x44,0x44,0x44,0x44,0x44,0x76,0x77,0x77,0x77,0x77,0x77,0x77,0x77,0x77,0x77,0x77,0x77,0x77,0x77,0x77,0x77,0x77,0x77,0x77,
0x77,0x77,0x77,0x77,0x77,0x77,0x77,0x77,0x77,0x77,0x77,0x77,0x77,0x77,0x77,0x77,0x77,0x77,0x77,0x77,0x77,0x77,0x77,0x77,0x77,0x77,0x77,0x77,0x77,0x77,0x77,0x46,
0x44,0x44,0x44,0x44,0x44,0x44,0x44,0x76,0x77,0x77,0x67,0x76,0x77,0x77,0x77,0x77,0x77,0x77,0x77,0x77,0x77,0x77,0x77,0x77,0x77,0x77,0x77,0x77,0x77,0x77,0x77,0x77,
0x77,0x77,0x77,0x77,0x77,0x77,0x77,0x77,0x77,0x77,0x77,0x77,0x77,0x77,0x77,0x77,0x77,0x77,0x77,0x77,0x77,0x77,0x77,0x77,0x77,0x46,0x44,0x44,0x44,0x44,0x44,0x44,
0x64,0x77,0x77,0x47,0x44,0x44,0x76,0x77,0x77,0x77,0x77,0x77,0x77,0x77,0x77,0x77,0x77,0x77,0x77,0x77,0x77,0x77,0x77,0x77,0x77,0x77,0x77,0x77,0x77,0x77,0x77,0x77,
0x77,0x77,0x77,0x77,0x77,0x77,0x77,0x77,0x77,0x77,0x77,0x77,0x77,0x77,0x77,0x77,0x77,0x46,0x44,0x46,0x44,0x44,0x45,0x44,0x44,0x44,0x44,0x76,0x67,0x44,0x44,0x44,
0x64,0x67,0x76,0x77,0x77,0x77,0x77,0x77,0x77,0x77,0x77,0x46,0x44,0x76,0x77,0x77,0x77,0x77,0x77,0x77,0x77,0x77,0x77,0x77,0x77,0x77,0x77,0x77,0x77,0x77,0x77,0x77,
0x77,0x77,0x77,0x77,0x77,0x77,0x77,0x77,0x77,0x77,0x67,0x44,0x44,0x44,0x44,0x44,0xaa,0x65,0x44,0x44,0x44,0x44,0x64,0x44,0x44,0x44,0x44,0x77,0x66,0x66,0x76,0x77,
0x77,0x77,0x77,0x77,0x47,0x44,0x44,0x44,0x77,0x77,0x77,0x77,0x77,0x77,0x77,0x77,0x77,0x77,0x77,0x77,0x77,0x77,0x77,0x77,0x77,0x77,0x77,0x77,0x77,0x77,0x77,0x77,
0x77,0x77,0x77,0x77,0x47,0x44,0x44,0x44,0x44,0x44,0xcc,0xad,0xaa,0x46,0x44,0x44,0x44,0x44,0x44,0x44,0x44,0x77,0x77,0x67,0x77,0x77,0x77,0x77,0x67,0x76,0x46,0x44,
0x44,0x44,0x76,0x77,0x77,0x77,0x77,0x77,0x77,0x77,0x77,0x77,0x77,0x77,0x77,0x77,0x77,0x77,0x77,0x77,0x77,0x77,0x77,0x77,0x77,0x77,0x77,0x77,0x77,0x77,0x46,0x44,
0x44,0x44,0x44,0x44,0xff,0xcc,0xdc,0xaa,0x4a,0x44,0x44,0x44,0x44,0x44,0x44,0x64,0x77,0x77,0x66,0x77,0x77,0x77,0x46,0x44,0x44,0x44,0x44,0x44,0x66,0x44,0x76,0x77,
0x77,0x77,0x77,0x77,0x77,0x77,0x77,0x77,0x77,0x77,0x77,0x77,0x77,0x77,0x77,0x77,0x77,0x77,0x77,0x77,0x77,0x77,0x77,0x77,0x46,0x44,0x44,0x44,0x44,0x44,0xee,0xff,
0xcd,0xdc,0xad,0xaa,0x44,0x44,0x44,0x44,0x44,0x44,0x76,0x77,0x77,0x67,0x77,0x67,0x44,0x44,0x44,0x44,0x44,0x44,0x44,0x44,0x74,0x77,0x77,0x77,0x77,0x77,0x77,0x77,
0x77,0x77,0x77,0x77,0x77,0x77,0x77,0x77,0x77,0x77,0x77,0x77,0x77,0x77,0x66,0x76,0x77,0x77,0x67,0x44,0x44,0x44,0x44,0x44,0xea,0xea,0xfe,0xdf,0xcd,0xdc,0xaa,0x66,
0x44,0x44,0x44,0x44,0xaa,0x76,0x77,0x77,0x77,0x47,0x44,0x44,0x44,0x44,0x44,0x44,0x44,0x44,0x64,0x77,0x77,0x77,0x77,0x77,0x77,0x77,0x77,0x77,0x77,0x77,0x77,0x77,
0x77,0x77,0x77,0x77,0x67,0x66,0x66,0x66,0x66,0x66,0x77,0x77,0x66,0x46,0x44,0x44,0x44,0x44,0xaa,0xaa,0xae,0xee,0xfe,0xcd,0xcc,0xad,0xaa,0x44,0x44,0xd4,0x9d,0x69,
0x66,0x76,0x77,0x47,0x44,0x44,0x44,0x44,0x44,0x44,0x44,0x44,0x44,0x77,0x77,0x77,0x77,0x77,0x67,0x66,0x66,0x66,0x66,0x77,0x77,0x77,0x77,0x77,0x67,0x66,0x66,0x66,
0x66,0x46,0x64,0x66,0x77,0x47,0x44,0x46,0x44,0x44,0x44,0x44,0xae,0xaa,0xea,0xea,0xea,0xfe,0xdd,0xdd,0xdc,0xaa,0x56,0xda,0xcd,0x69,0x44,0x44,0x67,0x67,0x44,0x44,
0x44,0x44,0x44,0x44,0x44,0x44,0x64,0x66,0x66,0x76,0x76,0x67,0x66,0x66,0x66,0x66,0x66,0x66,0x66,0x66,0x66,0x66,0x66,0x66,0x66,0x66,0x66,0x44,0x44,0x66,0x66,0x44,
0x44,0x44,0x44,0x44,0x44,0x44,0xea,0xea,0xaa,0xae,0xae,0xae,0xea,0xfe,0xfd,0xcc,0xdc,0xea,0x9d,0x4c,0x44,0x44,0x66,0x66,0x46,0x44,0x44,0x44,0x44,0x44,0x44,0x44,
0x76,0x66,0x66,0x66,0x66,0x66,0x66,0x66,0x66,0x66,0x66,0x66,0x66,0x66,0x66,0x66,0x66,0x66,0x66,0x66,0x44,0x44,0x44,0x64,0x66,0x44,0x44,0x44,0x44,0x44,0x4a,0xa4,
0xa5,0xae,0xaa,0xaa,0xaa,0xaa,0xaa,0xae,0xee,0xff,0xcd,0xcc,0xdf,0x4a,0x44,0x44,0x46,0x66,0x66,0x44,0x44,0x44,0x44,0x44,0x44,0x44,0x64,0x66,0x66,0x66,0x66,0x66,
0x66,0x66,0x66,0x66,0x66,0x66,0x66,0x66,0x66,0x66,0x66,0x66,0x66,0x46,0x44,0x44,0x44,0x44,0x64,0x44,0x44,0x44,0x44,0xa4,0xee,0xae,0x5a,0xea,0xaa,0xea,0xaa,0xaa,
0xaa,0xea,0xea,0xea,0xee,0xff,0xef,0x44,0x44,0x44,0x44,0x44,0x44,0x44,0x44,0x44,0x44,0x44,0x44,0x44,0x44,0x66,0x66,0x46,0x44,0x66,0x66,0x66,0x66,0x66,0x66,0x66,
0x66,0x66,0x66,0x66,0x66,0x66,0x44,0x46,0x44,0x44,0x44,0x44,0x44,0x44,0x44,0x44,0x44,0xea,0xee,0xee,0xee,0xa5,0xae,0xaa,0xaa,0xae,0xea,0xaa,0xaa,0xae,0xaa,0xea,
0xfe,0x4a,0x44,0x44,0x44,0x44,0x44,0x44,0x44,0x44,0x44,0x44,0x44,0x44,0x44,0x66,0x64,0x44,0x44,0x64,0x66,0x66,0x66,0x66,0x66,0x66,0x66,0x66,0x66,0x66,0x66,0x46,
0x44,0x44,0x44,0x44,0x44,0x44,0x44,0x44,0x44,0x44,0xe4,0xef,0xee,0xee,0xff,0x5e,0xea,0xaa,0xaa,0xea,0xaa,0xaa,0xaa,0xaa,0xaa,0xaa,0xea,0x6e,0x44,0x44,0x44,0x44,
0x44,0x44,0x44,0x44,0x44,0x44,0x44,0x44,0x44,0x46,0x44,0x44,0x44,0x64,0x66,0x66,0x66,0x66,0x66,0x66,0x66,0x66,0x66,0x66,0x66,0x46,0x44,0x44,0x44,0x44,0x44,0x44,
0x44,0x44,0x44,0x44,0xe4,0xee,0xef,0xee,0xdd,0xef,0xaa,0xaa,0xea,0xaa,0xae,0xea,0xaa,0xaa,0xaa,0xaa,0xae,0xef,0x46,0x44,0x44,0x44,0x44,0x44,0x44,0x44,0x44,0x44,
0x44,0x44,0x44,0x44,0x44,0x44,0x44,0x44,0x66,0x66,0x66,0x66,0x66,0x66,0x66,0x66,0x66,0x66,0x66,0x46,0x44,0x44,0x44,0x44,0x44,0x44,0x44,0x44,0x44,0x44,0xe4,0xee,
0xff,0xee,0xcd,0xfd,0xef,0x3d,0xaa,0xae,0xea,0x6a,0xaa,0xaa,0xaa,0xaa,0xaa,0xfa,0x6e,0x44,0x44,0x44,0x44,0x44,0x44,0x44,0x44,0x44,0x44,0x44,0x44,0x44,0x44,0x44,
0x44,0x44,0x64,0x66,0x66,0x66,0x44,0x44,0x64,0x66,0x66,0x66,0x66,0x66,0x44,0x44,0x44,0x44,0x44,0x44,0x44,0x44,0x44,0x44,0x44,0xe5,0xee,0xee,0xcc,0xdc,0xff,0x8c,
0xad,0xea,0x6a,0xaa,0xaa,0xaa,0xaa,0xaa,0xaa,0xaa,0xef,0x46,0x44,0x44,0x44,0x44,0x44,0x44,0x44,0x44,0x44,0x44,0x44,0x44,0x44,0x44,0x44,0x44,0x64,0x46,0x66,0x46,
0x44,0x44,0x64,0x66,0x66,0x66,0x66,0x66,0x44,0x44,0x44,0x44,0x44,0x44,0x44,0x44,0x44,0x54,0xee,0xee,0xee,0xee,0xcc,0xdd,0xdd,0xdc,0xef,0xaa,0xae,0xa6,0xaa,0xaa,
0xaa,0xaa,0xea,0xea,0xfa,0x6e,0x44,0x44,0x44,0x44,0x44,0xa6,0x44,0x44,0x44,0x44,0x44,0x44,0x44,0x44,0x44,0x44,0x44,0x44,0x44,0x44,0x44,0x44,0x44,0x64,0x66,0x46,
0x64,0x44,0x44,0x44,0x44,0x44,0x44,0x44,0x44,0x44,0x44,0xe4,0xee,0xfe,0xee,0xee,0xdf,0xcc,0xdd,0xfd,0xff,0xff,0xef,0x6a,0xaa,0xaa,0xaa,0xaa,0xaa,0xaa,0xae,0xff,
0x4a,0x44,0x44,0x44,0x66,0xaa,0x4a,0x44,0x44,0x44,0x44,0x44,0x44,0x44,0x44,0x77,0x46,0x44,0x44,0x44,0x44,0x44,0x44,0x44,0x64,0x44,0x44,0x44,0x44,0x44,0x44,0x44,
0x44,0x44,0x44,0x44,0x44,0xe6,0xee,0xee,0xfe,0xee,0xff,0xcc,0xcc,0xd9,0xdd,0xff,0xff,0xaf,0xae,0x5e,0x5a,0xaa,0xaa,0xea,0xaa,0xfe,0xaf,0x44,0x44,0xa4,0xae,0xaa,
0x5a,0x45,0x44,0x44,0x44,0x44,0x44,0x44,0x76,0x77,0x66,0x46,0x44,0x44,0x44,0x44,0x44,0x44,0x44,0x44,0x44,0x44,0x44,0x44,0x44,0x44,0x44,0x44,0x44,0x44,0x44,0xf6,
0xee,0xee,0xee,0xef,0xfd,0xdf,0x8c,0x89,0xcc,0xcc,0xdd,0xdd,0xff,0xef,0xee,0xaa,0xa6,0x6a,0xaa,0xaa,0xfe,0x4a,0x44,0xaa,0xee,0xaa,0xaa,0xaa,0x44,0x44,0x44,0x44,
0x64,0x77,0x77,0x77,0x66,0x66,0x46,0x44,0x44,0x44,0x44,0x44,0x44,0x44,0x44,0x44,0x44,0x44,0x44,0x44,0x44,0x44,0x44,0x44,0x44,0xa4,0xaa,0xfe,0xfe,0xee,0xfd,0xff,
0x2d,0xdd,0x8c,0x88,0xcc,0xdc,0xdd,0xfd,0xff,0xef,0xee,0xa6,0xe5,0xaa,0xea,0xaf,0x66,0xae,0xee,0xae,0x5a,0xaa,0x44,0x44,0x44,0x64,0x77,0x77,0x77,0x77,0x66,0x67,
0x66,0x46,0x44,0x44,0x44,0x44,0x44,0x44,0x44,0x44,0x44,0x44,0x44,0x44,0x44,0x44,0x44,0x44,0x44,0x44,0xe4,0xfe,0xff,0xef,0xdd,0xff,0xff,0xff,0xdc,0xcf,0x9c,0x88,
0x99,0xcc,0xdd,0xfd,0xff,0xff,0xae,0x5e,0xaa,0xea,0xae,0xee,0xae,0xaa,0x5a,0x44,0x44,0x64,0x76,0x77,0x77,0x7e,0x77,0x77,0x66,0x66,0x66,0x67,0x46,0x44,0x44,0x64,
0xb7,0x67,0x46,0x44,0x44,0x44,0x44,0x44,0x44,0x44,0x44,0x44,0x44,0x44,0xe4,0xfa,0xff,0x6e,0xde,0xdd,0xdd,0xff,0xfd,0xcf,0xff,0xcd,0xcc,0x89,0xc8,0xcc,0xdd,0xdd,
0xff,0xef,0xee,0xaa,0xfa,0x5a,0x95,0xaa,0x4a,0x55,0x6a,0x76,0x77,0x77,0xe7,0xae,0x77,0x77,0x66,0x66,0x66,0x66,0x66,0x46,0x64,0xb7,0xbb,0x67,0x66,0x46,0x44,0x44,
0x44,0x44,0x44,0x44,0x44,0x76,0x66,0x44,0x44,0xfe,0x6f,0xe4,0xda,0xdd,0xfd,0xdd,0x6a,0xea,0xff,0xcf,0xfd,0xcd,0xcd,0x89,0xc8,0xcc,0xdd,0xfd,0xff,0xff,0xee,0xef,
0xcf,0xaa,0xaa,0xaa,0xaa,0x66,0x76,0x77,0xee,0xae,0x6a,0x77,0x66,0x66,0x66,0x66,0x66,0x76,0x77,0xbb,0xbb,0x67,0x67,0x66,0x46,0x44,0x44,0x44,0x44,0x44,0x76,0x77,
0x5a,0x66,0x46,0xa6,0x46,0xa4,0xda,0xcd,0xfd,0xad,0x66,0xa6,0xdf,0xff,0xfd,0xcf,0xff,0xfc,0xcd,0x98,0x99,0xcc,0xdc,0xfd,0xff,0xff,0xdf,0xea,0xaa,0xaa,0xaa,0x65,
0x66,0xb6,0xee,0xae,0xaa,0x66,0x66,0x66,0x66,0x66,0x76,0x77,0x77,0xbb,0xbb,0x66,0x66,0x66,0x66,0x66,0x44,0x44,0x44,0x76,0x77,0xb7,0x8c,0x66,0x66,0x66,0x44,0x44,
0xdf,0xcd,0xdd,0xad,0x6a,0xa6,0xdf,0xfd,0xfd,0xdd,0xfd,0xfd,0xff,0xf9,0xcf,0x9c,0x88,0xc9,0xdc,0xcf,0xaa,0xaa,0xaa,0xaa,0xca,0x63,0x66,0xb6,0xee,0xaa,0xaa,0x6a,
0x66,0x66,0x66,0x66,0x77,0x77,0x77,0xb7,0xb7,0x67,0x66,0x66,0x66,0x67,0x66,0x66,0x74,0x77,0x77,0x7b,0xcd,0x77,0x66,0x66,0x46,0x44,0xdf,0xcd,0xcd,0xd8,0xdd,0xdd,
0xff,0x6f,0xde,0xfd,0xff,0xfd,0xff,0xff,0xcf,0xdd,0xfe,0xcd,0xcc,0x9c,0xaa,0xaa,0xae,0xee,0xda,0xa9,0xa6,0xea,0xee,0xae,0xaa,0x6a,0x66,0x76,0x77,0x77,0x77,0x77,
0x77,0x77,0x77,0x77,0x66,0x66,0x66,0x66,0x66,0x76,0x76,0x77,0x77,0x77,0xcf,0x77,0x76,0x77,0x67,0x66,0xdd,0xcd,0x2d,0xc8,0xcc,0xcc,0xcc,0xdd,0xfd,0xad,0x6a,0xfa,
0xdf,0xff,0xef,0xff,0x77,0xee,0xef,0xed,0xee,0xea,0xee,0xee,0xde,0xac,0xaa,0xee,0xee,0xee,0xee,0x67,0x76,0x77,0x77,0x66,0x66,0x77,0x77,0x77,0x77,0x67,0x66,0x66,
0x66,0x66,0x76,0xaa,0x77,0x3a,0x5a,0xaa,0x9d,0xa5,0xa5,0x58,0x66,0xe7,0xff,0xcd,0xdd,0xcc,0x9c,0x99,0xc9,0xcc,0xcc,0xcc,0xdd,0xfa,0xdf,0xdd,0x67,0x66,0x76,0xb7,
0x7b,0xe7,0xee,0xea,0xc8,0xca,0xcd,0x99,0xd5,0xe9,0xee,0xaa,0xaa,0xaa,0x7a,0x77,0x67,0x66,0x76,0xae,0x77,0x77,0x67,0x76,0x66,0x66,0x66,0x66,0xe7,0xae,0x7a,0xda,
0xcd,0xdd,0xdd,0xdd,0xfc,0xad,0x66,0xee,0xdf,0x9d,0xc9,0xff,0xff,0xdf,0xcc,0xcc,0x99,0xcc,0xcc,0xcc,0xdf,0xdc,0x66,0xa7,0x77,0x77,0x77,0xee,0xee,0xee,0xfd,0xdc,
0xdd,0xfc,0xdd,0xec,0xee,0xaa,0xaa,0xaa,0x6a,0x66,0x66,0x66,0xeb,0xaa,0x66,0x76,0x66,0x66,0x66,0x66,0x66,0x66,0xee,0xae,0x7a,0x7a,0x5f,0x5a,0xdd,0xa5,0xa5,0x67,
0x76,0xee,0xdf,0x9d,0x98,0xff,0xff,0xff,0xff,0xff,0xdd,0xcc,0x99,0xc9,0xcf,0xdc,0xcc,0xee,0xaa,0x77,0x67,0x76,0xee,0xee,0xfe,0x55,0x95,0x55,0x55,0xee,0xee,0xae,
0xaa,0xaa,0x6a,0x66,0x66,0x76,0xee,0xae,0xa5,0x66,0x66,0x66,0x66,0x66,0x66,0xb6,0xee,0xae,0xaa,0xaa,0x5f,0x55,0x05,0x55,0x60,0x67,0x76,0xee,0xdd,0x9d,0x98,0xff,
0xff,0xff,0xff,0xff,0xff,0xff,0xff,0xcd,0xcf,0xcc,0xcc,0xee,0xae,0x77,0x77,0x6a,0xeb,0xee,0xda,0x50,0x50,0x00,0x50,0xee,0xee,0xee,0xea,0xaa,0xaa,0x66,0xb6,0xee,
0xee,0xae,0xaa,0x46,0x66,0x66,0xb6,0x66,0x66,0xe6,0xee,0xae,0xaa,0xaa,0x5d,0x50,0x00,0x00,0x50,0x7b,0xb6,0xee,0xdd,0x8d,0x98,0xff,0xff,0xef,0xee,0xaa,0xaa,0xaa,
0xaa,0xfe,0xcf,0xdc,0xff,0xee,0xaa,0x7a,0xe7,0xee,0xee,0xaa,0xda,0x00,0x00,0x00,0x50,0xee,0xee,0xee,0xee,0xea,0xee,0x66,0x74,0xee,0xee,0xaa,0x55,0x55,0x64,0x66,
0xbb,0x77,0x66,0xe6,0xee,0xae,0xaa,0xaa,0x0d,0x00,0x00,0x50,0x50,0xba,0x7b,0xee,0xdd,0x8d,0x82,0xff,0xdf,0xaf,0xaa,0xaa,0xaa,0xaa,0xaa,0xfe,0xcf,0xcc,0xee,0xae,
0xaa,0xaa,0xea,0xee,0xee,0xae,0xda,0x00,0x00,0x00,0x50,0xee,0xee,0xee,0xee,0xee,0xbe,0xa6,0x67,0xee,0xee,0xaa,0x55,0xa5,0x66,0xb7,0xab,0x7b,0x67,0xb7,0xee,0xae,
0xaa,0xaa,0x0d,0x00,0x05,0x00,0x50,0xaa,0xea,0xaa,0xdd,0x8d,0x82,0xff,0xdf,0xaf,0xaa,0xaa,0xaa,0xaa,0xaa,0xfe,0xcf,0x99,0xee,0xee,0xee,0xaa,0xee,0xee,0xee,0xee,
0xde,0x00,0x00,0x00,0x50,0xee,0xee,0xae,0xea,0xee,0x65,0xe7,0xee,0xee,0xee,0xee,0xaa,0xaa,0x7a,0xb7,0xab,0x7b,0x67,0xee,0xee,0xee,0xea,0xea,0x0d,0x00,0x00,0x00,
0x50,0xea,0xee,0xee,0xdd,0x8d,0x98,0xff,0xdf,0xaf,0xaa,0xaa,0xaa,0xaa,0xaa,0xfe,0xcf,0x88,0xee,0xee,0xee,0xae,0xea,0xee,0xee,0xee,0xde,0x00,0x80,0x01,0x50,0xee,
0xea,0xae,0xa5,0xaa,0x55,0xaa,0xee,0xee,0xee,0xee,0xee,0xaa,0x77,0x77,0xee,0x7a,0x77,0xeb,0xee,0xee,0xee,0xee,0x0d,0x10,0xc9,0x02,0x50,0xee,0xee,0xee,0xdd,0x8d,
0x98,0xff,0xdf,0xad,0xaa,0xaa,0xaa,0xaa,0xaa,0xde,0x9d,0x88,0xee,0xee,0xae,0xaa,0xea,0xee,0xee,0xee,0xce,0x10,0x9c,0x1c,0x50,0xee,0xaa,0xee,0x5a,0xa5,0x55,0xa5,
0xee,0xee,0xae,0xae,0xee,0xae,0x7a,0xe7,0xee,0xae,0xeb,0xee,0xee,0xee,0xee,0xee,0x0d,0xc0,0x39,0x1c,0x50,0xee,0xee,0xee,0xdd,0x8d,0x98,0xff,0xdf,0x5d,0xaa,0xaa,
0xaa,0xaa,0xaa,0xde,0x9d,0x88,0xee,0xee,0xaa,0xaa,0xee,0xee,0xee,0xaa,0xce,0x90,0x11,0x90,0x50,0xee,0xee,0xee,0xaa,0xaa,0x5a,0xea,0xea,0xee,0xae,0xaa,0xe5,0x5e,
0xaa,0xbb,0xee,0xee,0xea,0xee,0xee,0xee,0xee,0xee,0x0d,0x89,0x88,0x90,0xa0,0xee,0xee,0xee,0xdd,0x8d,0x98,0xdf,0xdf,0x5d,0xaa,0xaa,0xaa,0xaa,0xaa,0xde,0x9d,0x88,
0xee,0xee,0xee,0xea,0xee,0xee,0xee,0xee,0xce,0x90,0x81,0x89,0x51,0xee,0xae,0xee,0xee,0x5a,0x55,0xee,0xee,0xee,0xaa,0xaa,0xa5,0x55,0x55,0xea,0xee,0xee,0xea,0xee,
0xee,0xee,0xee,0xae,0x0d,0x19,0x9c,0xc3,0xa0,0xee,0xee,0xee,0xdd,0x8d,0x98,0xdf,0xdf,0x5d,0xaa,0xaa,0xaa,0xaa,0xaa,0xde,0x9d,0x88,0xee,0xee,0xee,0xee,0xee,0xee,
0xee,0xee,0xce,0x90,0x91,0x93,0x51,0xee,0xee,0xee,0xee,0xaa,0xaa,0xea,0xee,0xee,0xae,0xea,0xaa,0x55,0x55,0xaa,0xbb,0xbe,0xae,0xee,0xee,0xea,0xee,0xea,0x0d,0x29,
0x99,0xc1,0xa0,0xee,0xee,0xee,0xcd,0x8d,0x98,0xdf,0xdf,0x5d,0xaa,0xaa,0xaa,0xaa,0x55,0xde,0xcd,0x88,0xee,0xee,0xee,0xee,0xee,0xee,0xee,0xee,0xce,0x10,0x29,0x98,
0x50,0xee,0xee,0xee,0xee,0xae,0xee,0xea,0xee,0xee,0xee,0xee,0xee,0x5a,0xaa,0xaa,0xbb,0xaa,0xee,0x6a,0xa7,0xa6,0xaa,0xaa,0x0c,0x90,0x28,0x38,0xa0,0xee,0xee,0xee,
0xcd,0x8d,0x98,0xdf,0xdf,0xad,0xaa,0xaa,0xaa,0x5a,0x50,0xde,0xcd,0x88,0xee,0xee,0xee,0xee,0xee,0xee,0xee,0xee,0xce,0x00,0xc3,0x08,0x50,0xee,0xee,0xee,0xee,0xee,
0xee,0xee,0xee,0xee,0xee,0xee,0xae,0xaa,0xee,0xaa,0xba,0xaa,0xea,0x66,0x66,0x66,0xaa,0x6a,0x0c,0x10,0x9c,0x02,0xa0,0xee,0xee,0xee,0xcd,0x8d,0x98,0xff,0xcd,0x5c,
0xaa,0xaa,0xaa,0x05,0x50,0xda,0x9d,0x88,0xee,0xee,0xee,0xee,0xee,0xee,0xee,0xee,0xce,0x00,0x00,0x00,0x50,0xee,0xee,0xee,0xee,0xee,0xae,0xee,0xee,0xee,0xee,0xee,
0xee,0xea,0xee,0xee,0xbe,0xab,0x6a,0x66,0x55,0x66,0x66,0xaa,0x0d,0x00,0x00,0x00,0xa0,0xee,0xee,0xee,0xdd,0x8d,0x98,0xdf,0x8c,0x31,0xa5,0xaa,0x5a,0x00,0x50,0xda,
0x9d,0x88,0xee,0xee,0xee,0xee,0x9d,0x29,0xea,0xee,0xce,0x00,0x00,0x00,0x50,0xee,0x9d,0x18,0xea,0xee,0xaa,0xea,0xee,0xee,0xee,0xee,0xee,0xee,0xee,0xee,0xbb,0xab,
0xaa,0x18,0x51,0x66,0x66,0xaa,0x0d,0x00,0x00,0x00,0xa0,0xee,0x9d,0x39,0xdd,0x8d,0x98,0xdf,0xdd,0x28,0xa5,0x5a,0x00,0x00,0x50,0xda,0xcd,0x98,0x9e,0xe9,0xee,0xee,
0xdf,0x8c,0xe8,0xee,0xde,0x00,0x00,0x00,0x50,0xee,0xdd,0x2c,0xe2,0xae,0xaa,0xaa,0xee,0xee,0xee,0xee,0xee,0xee,0xee,0xee,0x76,0xaa,0xca,0xcc,0x23,0x65,0xa6,0xaa,
0x0d,0x05,0x00,0x00,0xa0,0xee,0xcd,0x2c,0xdd,0x9d,0x98,0xdf,0xdd,0x88,0xdd,0xdd,0xcd,0xcc,0xdd,0xdd,0x9d,0x98,0xae,0xe9,0xee,0xee,0xdf,0x9d,0xe8,0xee,0xde,0x00,
0x00,0x00,0x50,0xee,0xdd,0x8d,0xe8,0xae,0xaa,0xaa,0xaa,0xee,0xee,0xfd,0xee,0xee,0xee,0x6a,0x76,0x66,0xda,0xdd,0x88,0x65,0xaa,0xea,0x0d,0x05,0x00,0x00,0xa0,0xee,
0xdd,0x8d,0xcc,0x8c,0x88,0xdd,0xcd,0x88,0xcc,0xcc,0xdc,0xfd,0xfd,0xdf,0xcd,0x88,0xcd,0xa9,0xee,0xee,0xcf,0x9c,0xe9,0xee,0xde,0x00,0x00,0x00,0x55,0xee,0xcd,0x8d,
0xe8,0xae,0xaa,0xaa,0xaa,0xee,0xae,0xfa,0xaa,0xee,0xee,0x77,0x77,0x6b,0xc5,0xcd,0x98,0xaa,0xaa,0xea,0x0f,0x05,0x00,0x50,0xa0,0xee,0xdd,0x8d,0x99,0x88,0x98,0xdc,
0xdc,0x98,0x8c,0x88,0x88,0x88,0xc9,0xfd,0xcd,0x88,0x88,0x88,0x88,0x98,0xdd,0x9d,0x9d,0x99,0xd9,0x50,0x00,0x00,0x05,0xc9,0xcf,0x8d,0x8c,0x88,0x88,0x28,0x22,0x32,
0x22,0x22,0x22,0x12,0x11,0x22,0x82,0xc9,0xdd,0xdc,0xc8,0x99,0x83,0x99,0x0d,0x55,0x00,0x50,0x15,0xc8,0xcf,0x8d,0xcc,0xcc,0xcc,0xfc,0xdd,0xd9,0xcc,0xcc,0xcc,0x9c,
0xcc,0xdc,0xcd,0xc9,0xcc,0xcc,0xdd,0xdd,0xff,0xcd,0xdf,0xdd,0xfd,0x50,0x00,0x50,0x55,0xdd,0xdd,0xcd,0xdd,0xdd,0xdd,0xdd,0xdd,0xdd,0xdd,0xdd,0xdd,0xcc,0xcc,0xcc,
0xdd,0xdd,0xdf,0xdd,0xd9,0xdd,0xdd,0xdd,0x5d,0x50,0x00,0x50,0x95,0xfd,0xfd,0xcd,0xff,0xcf,0xcc,0xff,0xdd,0xcc,0xdf,0xdd,0xda,0xfd,0xff,0xdf,0xcd,0xc8,0xff,0xfd,
0xff,0xff,0xdf,0xcd,0xff,0xff,0xff,0x90,0x05,0x50,0x55,0xff,0xdf,0xcd,0xff,0xdd,0xff,0xdf,0xdd,0xff,0xff,0xdd,0xdd,0xdd,0xdf,0xfd,0xdf,0xfd,0xdf,0xcd,0xfc,0xdd,
0xfd,0xff,0x5f,0x00,0x00,0x50,0xa0,0xff,0xdd,0xcd,0xdf,0x8d,0x99,0xdf,0xdc,0x98,0xdf,0xdc,0xcc,0xcc,0xc9,0xdf,0xcd,0x98,0xdf,0xcc,0xee,0xee,0xdf,0xcd,0xec,0xee,
0xfe,0xe9,0xfa,0xec,0xad,0xee,0xcd,0xcc,0xec,0xae,0xea,0xee,0xaa,0xaa,0xfa,0xdd,0xae,0xaa,0xaa,0xaa,0xa6,0xaa,0xca,0xcc,0xdc,0xea,0xee,0xee,0x9f,0x5e,0xcd,0xd5,
0xa9,0xee,0xdd,0xcd,0xdf,0x8c,0x99,0xdf,0xdc,0x98,0xdd,0xfd,0xff,0xdd,0xdd,0xdd,0xcd,0x88,0xdf,0xcc,0xee,0xee,0xcd,0x9d,0xe9,0xee,0xfe,0xed,0xde,0xef,0x9f,0xee,
0xcd,0x9c,0xe8,0xee,0xea,0xee,0xee,0xaa,0xea,0x9d,0xee,0xaa,0xaa,0xae,0xba,0x77,0xca,0xdc,0x8c,0xee,0xee,0xee,0xdf,0xee,0xdf,0xee,0xdf,0xee,0xdd,0x9d,0xdf,0x8c,
0x99,0xdf,0xcc,0x98,0xdd,0xdc,0xcc,0xfd,0xfd,0xdf,0xcd,0x88,0xff,0xcc,0xee,0xea,0xcd,0x9d,0xa9,0xee,0xde,0xe9,0xde,0xef,0x9d,0xee,0xcd,0x8c,0xe8,0xee,0xea,0xee,
0xee,0xee,0xea,0x9d,0xee,0xee,0xee,0xee,0xae,0xaa,0xca,0xdc,0x28,0xee,0xee,0xea,0x9f,0xae,0xcd,0xee,0x9d,0xee,0xdd,0x2d,0xdf,0x8c,0x9c,0xcf,0xcc,0x88,0xcc,0xcc,
0xcc,0xcc,0xdc,0xdf,0xcd,0x99,0x9c,0x99,0xc9,0xc9,0xdd,0x9d,0xdc,0xcc,0xdd,0xc8,0xdd,0xcd,0x8c,0xdc,0xcd,0x8c,0x99,0x99,0x99,0x99,0x99,0xa9,0xfa,0x9d,0xae,0x89,
0x99,0x33,0x55,0xea,0xce,0xdc,0x88,0x99,0x99,0x89,0x8c,0xaa,0xcd,0xcd,0x9c,0xee,0xdd,0x2d,0xcc,0x8c,0x99,0xdd,0xcc,0x88,0x38,0x88,0x28,0x88,0x98,0xdc,0xcd,0x99,
0xff,0xdd,0xfd,0xff,0xdf,0x9d,0xdf,0xdd,0xff,0xfd,0xdf,0xff,0x9d,0xfd,0xcd,0x8c,0xdd,0xdd,0xcd,0xdc,0xdd,0xcd,0xdd,0xdd,0xcd,0xcc,0xdd,0xcd,0xcc,0xdd,0xdd,0xcc,
0xd8,0xdd,0xdd,0xdd,0xcf,0xdd,0xcd,0xdd,0xcd,0xdd,0xdd,0x2d,0x88,0x88,0x98,0xdc,0xcc,0x88,0x89,0x88,0x88,0x88,0x88,0xdc,0xcd,0x89,0xfd,0xed,0xee,0xee,0xdd,0x9d,
0xec,0xee,0xfe,0xec,0xff,0xef,0xfe,0xee,0xcd,0x8c,0xec,0xee,0xee,0xfe,0xee,0xee,0xfe,0xdd,0xee,0xfe,0xef,0xae,0xee,0xee,0xce,0xcc,0xc8,0xff,0xff,0xff,0xdf,0xee,
0xcd,0xff,0xff,0xff,0xdc,0x2d,0xdd,0xdd,0xdd,0xdd,0xcc,0x98,0xcc,0xcc,0xdd,0xcd,0xdc,0xdd,0xcd,0x99,0x9c,0x89,0xc9,0x99,0xdd,0x9d,0x8c,0x38,0xd3,0x89,0xcc,0x8c,
0x88,0x88,0xcd,0x8c,0x2c,0x32,0x23,0x21,0x11,0x82,0xd3,0xcd,0x39,0x82,0x38,0x22,0x21,0x93,0xc9,0xdc,0xc8,0x38,0x83,0x32,0xcc,0xc8,0x9c,0x88,0x38,0x98,0xdc,0x2d,
0xdf,0x9d,0x99,0xdf,0xcc,0xc8,0xff,0xfd,0xdf,0xdd,0xff,0xff,0xcd,0xc9,0xdd,0xdc,0xdd,0xfd,0xdf,0x9d,0xdd,0xdd,0xdd,0xd9,0xff,0xdd,0xdd,0xdd,0xcd,0x8c,0xdd,0xdd,
0xcd,0xdd,0xdd,0xcd,0xdc,0x9c,0xcd,0xcc,0xcc,0xcc,0xcc,0xdd,0xcd,0xdd,0xd8,0xcd,0xcc,0xdd,0xcd,0xdd,0xdd,0xdd,0xdd,0xfd,0xcc,0x8d,0xdf,0x8d,0x89,0xdd,0xcc,0xc8,
0xcc,0xdc,0xdc,0xdc,0xdd,0xff,0xdf,0xdc,0xdf,0xdd,0xdd,0xdd,0xdf,0x9d,0xdf,0xdd,0xfd,0xdc,0xdf,0xdc,0xdd,0xdd,0xcd,0x9c,0xdf,0xdd,0xdd,0xdd,0xdd,0xdd,0xfd,0xcd,
0xdd,0xdd,0xdd,0xdd,0xdd,0xdd,0xdf,0xdd,0xd9,0xdd,0xdd,0xdd,0xcd,0xdd,0xcd,0xdd,0xdd,0xfd,0xdd,0x9d,0xdf,0xcd,0xcc,0xdd,0xcd,0xc9,0xcd,0xcc,0xdc,0xdc,0xdd,0xdf,
0xcf,0xcc,0xdf,0xdd,0xdd,0xdd,0xdf,0xcd,0xdf,0xdd,0xfd,0xdc,0xdf,0xdc,0xdd,0xdd,0xdd,0xcd,0xdf,0xdd,0xdd,0xdd,0xdd,0xdd,0xfd,0xcd,0xdd,0xdd,0xdd,0xdd,0xdd,0xdd,
0xdf,0xdd,0xfc,0xdd,0xdd,0xdd,0xcd,0xdd,0xcd,0xdd,0xdd,0xfd,0xdd,0xcd,0xff,0xfd,0xfd,0xff,0xdd,0x89,0xdf,0xdd,0xdf,0xfd,0xff,0xdf,0xcf,0xcc,0xdd,0xdd,0xdd,0xfd,
0xdf,0xcd,0xff,0xdd,0xff,0xff,0xcd,0xfc,0xff,0xff,0xdf,0xcd,0xdf,0xdd,0xfd,0xdf,0xff,0xff,0xff,0xcd,0xdf,0xdd,0xdd,0xfd,0xdd,0xdd,0xdf,0xdd,0xdc,0xdd,0xdd,0xff,
0xcf,0x99,0xcd,0xdf,0xdd,0xff,0xdd,0xcd,0xdd,0xdd,0xdd,0xff,0xdf,0x99,0x9c,0x99,0x99,0x99,0x99,0xcc,0x9c,0x99,0x9c,0x99,0x99,0xc9,0xcc,0xcc,0xcc,0x9c,0xdc,0xcc,
0xcd,0xcd,0xc9,0xdc,0xdd,0xcd,0xcd,0x9c,0x99,0x99,0x99,0xcc,0xcc,0xcc,0xcc,0xc9,0x9c,0x99,0xcc,0xdc,0xff,0xdd,0xdc,0xcc,0xcc,0xdd,0xcd,0xdd,0xcc,0xcd,0xcc,0xfd,
0xff,0xcd,0x33,0x22,0x12,0x32,0x99,0x38,0x33,0x93,0x23,0x32,0x88,0x33,0x33,0x93,0x89,0x99,0x38,0x33,0x33,0x22,0x33,0x22,0x32,0x32,0x33,0x22,0x11,0x21,0x11,0x11,
0x22,0x21,0x22,0x22,0x22,0x22,0x11,0x11,0x21,0x22,0x22,0x33,0x99,0x99,0x99,0x99,0x99,0x89,0x98,0x99,0x99,0xc9,0x9c,0x99,0x99,0x99,0x99,0x99,0x12,0x11,0x32,0x13,
0x11,0x82,0x99,0x98,0x99,0x99,0x99,0x99,0x89,0x88,0x23,0x22,0x12,0x11,0x11,0x11,0x11,0x11,0x32,0x22,0x11,0x11,0x11,0x11,0x11,0x11,0x11,0x11,0x11,0x11,0x11,0x11,
0x11,0x11,0x11,0x11,0x31,0x33,0x33,0x33,0x23,0x11,0x11,0x21,0x21,0x22,0x22,0x33,0x33,0x33,0x22,0x22,0x22,0x22,0x88,0x32,0x38,0xc9,0x9c,0x99,0x33,0x93,0x39,0x33,
0x22,0x22,0x11,0x11,0x11,0x11,0x11,0x11,0x11,0x11,0x11,0x11,0x11,0x11,0x22,0x11,0x21,0x93,0x23,0x11,0x11,0x11,0x11,0x11,0x11,0x22,0x22,0x32,0x33,0x33,0x33,0x23,
0x22,0x23,0x12,0x11,0x11,0x31,0x33,0x33,0x33,0x23,0x11,0x21,0x21,0x22,0x22,0x22,0x11,0x11,0x32,0x83,0x99,0x99,0x33,0x33,0x33,0x33,0x22,0x12,0x11,0x11,0x11,0x11,
0x01,0x11,0x11,0x00,0x00,0x00,0x00,0x00,0x00,0x00,0x10,0x11,0x11,0x28,0x22,0x31,0x32,0x33,0x33,0x33,0x22,0x22,0x12,0x21,0x21,0x11,0x11,0x11,0x11,0x11,0x11,0x11,
0x11,0x11,0x11,0x11,0x11,0x11,0x11,0x21,0x22,0x22,0x39,0x99,0x99,0x89,0x33,0x33,0x33,0x33,0x23,0x32,0x33,0x23,0x32,0x22,0x12,0x11,0x21,0x11,0x11,0x11,0x11,0x11,
0x11,0x11,0x11,0x01,0x10,0x11,0x01,0x11,0x11,0x11,0x11,0x00,0x00,0x10,0x10,0x11,0x11,0x11,0x31,0x11,0x11,0x31,0x02,0x00,0x00,0x00,0x10,0x11,0x11,0x11,0x11,0x11,
0x11,0x11,0x11,0x11,0x99,0x33,0x23,0x12,0x11,0x11,0x11,0x11,0x11,0x11,0x11,0x11,0x11,0x11,0x11,0x11,0x11,0x11,0x11,0x11,0x11,0x11,0x11,0x11,0x11,0x11,0x11,0x11,
0x11,0x11,0x11,0x11,0x11,0x11,0x11,0x11,0x01,0x11,0x21,0x22,0x11,0x11,0x11,0x11,0x11,0x11,0x22,0x21,0x22,0x21,0x22,0x33,0x12,0x11,0x11,0x11,0x11,0x11,0x11,0x11,
0x11,0x11,0x11,0x00,0x01,0x11,0x11,0x11,0x11,0x11,0x11,0x11,0x11,0x11,0x11,0x11,0x11,0x11,0x11,0x11,0x11,0x11,0x11,0x11,0x11,0x11,0x11,0x11,0x11,0x11,0x11,0x11,
0x11,0x11,0x11,0x11,0x11,0x11,0x11,0x11,0x11,0x11,0x01,0x00,0x00,0x10,0x01,0x10,0x11,0x21,0x11,0x11,0x28,0x88,0x33,0x22,0x12,0x21,0x33,0x93,0x39,0x33,0x88,0x83,
0x39,0x12,0x11,0x11,0x11,0x11,0x11,0x11,0x11,0x11,0x11,0x11,0x11,0x11,0x11,0x11,0x11,0x11,0x11,0x11,0x11,0x11,0x11,0x11,0x11,0x11,0x11,0x11,0x11,0x11,0x11,0x11,
0x11,0x11,0x11,0x11,0x11,0x11,0x11,0x21,0x11,0x21,0x32,0x33,0x33,0x93,0x99,0x33,0x22,0x32,0x38,0x32,0x23,0x23,0x11,0x11,0x11,0x11,0x11,0x11,0x11,0x22,0x12,0x11,
0x11,0x11,0x11,0x11,0x11,0x11,0x11,0x11,0x11,0x11,0x11,0x11,0x12,0x22,0x22,0x33,0x22,0x22,0x22,0x22,0x22,0x11,0x11,0x12,0x11,0x11,0x11,0x11,0x11,0x11,0x11,0x11,
0x11,0x11,0x11,0x11,0x11,0x11,0x11,0x11,0x11,0x11,0x11,0x21,0x11,0x11,0x11,0x11,0x11,0x11,0x11,0x11,0x11,0x11,0x11,0x11,0x11,0x11,0x11,0x11,0x11,0x11,0x11,0x11,
0x11,0x11,0x11,0x11,0x21,0x11,0x11,0x11,0x11,0x11,0x11,0x11,0x22,0x22,0x22,0x22,0x12,0x11,0x11,0x11,0x21,0x11,0x11,0x11,0x11,0x11,0x11,0x11,0x11,0x11,0x11,0x11,
0x11,0x11,0x11,0x11,0x11,0x11,0x11,0x11,0x11,0x11,0x11,0x11,0x11,0x11,0x11,0x22,0x22,0x11,0x22,0x22,0x11,0x11,0x11,0x21,0x22,0x11,0x32,0x33,0x33,0x23,0x32,0x23,
0x22,0x12,0x11,0x11,0x11,0x11,0x11,0x11,0x11,0x11,0x11,0x11,0x11,0x11,0x11,0x11,0x11,0x11,0x11,0x11,0x11,0x11,0x11,0x11,0x11,0x11,0x11,0x11,0x11,0x11,0x11,0x11,
0x11,0x11,0x22,0x22,0x22,0x12,0x11,0x21,0x11,0x11,0x11,0x22,0x22,0x22,0x22,0x12,0x21,0x11,0x22,0x11,0x21,0x22,0x12,0x11,0x11,0x12,0x21,0x32,0x22,0x12,0x11,0x11,
0x11,0x11,0x11,0x11,0x11,0x11,0x11,0x11,0x11,0x11,0x11,0x11,0x11,0x11,0x11,0x11,0x11,0x11,0x11,0x11,0x11,0x11,0x11,0x21,0x12,0x11,0x12,0x11,0x11,0x22,0x33,0x33,
0x33,0x22,0x22,0x11,0x11,0x11,0x11,0x11,0x11,0x11,0x11,0x11,0x11,0x11,0x11,0x11,0x11,0x11,0x11,0x11,0x11,0x11,0x11,0x11,0x11,0x21,0x22,0x22,0x22,0x22,0x22,0x11,
0x11,0x11,0x11,0x11,0x11,0x11,0x11,0x11,0x11,0x11,0x11,0x11,0x11,0x22,0x22,0x33,0x33,0x22,0x22,0x22,0x33,0x33,0x22,0x32,0x12,0x11,0x11,0x11,0x11,0x11,0x11,0x11,
0x11,0x11,0x11,0x11,0x11,0x22,0x22,0x11,0x11,0x11,0x11,0x11,0x11,0x11,0x11,0x11,0x11,0x11,0x11,0x11,0x11,0x11,0x11,0x11,0x11,0x11,0x11,0x11,0x11,0x11,0x11,0x11,
0x11,0x11,0x11,0x23,0x22,0x22,0x23,0x13,0x11,0x11,0x11,0x11,0x11,0x11,0x33,0x33,0x22,0x22,0x22,0x13,0x12,0x11,0x11,0x11,0x11,0x11,0x11,0x11,0x11,0x11,0x11,0x11,
0x11,0x11,0x11,0x11,0x11,0x11,0x11,0x11,0x11,0x11,0x11,0x11,0x11,0x11,0x11,0x11,0x11,0x11,0x11,0x11,0x11,0x11,0x32,0x22,0x33,0x38,0x21,0x22,0x22,0x13,0x11,0x11,
0x11,0x11,0x11,0x11,0x11,0x11,0x11,0x11,0x88,0xc9,0x89,0x99,0xc9,0x98,0x99,0x98,0x99,0x12,0x11,0x21,0x22,0x22,0x22,0x23,0x21,0x11,0x11,0x11,0x11,0x11,0x11,0x11,
0x11,0x21,0x11,0x31,0x83,0x88,0x38,0x33,0x33,0x33,0x32,0x33,0x83,0x28,0x22,0x11,0x11,0x11,0x11,0x11,0x11,0x11,0x11,0x83,0x33,0x33,0x99,0x38,0x33,0x99,0x82,0x38,
0x33,0x33,0x33,0x33,0x12,0x22,0x22,0x11,0x21,0x32,0x33,0x22,0x22,0x32,0x33,0x33,0x33,0x88,0x33,0x28,0x11,0x11,0x32,0x32,0x33,0x12,0x11,0x11,0x11,0x11,0x11,0x11,
0x21,0x22,0x22,0x12,0x32,0x12,0x11,0x11,0x11,0x21,0x12,0x11,0x11,0x11,0x11,0x11,0x11,0x11,0x11,0x11,0x32,0x23,0x93,0x89,0x38,0x83,0x23,0x12,0x21,0x12,0x11,0x11,
0x12,0x21,0x12,0x11,0x11,0x11,0x11,0x21,0x11,0x11,0x11,0x11,0x11,0x93,0x89,0x98,0x39,0x33,0x22,0x32,0x33,0x22,0x22,0x22,0x22,0x32,0x22,0x22,0x22,0x11,0x32,0x11,
0x22,0x22,0x22,0x23,0x22,0x22,0x22,0x12,0x21,0x22,0x21,0x22,0x22,0x11,0x11,0x11,0x11,0x11,0x11,0x32,0x33,0x13,0x21,0x22,0x22,0x22,0x22,0x12,0x22,0x22,0x33,0x33,
0x22,0x22,0x32,0x33,0x33,0x22,0x11,0x21,0x11,0x11,0x11,0x11,0x11,0x11,0x11,0x31,0x33,0x33,0x33,0x33,0x33,0x33,0x33,0x33,0x83,0x33,0x22,0x12,0x21,0x22,0x22,0x22,
0x22,0x22,0x22,0x22,0x22,0x11,0x12,0x11,0x11,0x11,0x21,0x33,0x33,0x88,0x88,0x88,0x22,0x33,0x33,0x33,0x33,0x22,0x22,0x23,0x32,0x33,0x33,0x33,0x33,0x33,0x33,0x33,
0x33,0x33,0x33,0x22,0x22,0x21,0x32,0x22,0x23,0x32,0x33,0x33,0x33,0x33,0x33,0x33,0x33,0x33,0x33,0x33,0x32,0x33,0x22,0x22,0x22,0x22,0x22,0x22,0x21,0x22,0x22,0x22,
0x12,0x11,0x21,0x22,0x22,0x33,0x23,0x33,0x88,0x33,0x33,0x33,0x33,0x33,0x33,0x33,0x38,0x83,0x33,0x33,0x33,0x83,0x33,0x33,0x33,0x33,0x33,0x33,0x33,0x33,0x83,0x88,
0x88,0x88,0x38,0x88,0x38,0x33,0x22,0x22,0x22,0x22,0x22,0x22,0x32,0x22,0x22,0x33,0x33,0x33,0x33,0x23,0x11,0x22,0x11,0x22,0x33,0x22,0x22,0x22,0x33,0x88,0x88,0x88,
0x38,0x88,0x38,0x33,0x22,0x22,0x22,0x32,0x83,0x98,0x98,0x89,0x88,0x33,0x33,0x88,0x38,0x33,0x33,0x33,0x33,0x33,0x33,0x33,0x33,0x33,0x33,0x32,0x83,0x88,0x89,0x88,
0x88,0x88,0x38,0x33,0x23,0x22,0x32,0x22,0x11,0x32,0x32,0x88,0x33,0x33,0x33,0x33,0x22,0x22,0x93,0x38,0x92,0x88,0x88,0x89,0x88,0x88,0x89,0x88,0x38,0x33,0x22,0x12,
0x21,0x22,0x22,0x22,0x22,0x22,0x32,0x93,0x99,0x89,0x99,0x88,0x33,0x33,0x23,0x23,0x22,0x22,0x22,0x33,0x23,0x22,0x32,0x23,0x32,0x33,0x33,0x83,0x88,0x88,0x33,0x33,
0x33,0x33,0x22,0x22,0x22,0x22,0x33,0x88,0x98,0x89,0x33,0x98,0x99,0x88,0x22,0x22,0x22,0x22,0x22,0x22,0x22,0x33,0x33,0x33,0x23,0x22,0x22,0x22,0x22,0x32,0x83,0x83,
0x99,0x99,0x88,0x88,0x88,0x33,0x33,0x33,0x23,0x23,0x22,0x22,0x33,0x33,0x33,0x33,0x33,0x33,0x33,0x33,0x33,0x33,0x33,0x33,0x33,0x33,0x33,0x88,0x83,0x88,0x33,0x33,
0x23,0x32,0x33,0x99,0x89,0x28,0x32,0x33,0x23,0x22,0x22,0x22,0x11,0x11,0x11,0x22,0x22,0x12,0x39,0x83,0x88,0x88,0x88,0x88,0x99,0x99,0x38,0x33,0x33,0x38,0x33,0x33,
0x22,0x22,0x22,0x33,0x33,0x33,0x33,0x33,0x33,0x33,0x33,0x33,0x33,0x33,0x33,0x33,0x33,0x93,0x99,0x99,0x88,0x99,0x99,0x9c,0x99,0x99,0x99,0x99,0x89,0x89,0x33,0x33,
0x83,0x33,0x33,0x33,0x33,0x33,0x22,0x22,0x21,0x22,0x12,0x22,0x99,0x99,0xc9,0x99,0xc9,0x99,0x99,0x18,0x22,0x22,0x22,0x22,0x22,0x22,0x22,0x22,0x22,0x22,0x32,0x33,
0x33,0x33,0x33,0x33,0x33,0x33,0x33,0x33,0x33,0x33,0x33,0x33,0x33,0x33,0x98,0x89,0x88,0x98,0x99,0x88,0x99,0x9c,0x99,0x99,0x38,0x33,0x33,0x33,0x33,0x33,0x33,0x83,
0x88,0x83,0x33,0x33,0x83,0x89,0x99,0x99,0x99,0x99,0xd9,0x99,0x99,0x38,0x28,0x22,0x33,0x22,0x22,0x22,0x22,0x22,0x22,0x22,0x22,0x33,0x33,0x98,0x89,0x88,0x88,0x38,
0x33,0x33,0x33,0x33,0x33,0x33,0x33,0x33,0x33,0x33,0x22,0x22,0x33,0x33,0x23,0x33,0x98,0x99,0x99,0x99,0x98,0x88,0x89,0x38,0x33,0x33,0x33,0x98,0x83,0x88,0xc9,0x89,
0x99,0x3c,0x33,0x22,0x38,0x83,0x99,0x89,0x99,0x89,0x98,0x39,0x33,0x33,0x23,0x22,0x33,0x83,0x33,0x93,0x89,0x88,0x33,0x33,0x23,0x22,0x32,0x33,0x33,0x33,0x33,0x33,
0x33,0x33,0x23,0x22,0x22,0x23,0x22,0x83,0x33,0x22,0x83,0x88,0x83,0x98,0x99,0x99,0x99,0x99,0x89,0x88,0x88,0xc8,0x89,0xc9,0x8d,0x09,0x99,0x99,0x99,0x99,0x88,0x33,
0x33,0x83,0x88,0x88,0xc9,0x9c,0x99,0x99,0x89,0x89,0x98,0x89,0x99,0x99,0x22,0x22,0x22,0x22,0x22,0x22,0x22,0x32,0x22,0x22,0x22,0x22,0x22,0x22,0x33,0x33,0x33,0x38,
0x83,0x38,0x23,0x33,0x33,0x33,0x22,0x22,0x22,0x98,0x99,0xdd,0xcd,0x99,0x99,0xc9,0x9d,0xdc,0x9c,0x25,0xd9,0xdc,0x8d,0x33,0x33,0x33,0x33,0x33,0x33,0x33,0x88,0x98,
0x99,0xc9,0xcc,0x99,0x99,0x23,0x99,0x33,0x23,0x22,0x22,0x22,0x22,0x22,0x22,0x22,0x22,0x23,0x33,0x33,0x33,0x33,0x88,0x33,0x33,0x33,0x22,0x32,0x23,0x22,0x22,0x83,
0x23,0x23,0x83,0x99,0x98,0x99,0x99,0x99,0x9c,0xcd,0xdd,0xff,0xcc,0xdf,0xcf,0xdd,0x33,0x33,0x83,0x33,0x33,0x88,0x88,0x88,0x38,0x33,0x33,0xc9,0x99,0x99,0x99,0x99,
0x99,0x99,0x99,0x99,0x99,0x38,0x22,0x22,0x22,0x22,0x22,0x22,0x22,0x22,0x22,0x22,0x32,0x88,0x23,0x33,0x33,0x98,0x99,0x99,0x89,0x98,0x99,0x89,0x88,0x88,0x88,0x33,
0x33,0x83,0x99,0xd9,0xff,0xff,0xdd,0xcf,0xdc,0x8d,0x88,0x33,0x99,0x38,0x83,0x88,0x38,0x33,0x82,0x39,0x33,0xdd,0x89,0x98,0x99,0x98,0x99,0x99,0x99,0x89,0x99,0x38,
0x88,0x28,0x32,0x33,0x33,0x23,0x83,0x88,0x38,0x83,0x98,0x99,0x38,0x93,0x99,0x99,0x99,0x98,0x38,0x83,0x98,0x33,0x33,0x83,0x33,0x29,0x99,0x89,0x98,0xdc,0xdc,0xff,
0xfd,0xcf,0xc8,0x88,0x99,0x89,0x89,0xc8,0x89,0x38,0x23,0x22,0x82,0x9e,0xc3,0x3d,0x33,0x33,0x98,0x89,0x98,0x88,0x99,0x89,0x98,0x88,0x38,0x99,0x99,0x99,0x99,0x99,
0x99,0x99,0x99,0x99,0x99,0x99,0x88,0x88,0x88,0x99,0x99,0x88,0x33,0x33,0xc3,0x3c,0x83,0x9c,0x93,0x99,0x9c,0x39,0x93,0x99,0x99,0xdd,0xff,0x9f,0x99,0x99,0xcc,0x99,
0x98,0xd9,0x3d,0x33,0x98,0x33,0x88,0xcd,0xd8,0x39,0x33,0x33,0x33,0x33,0x33,0x33,0x38,0x38,0x83,0x88,0x88,0x88,0x38,0x88,0x89,0x99,0x88,0x83,0x99,0x99,0x88,0x38,
0x33,0x33,0x33,0x83,0x33,0x33,0x88,0x88,0x83,0x9f,0xc3,0x3c,0x98,0x89,0xc8,0x0c,0x99,0x99,0x99,0x9d,0xfc,0x9f,0x99,0x89,0x98,0x9c,0x99,0xdd,0x99,0xc8,0xff,0xc9,
0x9f,0xf9,0xdc,0xc2,0xdd,0x28,0x32,0x33,0x33,0x98,0x99,0x89,0x88,0x88,0x88,0x88,0x88,0x38,0x88,0x88,0x88,0x88,0x88,0x88,0x88,0x88,0x88,0x88,0x88,0x88,0x88,0x33,
0x33,0x83,0x23,0xcc,0xf8,0x98,0xc9,0x89,0x38,0x28,0x99,0x89,0xd8,0xfd,0xfd,0x9c,0xc9,0x98,0x89,0x9d,0xd9,0xdf,0xcc,0xff,0x8d,0x89,0xfd,0xfc,0xde,0xed,0x39,0x22,
0x22,0x83,0x98,0x99,0x99,0x99,0x89,0x88,0x88,0x88,0x38,0x88,0x88,0x88,0x88,0x88,0x88,0x88,0x88,0x88,0x88,0x88,0x88,0x88,0x88,0x88,0x99,0xc9,0xcd,0xf8,0xfd,0xcc,
0xdd,0x99,0x59,0x11,0x93,0xdc,0xc9,0xc9,0xff,0x9c,0xd9,0x9c,0x99,0x9d,0xd9,0xdf,0xdd,0xcf,0x99,0x9d,0xd8,0xfe,0xff,0xdf,0x29,0x3c,0x92,0x8c,0x88,0x88,0x38,0x33,
0x33,0x83,0x88,0x88,0x88,0x88,0x88,0x88,0x88,0x88,0x88,0x88,0x88,0x88,0x88,0x88,0x88,0x88,0x99,0x98,0x9d,0x99,0xfd,0xfd,0xfe,0xdf,0xff,0x9d,0xd9,0xcc,0x99,0xf9,
0xdf,0x99,0xff,0xdc,0xfd,0xff,0xdc,0x99,0x9d,0x99,0xfd,0xdf,0xcf,0xdd,0xdf,0xff,0xff,0xff,0xdd,0xcd,0xe9,0x99,0x33,0x83,0x88,0x88,0x88,0x88,0x88,0x88,0x88,0x88,
0x88,0x88,0x88,0x88,0x88,0x88,0x88,0x88,0x88,0x88,0x33,0x98,0x9c,0xc9,0xdd,0xc8,0xdc,0xff,0xff,0xff,0xcf,0x99,0xc9,0xdd,0x99,0xc9,0xfd,0xcd,0xfd,0xfe,0xff,0xdd,
0x9d,0x99,0x9d,0x99,0x5c,0xd5,0xdf,0xff,0xff,0xff,0xff,0xdf,0xd9,0xd9,0xfd,0xcd,0x39,0x33,0x88,0x88,0x88,0x88,0x88,0x88,0x88,0x88,0x88,0x88,0x88,0x88,0x88,0x88,
0x88,0x88,0x88,0x99,0x99,0xcc,0x99,0x33,0xc9,0xd9,0xdd,0xff,0xff,0xff,0xcc,0x9c,0xd9,0xdd,0xdc,0xdd,0xdd,0xff,0xff,0xff,0xdf,0x9c,0x99,0x99,0xd9,0xae,0x55,0x00,
0xe5,0xff,0xef,0xdd,0xcd,0x8c,0x98,0x88,0xdc,0x89,0x38,0x33,0x33,0x33,0x33,0x33,0x33,0x33,0x88,0x88,0x88,0x88,0x88,0x98,0x98,0x99,0x99,0x99,0x99,0x99,0x99,0x99,
0x99,0x99,0x99,0x99,0x99,0x38,0x98,0x98,0xdc,0xcd,0xdd,0xfc,0xdd,0xdd,0xda,0xff,0xff,0xff,0xdf,0xdd,0xcd,0x9c,0x99,0xac,0x55,0x05,0x50,0xff,0xff,0xdf,0xcc,0xcd,
0x99,0x89,0x98,0x88,0x88,0x88,0x38,0x33,0x33,0x33,0x88,0x88,0x88,0x88,0x88,0x88,0x88,0x33,0x88,0x88,0x88,0x88,0x38,0x83,0x33,0x33,0x33,0x33,0x38,0x33,0x22,0x22,
0x32,0x33,0x88,0xf9,0xcd,0xfc,0xdd,0x5a,0xa0,0xfe,0xff,0xef,0xff,0xdf,0xfd,0x55,0x9d,0x9d,0x12,0x55,0x55,0xfa,0xff,0xdd,0xcd,0xcc,0x9c,0x88,0x33,0x88,0x83,0x88,
0x98,0x99,0x99,0x99,0x89,0x89,0x88,0x88,0x88,0x93,0x98,0x98,0x99,0x89,0x89,0x33,0x22,0x22,0x32,0x33,0x33,0x33,0x83,0x28,0x22,0x22,0x22,0x22,0xd9,0xdd,0xdd,0xfd,
0xff,0x00,0x08,0xf5,0xff,0xef,0xff,0xff,0x5e,0x51,0xd5,0x9d,0x88,0xa5,0xaa,0xda,0x99,0x99,0x99,0x99,0x89,0x83,0x88,0x88,0x38,0x88,0x88,0xc9,0x99,0x89,0x88,0x88,
0x88,0x88,0x88,0x88,0x88,0x88,0x99,0x99,0x99,0x9c,0x99,0x39,0x98,0x88,0x99,0x98,0x99,0x98,0x88,0x88,0x38,0x98,0xdd,0xdd,0xff,0xdc,0xff,0x5e,0xa0,0xff,0xff,0xff,
0xff,0xff,0x0a,0x18,0xe0,0xcf,0xdc,0xaa,0x9a,0x9a,0x99,0x38,0x98,0x93,0x39,0x38,0x99,0x88,0x99,0x99,0xcc,0x89,0x88,0x88,0x88,0x88,0x88,0x88,0x88,0x88,0x88,0x88,
0x88,0x98,0x99,0x99,0xc9,0x9c,0x89,0x88,0x88,0x98,0x99,0x99,0x88,0x88,0x98,0x98,0x99,0xcd,0xfc,0x98,0xff,0xff,0xfd,0xff,0xff,0xff,0xfa,0xff,0xff,0x54,0xff,0xdf,
0xdd,0xde,0x89,0x95,0x9c,0x28,0x89,0x99,0x98,0x99,0x89,0x89,0x99,0x99,0x99,0x88,0x88,0x88,0x88,0x38,0x33,0x88,0x88,0x88,0x88,0x88,0x88,0x88,0x89,0x33,0x83,0x99,
0x9c,0x99,0x99,0x89,0x33,0x88,0x88,0x88,0xc8,0x89,0x8c,0xfc,0xd9,0xc9,0xcf,0xfd,0xff,0xff,0xff,0xaf,0xf5,0xff,0xff,0xfd,0xfd,0xff,0xff,0xdd,0xdd,0xf9,0xcd,0x9d,
0x9c,0x9d,0xc9,0xcc,0x98,0x99,0x99,0x99,0x99,0x9c,0x89,0x88,0x88,0x88,0x88,0x88,0x88,0x88,0x88,0x88,0x88,0x88,0x88,0x88,0x88,0x98,0x99,0x99,0x99,0x99,0x99,0x88,
0x83,0xc9,0x99,0x9d,0xdc,0xfc,0xcd,0xef,0xff,0xff,0xfe,0xff,0xff,0x5f,0xda,0xff,0xdf,0xff,0xff,0xff,0xee,0xdc,0xfd,0xed,0xdf,0xcf,0xdd,0xdc,0xec,0xcd,0xc9,0xcc,
0x99,0x9c,0xc9,0x99,0x99,0x99,0x88,0x98,0x99,0x88,0x88,0x88,0x88,0x88,0x88,0x88,0x88,0x88,0x88,0x88,0x99,0x99,0x99,0x99,0x99,0x99,0x99,0xcc,0x9c,0xfe,0xed,0xfd,
0xef,0xff,0xff,0xff,0xfe,0xff,0xff,0xad,
},
{ // poison
0xee,0xff,0xff,0xff,0xff,0xdf,0xed,0xef,0xfc,0xcf,0xee,0xff,0xce,0xff,0xce,0xcc,0xcf,0xff,0xff,0xcc,0x47,0x54,0x55,0x55,0x55,0x55,0x55,0x55,0x55,0x55,0x55,0x55,
0x55,0x55,0x55,0x55,0x55,0x55,0x55,0x55,0x55,0x55,0x55,0xcc,0xcc,0xce,0xcc,0xcc,0xee,0xee,0xcd,0xff,0xee,0xfe,0xff,0xff,0xdd,0xbd,0xee,0xff,0xff,0xff,0xef,0xdd,
0xdc,0xef,0xff,0xef,0xcc,0xfe,0xff,0xff,0xcf,0xcc,0xcf,0xfe,0xff,0x9a,0xa7,0x55,0x55,0x55,0x55,0x55,0x55,0x55,0x55,0x55,0x55,0x55,0x55,0x55,0x55,0x55,0x55,0x55,
0x55,0x55,0x55,0x55,0xa5,0xce,0xec,0xee,0xce,0xec,0xee,0xff,0x6b,0xfb,0xee,0xee,0xff,0xef,0xbd,0xba,0xee,0xff,0xff,0xff,0xdf,0xcd,0xec,0xef,0xff,0xde,0xcc,0xcc,
0xff,0xff,0xcf,0xcc,0xcf,0xcc,0x3c,0x96,0xdc,0x55,0x55,0x55,0x55,0x55,0x55,0x55,0x55,0x55,0x55,0x55,0x55,0x55,0x55,0x55,0x55,0x55,0x55,0x55,0x55,0x55,0xcb,0x86,
0xcc,0xd4,0xce,0xec,0xfe,0xff,0x55,0xc5,0xee,0xee,0xff,0xff,0x9b,0xba,0xfe,0xff,0xff,0xef,0xdd,0xdd,0xfd,0xff,0xfe,0xee,0xcd,0xed,0xff,0xff,0xce,0xcc,0xcf,0xcc,
0xcc,0xcc,0x55,0x55,0x55,0x55,0x55,0x55,0x55,0x55,0x55,0x55,0x55,0x55,0x55,0x55,0x55,0x55,0x55,0x55,0x55,0x55,0x55,0x55,0x9b,0xa5,0x5c,0xc8,0xcc,0xec,0xcf,0xff,
0x4b,0x85,0xee,0xee,0xff,0xff,0x9a,0xb9,0xfd,0xff,0xff,0xbf,0xab,0xbb,0xff,0xff,0xff,0xee,0xfe,0xcf,0xff,0xff,0xcc,0xcc,0xfe,0xef,0xcc,0xee,0x48,0x54,0x55,0x55,
0x55,0x55,0x55,0x55,0x55,0x55,0x55,0x55,0x55,0x55,0x55,0x55,0x55,0x55,0x55,0x44,0x44,0x54,0x45,0x84,0x4a,0xc5,0xcc,0xec,0xff,0xfa,0xef,0xbd,0xff,0xee,0xee,0xff,
0x6f,0xb9,0xfe,0xff,0xff,0xbe,0x6a,0xea,0xff,0xff,0xfe,0xcc,0xfe,0xef,0xdd,0xee,0xcc,0xcc,0xfc,0xff,0xce,0xcc,0x7a,0x45,0x54,0x55,0x55,0x55,0x55,0x55,0x55,0x55,
0x55,0x55,0x55,0x55,0x55,0x55,0x55,0x55,0x55,0x44,0x44,0x44,0x44,0x44,0x44,0xc7,0xcc,0xcc,0xfe,0xcd,0xff,0xff,0xff,0xee,0xcf,0xfe,0xbf,0xb9,0xff,0xff,0xff,0xdf,
0xbb,0xff,0xff,0xff,0xff,0xef,0xfc,0xbf,0x96,0xff,0xec,0xcc,0xc7,0xff,0xef,0xfc,0xfc,0x27,0x22,0x54,0x55,0x55,0x55,0x55,0x55,0x55,0x55,0x55,0x55,0x55,0x55,0x55,
0x55,0x55,0x55,0x44,0x44,0x44,0x44,0x44,0x24,0xcc,0xcc,0xec,0xfc,0x3c,0xee,0xff,0xff,0xec,0xce,0xfe,0xef,0xb9,0xff,0xff,0xff,0xff,0xff,0xff,0xff,0xff,0xff,0xef,
0xef,0xbc,0xfb,0xff,0xef,0xcc,0x7c,0xfc,0xea,0xcc,0x72,0x2f,0x22,0x52,0x55,0x55,0x44,0x44,0x54,0x55,0x55,0x55,0x55,0x54,0x45,0x44,0x44,0x44,0x44,0x44,0x44,0x44,
0x44,0x44,0x54,0xca,0xc7,0xfc,0xfd,0x2b,0xd2,0xbb,0xee,0xcc,0xff,0xff,0xff,0x9b,0xff,0xff,0xff,0xff,0xff,0xff,0xaf,0xff,0xef,0xef,0x7e,0xbe,0xf9,0xff,0xcf,0xcc,
0xcc,0xff,0x37,0xcf,0x2a,0x22,0x22,0x22,0x42,0x44,0x44,0x44,0x44,0x44,0x44,0x44,0x44,0x44,0x44,0x44,0x44,0x44,0x44,0x44,0x44,0x44,0x24,0x22,0x22,0xc7,0xcc,0xee,
0xf3,0x23,0x22,0x72,0xcc,0xfc,0xff,0xde,0xff,0xff,0xff,0xff,0xff,0xff,0xff,0xff,0x4c,0xfb,0xce,0xee,0x7c,0x98,0xee,0xff,0xcf,0xcc,0x11,0xfe,0xb7,0xcf,0x2e,0x22,
0x22,0x22,0x20,0x44,0x44,0x44,0x44,0x44,0x44,0x44,0x44,0x44,0x44,0x44,0x44,0x44,0x44,0x44,0x44,0x24,0x22,0x22,0x32,0xec,0xcc,0xfc,0xda,0x2b,0x22,0xc5,0xcc,0xec,
0xee,0xce,0xff,0xff,0xff,0xff,0xff,0xef,0xff,0xae,0x67,0xf8,0xff,0xce,0xef,0xa9,0xae,0xfe,0xcf,0xcc,0x47,0xcb,0x74,0x57,0x4a,0x24,0x22,0x22,0x22,0x22,0x20,0x44,
0x44,0x44,0x44,0x44,0x44,0x44,0x44,0x44,0x44,0x44,0x44,0x24,0x22,0x00,0x22,0x44,0xb4,0xfe,0xcc,0xfe,0xe7,0x2c,0x22,0xc6,0xce,0xec,0xee,0xf1,0xff,0xff,0xff,0xff,
0xef,0xef,0xee,0xba,0xbb,0xfe,0xff,0xcc,0xfe,0x8e,0x44,0xff,0xcf,0xfc,0x4c,0xc9,0x44,0x24,0x22,0x44,0x44,0x44,0x44,0x44,0x22,0x42,0x22,0x44,0x44,0x44,0x44,0x44,
0x44,0x44,0x44,0x44,0x44,0x44,0x24,0x22,0x44,0x44,0x44,0xca,0xca,0xfe,0xeb,0x2b,0x22,0xa2,0xac,0xcc,0xee,0x36,0xfa,0xff,0xff,0xff,0xef,0xcf,0xdc,0xba,0xbb,0xfe,
0xff,0xce,0xae,0x9c,0xa2,0xff,0xcf,0xcc,0x4a,0xc9,0x24,0x22,0x22,0x22,0x44,0x44,0x44,0x44,0x44,0x44,0x44,0x44,0x44,0x44,0x44,0x44,0x22,0x20,0x42,0x44,0x44,0x44,
0x44,0x44,0x44,0x44,0x44,0xab,0xc5,0xee,0x7c,0x26,0x44,0xe6,0xcd,0xcc,0xee,0x3e,0xe7,0xef,0xff,0xff,0xec,0xcd,0xdc,0xaa,0xbb,0xf9,0xff,0xce,0x7c,0x22,0xb4,0xef,
0xef,0x77,0x58,0xaa,0x54,0x22,0x22,0x22,0x42,0x44,0x44,0x44,0x44,0x44,0x44,0x44,0x44,0x44,0x44,0x24,0x00,0x00,0x20,0x44,0x44,0x44,0x44,0x44,0x44,0x44,0x44,0x9a,
0xc4,0xfc,0x66,0x46,0x44,0xe6,0x7b,0xcc,0xee,0xbe,0x70,0xff,0xff,0xff,0xdc,0xdd,0xdc,0xab,0x9b,0xf9,0xfc,0xcf,0x7c,0x22,0x64,0xab,0xff,0xec,0x65,0x9b,0x98,0x52,
0x94,0x24,0x22,0x44,0x44,0x44,0x44,0x44,0x44,0x44,0x44,0x44,0x44,0x22,0x00,0x00,0x00,0x24,0x42,0x44,0x44,0x44,0x44,0x44,0x44,0x7a,0x72,0xfc,0x64,0x24,0x44,0x72,
0x47,0xcc,0x7e,0x0c,0x62,0x4a,0xff,0xcf,0xbd,0xdd,0xdc,0xab,0x6a,0xf9,0xf3,0xae,0xcf,0x45,0x44,0xdd,0xef,0x7c,0x64,0x9b,0x4a,0x95,0xa9,0x48,0x25,0x42,0x44,0x44,
0x44,0x44,0x44,0x44,0x44,0x44,0x24,0x00,0x02,0x00,0x00,0x00,0x20,0x44,0x44,0x44,0x44,0x24,0x22,0x64,0x72,0xfe,0x2b,0x22,0x24,0x70,0x39,0xcc,0x7e,0x2a,0x82,0x09,
0xef,0xfe,0xbb,0xdb,0xdd,0xac,0x99,0xe9,0xfe,0xac,0xce,0x45,0x94,0xee,0xcf,0x3c,0x22,0x6a,0x28,0xa4,0x7b,0x88,0x57,0x22,0x22,0x22,0x44,0x44,0x44,0x22,0x22,0x42,
0x44,0x22,0x02,0x00,0x00,0x00,0x00,0x44,0x44,0x24,0x22,0x22,0x22,0x22,0xc2,0xef,0x2c,0x22,0x02,0xd1,0x31,0xdc,0xee,0x2d,0x62,0x09,0xee,0xcf,0xba,0xdb,0xdb,0x5b,
0x98,0xf8,0xff,0xac,0xfd,0x44,0xa4,0xfe,0xcf,0x7c,0x42,0xaa,0x64,0xaa,0x7a,0x68,0x58,0x25,0x22,0x22,0x22,0x44,0x24,0x22,0x22,0x20,0x22,0x22,0x00,0x00,0x00,0x00,
0x20,0x22,0x22,0x22,0x22,0x22,0x22,0x22,0xe2,0xce,0x1e,0x22,0x00,0x30,0x01,0xcc,0xec,0x2e,0x42,0x29,0xec,0xbf,0x3a,0xb7,0xbb,0x4a,0x99,0xb8,0xe7,0xce,0xc7,0x44,
0x74,0xbb,0xcf,0x37,0x42,0x8b,0x62,0x96,0xaa,0x67,0xa9,0x28,0x22,0x22,0x22,0x22,0x22,0x22,0x22,0x00,0x22,0x02,0x00,0x00,0x20,0x00,0x42,0x22,0x22,0x22,0x22,0x22,
0x22,0x02,0x70,0xce,0x07,0x00,0x00,0x70,0x01,0xc7,0x3a,0x0c,0x22,0x29,0xcf,0xb7,0x1a,0xb6,0xbb,0x2b,0x98,0x38,0xe2,0xcf,0x64,0x44,0x64,0x76,0xcf,0x32,0x52,0x4b,
0x82,0xb4,0xbb,0xbb,0x28,0x22,0x22,0x22,0x22,0x22,0x00,0x22,0x00,0x00,0x20,0x00,0x00,0x00,0x00,0x00,0x42,0x22,0x22,0x00,0x20,0x22,0x22,0x00,0x30,0xcc,0x00,0x00,
0x20,0xa2,0x24,0xcc,0x0b,0x07,0x20,0x02,0xce,0xa1,0x1a,0xd0,0xbd,0x13,0x88,0x09,0xe0,0x7f,0x44,0x44,0x64,0xa5,0xcf,0x22,0x62,0x2b,0xb4,0x8b,0xb9,0x93,0x7a,0x22,
0x22,0x22,0x22,0x00,0x00,0x00,0x22,0x00,0x22,0x22,0x22,0x00,0x00,0x00,0x20,0x22,0x01,0x00,0x00,0x22,0x02,0x00,0x30,0xfc,0x00,0x00,0x22,0x32,0x24,0xcc,0x0e,0x0a,
0x00,0x00,0x7e,0x10,0x3a,0xd0,0xbd,0x83,0x41,0x09,0xf1,0xaf,0x22,0x22,0x42,0xd2,0xee,0x02,0x92,0xad,0x6b,0x92,0xaa,0x68,0xa6,0x24,0x22,0x22,0x22,0x22,0x22,0x22,
0x22,0x02,0x22,0x22,0x22,0x02,0x00,0x00,0x00,0x02,0x00,0x00,0x00,0x00,0x00,0x00,0x30,0xfe,0x00,0x20,0x22,0x32,0x22,0xc7,0x0f,0x00,0x00,0x00,0xac,0x31,0x1b,0xb0,
0xbb,0x0b,0x10,0x49,0xf0,0x7c,0x20,0x20,0x22,0xe2,0xae,0x00,0xd3,0x5b,0x22,0xa4,0xa9,0x27,0x26,0x24,0x22,0x22,0x22,0x22,0x22,0x22,0x22,0x22,0x22,0x22,0x22,0x22,
0x00,0x00,0x00,0x00,0x00,0x00,0x00,0x00,0x00,0x00,0x30,0xef,0x00,0x22,0x22,0x22,0x02,0xe1,0x0f,0x10,0x63,0x06,0xef,0x9d,0x0b,0x30,0xbb,0x01,0x10,0x08,0xb0,0x1c,
0x00,0x00,0x22,0xc2,0xae,0x30,0x2d,0x29,0x22,0x92,0xa9,0x48,0x26,0x22,0x22,0x22,0x22,0x22,0x22,0x22,0x22,0x22,0x22,0x22,0x22,0x02,0x22,0x00,0x00,0x02,0x00,0x00,
0x00,0x00,0x20,0x20,0x00,0x3c,0x00,0x22,0x02,0x20,0x00,0xe1,0x03,0x00,0xab,0x68,0xef,0xbe,0x0b,0x30,0xbb,0x01,0x10,0x08,0xc0,0x0d,0x00,0x21,0x02,0xb2,0xee,0xea,
0x23,0x29,0x22,0xa2,0xa6,0x13,0x03,0x22,0x22,0x22,0x22,0x22,0x22,0x22,0x22,0x22,0x22,0x22,0x02,0x00,0x00,0x00,0x00,0x00,0x00,0x00,0x00,0x00,0x00,0x00,0x00,0x3c,
0x00,0x00,0x00,0x00,0x00,0xc1,0x27,0x40,0xc8,0x68,0x0d,0xb3,0xab,0xa1,0x3b,0x01,0x10,0x06,0xa0,0x2d,0x22,0x22,0x22,0xb2,0xce,0x9a,0x22,0x26,0x02,0x30,0xa1,0x01,
0x01,0x00,0x20,0x22,0x22,0x02,0x20,0x22,0x22,0x22,0x22,0x00,0x00,0x20,0x00,0x00,0x00,0x00,0x10,0x11,0x01,0x00,0x00,0x00,0x00,0x3e,0x00,0x00,0x00,0x00,0x65,0xc3,
0x5e,0x44,0xb5,0x6b,0x48,0xb1,0xab,0xb9,0x3b,0x42,0x88,0x03,0x70,0x2c,0x22,0x22,0x00,0xb0,0xce,0x01,0x22,0x48,0x00,0x00,0xa1,0x01,0x00,0x00,0x20,0x22,0x22,0x00,
0x00,0x22,0x22,0x22,0x00,0x00,0x02,0x22,0x00,0x00,0x00,0x00,0x81,0x68,0x13,0x00,0x00,0x00,0x00,0x3c,0x00,0x00,0x00,0x60,0x88,0xe8,0x6c,0x44,0xa5,0x8f,0x66,0x96,
0xbb,0xba,0x8b,0x88,0xa9,0x89,0x70,0x03,0x00,0x02,0x00,0xe1,0xcd,0x00,0x00,0x19,0x00,0x00,0xb1,0x01,0x00,0x00,0x00,0x22,0x02,0x00,0x00,0x00,0x22,0x02,0x00,0x00,
0x00,0x00,0x00,0x00,0x00,0x11,0x88,0x68,0x66,0x04,0x00,0x00,0x00,0x03,0x00,0x00,0x00,0x86,0x89,0xc8,0x57,0x54,0x88,0xfb,0x86,0xa8,0xbb,0xba,0x8a,0x88,0x99,0x19,
0xa0,0x0c,0x00,0x00,0x00,0xf1,0x1d,0x00,0x00,0x04,0x00,0x00,0xb8,0x03,0x00,0x00,0x00,0x00,0x00,0x00,0x00,0x00,0x20,0x02,0x00,0x00,0x00,0x00,0x00,0x00,0x10,0x88,
0x88,0x38,0x66,0x04,0x64,0x00,0x00,0x03,0x00,0x00,0x60,0x98,0x99,0xc8,0x59,0x75,0xee,0xed,0x86,0xa8,0xbb,0xba,0x8a,0x56,0x98,0x26,0x72,0x0a,0x00,0x00,0x00,0xf1,
0x1c,0x00,0x00,0x04,0x20,0x00,0xa1,0x01,0x00,0x00,0x00,0x00,0x00,0x00,0x00,0x00,0x00,0x00,0x00,0x00,0x00,0x00,0x00,0x00,0x50,0x86,0x88,0x88,0x66,0x06,0x84,0x00,
0x00,0x01,0x00,0x00,0x84,0x88,0x89,0xc8,0x57,0x65,0x98,0xfa,0x66,0x86,0xbb,0xba,0x68,0x66,0x88,0x26,0x72,0x03,0x10,0x03,0x00,0xf3,0x1e,0x00,0x00,0x02,0x00,0x00,
0x91,0x00,0x00,0x00,0x00,0x00,0x00,0x00,0x00,0x00,0x00,0x00,0x00,0x00,0x00,0x00,0x00,0x00,0x50,0x66,0x88,0x88,0x66,0x16,0x86,0x01,0x00,0x00,0x00,0x00,0x61,0x66,
0x88,0xc8,0x67,0x66,0x55,0xea,0x66,0x66,0xbb,0x8b,0x66,0x66,0x88,0x56,0x74,0x28,0x10,0x1a,0x00,0xec,0x3e,0x00,0x00,0x02,0x00,0x00,0x30,0x00,0x00,0x00,0x00,0x00,
0x00,0x00,0x00,0x00,0x00,0x00,0x00,0x00,0x00,0x00,0x00,0x00,0x60,0x66,0x88,0x88,0x66,0x66,0x66,0x06,0x00,0x00,0x00,0x00,0x10,0x40,0x86,0xb8,0x66,0x66,0x85,0x68,
0x66,0x66,0xbb,0x6b,0x66,0x66,0x88,0x86,0xa8,0x68,0x00,0x17,0x00,0xfd,0x1e,0x00,0x00,0x00,0x10,0x14,0x30,0x00,0x00,0x00,0x00,0x00,0x00,0x00,0x00,0x00,0x00,0x00,
0x00,0x12,0x00,0x00,0x00,0x00,0x60,0x66,0x88,0x68,0x66,0x63,0x66,0x06,0x00,0x51,0x40,0x00,0x10,0x54,0x65,0xa6,0x68,0x88,0x88,0x88,0x55,0x66,0xbb,0x5b,0x66,0x86,
0x98,0x88,0x69,0x55,0x55,0x6a,0x75,0xef,0x07,0x00,0x00,0x00,0x61,0x88,0x98,0x02,0x00,0x00,0x00,0x00,0x00,0x00,0x00,0x00,0x00,0x00,0x10,0x66,0x02,0x00,0x00,0x06,
0x64,0x66,0x66,0x66,0x66,0x66,0x66,0x46,0x10,0x56,0x65,0x01,0x54,0x55,0x66,0x66,0x86,0x88,0x68,0x68,0x55,0x55,0xbb,0x58,0x55,0x86,0x88,0x88,0x68,0x56,0xd5,0x5c,
0xe6,0xce,0x03,0x01,0x00,0x40,0x86,0x88,0x99,0x26,0x00,0x00,0x00,0x00,0x00,0x00,0x00,0x00,0x00,0x10,0x61,0x66,0x11,0x02,0x00,0x56,0x66,0x56,0x66,0x46,0x56,0x56,
0x66,0x56,0x54,0x45,0x54,0x45,0x54,0x54,0x66,0x66,0x86,0x88,0x66,0x68,0x44,0x44,0xbb,0x56,0xa8,0x7b,0x88,0x88,0x68,0x66,0xd5,0x6e,0xf9,0xce,0x68,0x16,0x00,0x65,
0x66,0x88,0x89,0x26,0x00,0x00,0x00,0x00,0x00,0x00,0x00,0x00,0x00,0x51,0x66,0x56,0x22,0x44,0x10,0x66,0x66,0x66,0x66,0x56,0x66,0x56,0x55,0x65,0x55,0x96,0x96,0x55,
0x54,0x64,0x66,0x66,0x86,0x88,0x68,0x68,0x44,0x44,0xbb,0xb6,0xee,0x7c,0x97,0x88,0x69,0x66,0x85,0xaf,0xfd,0xae,0x56,0x56,0x00,0x65,0x66,0x86,0x88,0x06,0x00,0x00,
0x00,0x00,0x00,0x00,0x00,0x00,0x00,0x51,0x65,0x66,0x45,0x45,0x02,0x66,0x66,0x66,0x66,0x66,0x66,0x55,0x65,0x66,0x65,0x98,0x99,0x68,0x66,0x66,0x76,0xba,0x6a,0x88,
0x68,0x68,0x44,0x84,0x7b,0xd5,0xee,0xae,0x7a,0x88,0x89,0x66,0x55,0xed,0xee,0x6c,0x56,0x45,0x01,0x42,0x56,0x66,0x86,0x46,0x00,0x60,0x16,0x00,0x00,0x00,0x00,0x00,
0x00,0x51,0x55,0x66,0x44,0x44,0x44,0x65,0x66,0x66,0x66,0x46,0x65,0x65,0x55,0x66,0x64,0x99,0x99,0x99,0x88,0x86,0xcb,0xea,0xde,0x69,0x86,0x68,0x54,0x85,0x7b,0xe5,
0xfe,0xae,0xac,0x66,0x88,0x66,0x55,0xf9,0xde,0x6a,0x86,0x58,0x45,0x42,0x66,0x68,0x68,0x46,0x00,0x86,0x66,0x00,0x00,0x00,0x00,0x00,0x20,0x44,0x55,0x55,0x44,0x44,
0x55,0x66,0x66,0x66,0x56,0x45,0x54,0x66,0x56,0x65,0x98,0x99,0x99,0x99,0x68,0xa8,0xcc,0xfc,0xff,0x9e,0x86,0x68,0x44,0x84,0x7b,0xe4,0xff,0xbf,0xac,0x66,0x66,0x66,
0x55,0xf8,0xce,0x66,0xa9,0x88,0x58,0x55,0xa8,0x8a,0x66,0x16,0x00,0x65,0x66,0x01,0x00,0x00,0x22,0x00,0x50,0x45,0x54,0x55,0x44,0x64,0x55,0x66,0x56,0x55,0x55,0x44,
0x44,0x55,0x45,0x54,0x98,0x88,0x99,0x88,0x68,0xcc,0xcc,0xfc,0xff,0xaf,0x85,0x88,0x44,0x88,0x6b,0xb4,0xee,0xcc,0xcc,0x55,0x66,0x66,0x55,0xfa,0xcd,0x86,0xaa,0x97,
0x99,0x56,0xa8,0x8a,0x66,0x56,0x04,0x65,0x66,0x06,0x00,0x00,0x22,0x24,0x41,0x44,0x44,0x44,0x44,0x66,0x55,0x65,0x56,0x55,0x55,0x44,0x44,0x55,0x45,0x44,0x54,0x86,
0x89,0x68,0x66,0xcc,0xcc,0xfc,0xff,0xae,0x66,0x86,0x66,0xbb,0x89,0xb4,0xee,0xab,0xbc,0x44,0x65,0x66,0x45,0xfc,0xbd,0x66,0xaa,0x99,0x89,0x65,0xaa,0x7a,0x66,0x55,
0x55,0x56,0x66,0x02,0x20,0x20,0x22,0x42,0x44,0x44,0x44,0x44,0x54,0x66,0x55,0x55,0x55,0x44,0x44,0x44,0x22,0x44,0x44,0x42,0x55,0x88,0x68,0x66,0x66,0xcc,0xcc,0xfe,
0xff,0x9f,0x55,0x86,0xb5,0xdb,0x5a,0xea,0xed,0xab,0x7b,0x22,0x54,0x45,0x44,0xff,0x8e,0x66,0x98,0x88,0x98,0x88,0xa9,0x7a,0x67,0x55,0x55,0x55,0x55,0x55,0x22,0x22,
0x22,0x44,0x44,0x44,0x22,0x22,0x52,0x55,0x45,0x44,0x44,0x44,0x44,0x22,0x22,0x42,0x22,0x65,0x88,0x88,0x66,0x55,0x55,0xed,0xff,0xff,0xff,0x5f,0x54,0x85,0xbb,0xbd,
0x49,0xea,0xed,0xbb,0x7b,0x22,0x22,0x22,0x22,0xef,0x8c,0x55,0x96,0x88,0x98,0x88,0x98,0x99,0x67,0x55,0x88,0x55,0x55,0x55,0x22,0x22,0x22,0x42,0x44,0x22,0x22,0x22,
0x54,0x55,0x44,0x44,0x44,0x24,0x22,0x42,0x24,0x22,0x22,0x65,0x66,0x65,0x55,0x44,0x44,0xf6,0xef,0xfc,0xff,0x28,0x44,0x65,0xbb,0xab,0x29,0xe4,0xed,0xdd,0x7b,0x22,
0x22,0x22,0x82,0xee,0x3c,0x54,0x86,0x88,0x88,0x88,0x88,0x98,0x88,0x66,0x88,0x55,0x65,0x46,0x46,0x22,0x22,0x22,0x22,0x22,0x22,0x42,0x44,0x44,0x44,0x22,0x22,0x22,
0x22,0x85,0x58,0x22,0x22,0x64,0xa9,0x45,0x44,0x24,0x22,0xb2,0xcc,0xfc,0xee,0x4f,0x22,0x54,0xab,0xbb,0x4a,0xea,0xdd,0xed,0xae,0x22,0x64,0x22,0xc2,0xfe,0x3d,0x44,
0x65,0x66,0x66,0x88,0x66,0x86,0x88,0x66,0x86,0x58,0x86,0x66,0x58,0x22,0x22,0x22,0x22,0x22,0x22,0x42,0x24,0x22,0x24,0x22,0x42,0x44,0x42,0x86,0x68,0x42,0x42,0xa6,
0xbb,0x46,0x44,0x22,0x44,0xc2,0xdd,0xfc,0xef,0x4f,0x22,0x52,0x9a,0xbb,0xa8,0xee,0xbd,0xab,0x4b,0x22,0xa9,0x24,0xf2,0xef,0x8c,0x44,0x54,0x44,0x65,0x66,0x66,0x66,
0x86,0x56,0x65,0x66,0x66,0x86,0x68,0x45,0x44,0x54,0x22,0x22,0x22,0x22,0x22,0x22,0x22,0x22,0x82,0x88,0x84,0x88,0x88,0x66,0x42,0x85,0xaa,0x8a,0x22,0x22,0x88,0xc6,
0xce,0xfc,0xee,0x4f,0x22,0x52,0x9a,0xbb,0xb9,0xee,0xbe,0xdb,0xab,0x84,0xaa,0x8a,0xf2,0xcf,0x6a,0x24,0x22,0x42,0x54,0x55,0x56,0x55,0x66,0x56,0x54,0x56,0x55,0x66,
0x68,0x44,0x44,0x44,0x24,0x25,0x22,0x22,0x02,0x22,0x48,0x22,0x85,0x88,0x88,0x88,0x88,0x68,0x55,0xa6,0xaa,0xaa,0x29,0x52,0x99,0xc8,0xcc,0xee,0xee,0x2e,0x42,0x64,
0x7a,0xab,0xea,0xef,0xbe,0xdb,0xbb,0xa8,0x99,0x59,0xf3,0xbe,0x4a,0x44,0x5b,0x47,0x44,0x54,0xab,0x48,0x55,0x45,0x42,0x44,0x44,0x54,0x66,0x54,0x45,0x44,0x44,0x45,
0x22,0x22,0x02,0x81,0x89,0x44,0x86,0x88,0x88,0x88,0x68,0x88,0x88,0x99,0xaa,0x9a,0x69,0x88,0x88,0xc8,0xcc,0xec,0xee,0x2e,0x52,0xab,0x7c,0xcd,0xee,0xfe,0xbe,0xb7,
0xba,0x98,0x99,0x88,0xfe,0xcd,0x2a,0x22,0x32,0x2c,0x22,0x52,0xb6,0x99,0x44,0x24,0x22,0x42,0x44,0x44,0x44,0xb6,0x7b,0x24,0x44,0x44,0x44,0x24,0x22,0x62,0x99,0x86,
0x88,0x88,0x88,0x78,0x77,0xaa,0x86,0x99,0x99,0x99,0x99,0x89,0x88,0xc8,0xcc,0xec,0xee,0xae,0x54,0xdb,0x7c,0xee,0xfe,0xef,0xde,0xbb,0x77,0x87,0xa8,0x9b,0xfe,0xcd,
0x7c,0x43,0xa5,0x24,0x22,0xd2,0xbb,0xbb,0x2b,0x22,0x22,0x22,0x22,0x22,0x22,0xba,0x7b,0x47,0x22,0x42,0x44,0x44,0x44,0x84,0x89,0x88,0x88,0x88,0x68,0xca,0xcc,0xde,
0x83,0x88,0x98,0x99,0x99,0x89,0x88,0xc6,0xec,0xec,0xee,0xdf,0x45,0xda,0xce,0xec,0xfe,0xef,0xde,0xeb,0xab,0x97,0xbd,0xea,0xef,0xcc,0xac,0x7a,0xd7,0x33,0x42,0xb6,
0xbb,0xaa,0x27,0x22,0x22,0x22,0x46,0x22,0x22,0xba,0xad,0x2a,0x22,0x22,0x44,0x44,0x44,0x64,0x68,0x86,0x88,0x68,0x76,0xcc,0xcc,0xee,0x9e,0x88,0x88,0x88,0x88,0x88,
0x68,0xc6,0xcc,0xec,0xef,0xde,0x84,0xd2,0xcf,0xfc,0xef,0xde,0x99,0xdb,0xbd,0x9c,0xbb,0xfb,0xee,0xcc,0xab,0xaa,0xba,0xaa,0xb7,0xbb,0xbb,0xab,0x37,0xa4,0x27,0x22,
0x88,0x24,0x84,0xdd,0xab,0x2b,0x22,0x22,0x22,0x22,0x42,0x52,0x88,0x66,0x88,0x68,0x76,0xcc,0xdd,0xef,0x9e,0x88,0x66,0x88,0x58,0x88,0x66,0xc5,0xcc,0xfc,0xee,0xde,
0xa2,0xbb,0xef,0xfc,0xee,0xbe,0x3b,0xb7,0xdb,0xdb,0x8a,0xff,0xdf,0xcb,0xaa,0x77,0xac,0xaa,0x7a,0xbb,0xbb,0xbb,0x7a,0xaa,0x77,0x26,0x86,0x44,0x84,0xbb,0x7b,0x27,
0x22,0x52,0x22,0x22,0x84,0x85,0x68,0x66,0x96,0x68,0x95,0xee,0xff,0xff,0x8f,0x86,0x66,0x86,0x69,0x66,0x55,0xd4,0xdc,0xfc,0xff,0xfe,0xbb,0x8a,0xef,0x7c,0xde,0xb6,
0x7c,0xb3,0xbb,0xdb,0xd9,0xff,0xcc,0xcc,0xaa,0xfa,0xce,0x7a,0xaa,0xaa,0xaa,0xba,0xaa,0x77,0x77,0x77,0xa9,0x58,0x84,0xbb,0x7b,0x29,0x22,0x82,0x29,0x54,0x88,0x88,
0x68,0x66,0x86,0x68,0x45,0xe7,0xee,0xee,0x5a,0x66,0x56,0x55,0x69,0x55,0x45,0xe5,0xfe,0xff,0xff,0xec,0xaf,0xbb,0xff,0xcc,0xcc,0x3b,0x7a,0xc7,0xbb,0xcb,0xfa,0xef,
0xcc,0xce,0xab,0xfa,0x7c,0xa7,0xaa,0xaa,0x77,0x77,0xa7,0xbb,0xaa,0x77,0xb7,0x8a,0xb8,0xbb,0xab,0x89,0x22,0x84,0x56,0x55,0x56,0x65,0x55,0x44,0x95,0x68,0x45,0xcb,
0xde,0xee,0x6d,0x86,0x66,0x06,0x99,0x66,0x56,0xe7,0xcc,0xdc,0xde,0xee,0xaf,0xdb,0xfa,0xce,0xca,0xce,0x7c,0xcc,0xbb,0xcc,0xff,0xef,0xce,0xdf,0xac,0xed,0x77,0xaa,
0xaa,0xaa,0xaa,0x37,0xa3,0xab,0xaa,0x7a,0xba,0xbb,0xbb,0xbb,0xab,0x99,0x45,0x65,0x69,0x44,0x55,0x65,0x88,0x86,0x98,0x88,0x68,0xcb,0xee,0xee,0x6d,0x66,0x68,0x96,
0x66,0x94,0x98,0xcc,0xdc,0xce,0xff,0xee,0xdf,0xdb,0xb2,0xcf,0xcc,0xfe,0xce,0xbc,0xad,0x71,0xff,0xef,0xde,0xef,0x9c,0xfe,0xce,0xaa,0xba,0xbb,0xaa,0x77,0x77,0xaa,
0xba,0xa7,0x77,0xba,0xbb,0xbb,0xab,0x99,0x58,0x88,0x9a,0x55,0x66,0x86,0x99,0x98,0x99,0x88,0x68,0xbb,0xed,0xee,0x6d,0x66,0x96,0xbb,0x9e,0xd9,0xb9,0xde,0xef,0xce,
0xfe,0xff,0xff,0xde,0x22,0xeb,0xcc,0xfc,0xcf,0xcc,0xce,0x37,0xfe,0xde,0x99,0xfc,0xdc,0xdf,0xba,0xbb,0xba,0xbb,0xaa,0x9a,0xaa,0x9b,0x92,0xab,0x7a,0x77,0xbb,0xba,
0xab,0x99,0x99,0xa9,0xb7,0x49,0x6a,0x44,0x79,0x65,0x46,0x44,0x45,0xba,0xed,0xde,0x2d,0x22,0x24,0x44,0xed,0xae,0xb6,0xde,0xde,0xee,0xfe,0xff,0xff,0xcf,0x02,0xf1,
0xde,0xca,0xff,0xce,0xec,0xcd,0xde,0x7b,0xb6,0xc7,0xfc,0xbe,0xbd,0xbb,0xbb,0xbb,0xbb,0xaa,0xbb,0x9b,0x44,0xb8,0x9a,0x99,0xb7,0x94,0xbb,0x99,0xa9,0xab,0xba,0xbb,
0xbb,0x89,0xbb,0x88,0x22,0x54,0x45,0xcb,0xed,0xee,0x9e,0x62,0x9b,0x65,0xe9,0x5d,0xb6,0xdd,0xdd,0xed,0xfe,0xff,0xff,0x7f,0x24,0xf2,0xcf,0x7c,0xfe,0xef,0xec,0xce,
0xbc,0xb7,0xdb,0xaa,0xed,0xdb,0xdd,0xbb,0x9b,0x95,0xbb,0xbb,0xdb,0xdb,0x69,0xb6,0x9a,0x99,0xaa,0xa9,0xab,0x77,0xa7,0x7a,0xa7,0xaa,0xba,0x7a,0xa7,0xaa,0x73,0x88,
0x88,0xdd,0xed,0xef,0xbf,0xb6,0xae,0xb3,0xed,0xdf,0xbd,0xdd,0xcd,0xfc,0xfe,0xff,0xff,0xac,0x99,0xf9,0xef,0xcc,0xf7,0xff,0xcf,0xc7,0x17,0x33,0xdd,0xac,0xfd,0xed,
0xde,0xbb,0x9b,0x26,0xb9,0xbb,0xbb,0xbb,0x49,0x62,0xa9,0x37,0x37,0x33,0x38,0x33,0x77,0x77,0x77,0x37,0x33,0x33,0x73,0x77,0x73,0x88,0x88,0xed,0xfe,0xef,0xbe,0x66,
0x8a,0x77,0xff,0xff,0xde,0xdd,0xdd,0xee,0xce,0xcc,0xcf,0xc7,0xfb,0xff,0xff,0xae,0xc7,0xff,0xff,0xcc,0x7c,0xd7,0xac,0xac,0xac,0x73,0x97,0x99,0x99,0x69,0x94,0xdd,
0xbb,0xba,0x9b,0xb9,0xcc,0x47,0x88,0x88,0x77,0x77,0xa7,0x77,0xa7,0x89,0x68,0x66,0x66,0x55,0x76,0x46,0x22,0xca,0xcd,0xee,0xee,0x64,0x3a,0xa7,0xed,0xff,0xbd,0x4b,
0xeb,0xce,0xc7,0xcc,0x7c,0xcc,0xff,0xff,0xff,0xce,0x7a,0xcc,0xcc,0xcc,0xfc,0x7c,0x17,0x73,0x7a,0x73,0x9b,0x42,0x59,0x42,0x99,0xdd,0xbb,0xeb,0xdd,0xec,0xde,0xbd,
0xbc,0x99,0xaa,0x86,0x68,0x88,0x46,0x75,0x37,0x44,0x56,0x55,0xa6,0x38,0x72,0xcb,0xdc,0xfe,0xee,0x9b,0xd7,0xbb,0xed,0xff,0xbd,0xa9,0xcd,0x77,0xcc,0xcc,0xac,0xec,
0xff,0xff,0xff,0xef,0xac,0xcc,0x77,0xc7,0xcc,0xff,0x7c,0xcc,0xbb,0xca,0xde,0x99,0x59,0x22,0x96,0x73,0x77,0x77,0x77,0x77,0x77,0x37,0x77,0x77,0x7a,0x87,0x44,0x54,
0x45,0x75,0x8a,0x55,0x46,0x7a,0xd5,0xae,0xb3,0xdc,0xed,0xee,0xfe,0xde,0xfe,0xfe,0xff,0xff,0xbb,0xcd,0x7c,0xa7,0xcc,0xcc,0xcc,0xfe,0xff,0xff,0xee,0xff,0xcc,0xee,
0xcc,0xca,0xce,0xfc,0xef,0xac,0xaa,0xb7,0xbe,0xeb,0xbe,0xdb,0x99,0x74,0x77,0x77,0x77,0x77,0x77,0x37,0x77,0x77,0x77,0x77,0x77,0xa7,0x67,0x44,0x44,0x22,0x22,0xfa,
0xe1,0xbf,0xcc,0xdd,0xed,0xde,0xee,0xee,0xff,0xef,0xff,0xcf,0xcc,0x7a,0xca,0xcc,0x9c,0x96,0xeb,0xfe,0xef,0xff,0xff,0xff,0xbe,0x99,0xeb,0xfe,0xdf,0xca,0xdf,0xa7,
0xcc,0xfd,0x7e,0x44,0xee,0xbe,0xbb,0x77,0x77,0x77,0x77,0xca,0xcc,0xaa,0xa7,0xa7,0xcc,0xba,0xaa,0x77,0x46,0x22,0x22,0x12,0x47,0xea,0xec,0xff,0xdd,0xdd,0xde,0x9d,
0xbd,0xfe,0x9e,0x42,0x94,0x7a,0x77,0xca,0xec,0xbe,0x44,0x99,0x99,0xfd,0xc1,0xfe,0xff,0xff,0x9b,0x29,0x90,0xff,0xff,0xce,0xfc,0x7c,0xff,0xff,0xcf,0x29,0xed,0x5d,
0x65,0x78,0xaa,0xaa,0x83,0x88,0x97,0x88,0xab,0xaa,0xab,0x98,0x44,0x44,0x24,0x32,0x33,0xc3,0xee,0xff,0xfe,0xef,0xed,0xee,0xbe,0xda,0xed,0xfe,0x29,0x52,0x94,0xdb,
0xcc,0xec,0xdf,0x99,0x96,0x96,0x9b,0xb6,0x32,0xec,0xff,0xbb,0xbb,0x69,0x51,0xfd,0xff,0xff,0xfd,0xcf,0xcf,0xff,0xff,0x3b,0xbd,0x46,0x95,0x43,0x86,0x45,0x42,0x95,
0x79,0x22,0x96,0xa9,0x9a,0x69,0x22,0x22,0x22,0x74,0xab,0xc7,0xcc,0xcc,0xcc,0xcc,0xc7,0x7a,0x77,0x77,0xc7,0xcc,0x64,0xdb,0xed,0xee,0xdc,0xcc,0x2b,0x42,0x14,0x56,
0x99,0x59,0xfa,0xef,0x9f,0x46,0x99,0x99,0x99,0xb4,0xff,0xff,0xff,0xff,0xce,0xfc,0xff,0xdd,0x5b,0xa9,0x3b,0x3f,0xd7,0x24,0x22,0x84,0x99,0x22,0x98,0xa9,0x7a,0x79,
0x22,0x22,0x22,0x22,0x24,0x82,0x8a,0xbc,0xdb,0x7d,0xb8,0xcc,0xcc,0xcc,0xcc,0xac,0xb9,0xee,0xaf,0xda,0xcc,0xec,0x45,0x64,0x59,0x99,0x99,0x99,0xff,0xff,0x9f,0x99,
0x99,0x04,0x49,0x00,0xfc,0xcc,0xcc,0xff,0xde,0xec,0xff,0xff,0x9b,0xfb,0xef,0xef,0xee,0x1e,0x22,0x52,0x58,0x22,0x23,0x64,0x58,0x24,0x22,0x22,0x22,0x22,0x22,0x22,
0x42,0xba,0xb1,0x3d,0xb2,0xbb,0xbb,0xdd,0xdd,0x4a,0x24,0xb9,0x4d,0xc9,0xcc,0xff,0xbe,0x99,0xe9,0xee,0xff,0xff,0xff,0xff,0xff,0xbe,0xeb,0x9b,0x9b,0x24,0xfb,0xcf,
0x7c,0xae,0xee,0xec,0xff,0xef,0xed,0xeb,0xfe,0xff,0xff,0x7f,0x37,0x77,0x8a,0x22,0x42,0xa9,0x9a,0x66,0x22,0x22,0x22,0x22,0x22,0x22,0x62,0x8a,0x72,0x1b,0x92,0xbb,
0xdb,0xbb,0xbb,0x44,0x3b,0x43,0xce,0xcf,0xfc,0xcc,0xff,0xff,0xbf,0xdb,0xff,0xff,0xec,0xff,0xff,0xff,0xbf,0xdb,0xbe,0xbb,0xff,0xce,0xcc,0x3c,0xcc,0xed,0xff,0xff,
0xff,0xcd,0xcc,0xcc,0xcc,0x7c,0x17,0x84,0x69,0x22,0x22,0x22,0x44,0x22,0x22,0x22,0x22,0x22,0x22,0x22,0x42,0x68,0x72,0x3b,0x82,0xcb,0xcc,0xcc,0xbc,0xb9,0xcd,0xbe,
0xee,0xee,0xcf,0xcc,0xec,0xff,0x6f,0xb8,0xff,0xf9,0x27,0xf3,0xff,0xff,0x9e,0xc4,0xff,0xff,0xff,0xce,0xff,0xce,0xcc,0xcc,0xcc,0xcc,0xbb,0x9b,0x88,0x68,0x88,0x24,
0x00,0x20,0x11,0x00,0x20,0x22,0x22,0x22,0x22,0x22,0x22,0x22,0x22,0x22,0x22,0x66,0xc1,0x37,0x77,0x77,0xc7,0xdc,0xee,0xbd,0xde,0xee,0xfc,0xff,0xcc,0xfc,0xca,0xff,
0x2f,0xb5,0xff,0xcb,0xbe,0xcc,0xec,0xff,0x9d,0xe4,0xfe,0xfb,0xa3,0xff,0xfe,0xcf,0xcc,0xcc,0xde,0xbe,0xbb,0x49,0x84,0x2a,0xb7,0x33,0x33,0x77,0x77,0x77,0x77,0x87,
0x68,0x25,0x22,0x22,0x22,0x22,0x33,0x77,0x77,0x77,0xc7,0x7c,0xc7,0xdc,0xdb,0xcd,0xdd,0xdc,0xcc,0xcc,0xff,0xcf,0xcc,0xd9,0xef,0xfe,0x2f,0xb6,0xde,0xcc,0xcb,0xfe,
0xff,0xff,0xbd,0xba,0xff,0xcc,0xcc,0xcd,0xdd,0xdd,0xcd,0xca,0xdc,0xbd,0xbb,0x09,0x10,0x73,0x77,0x77,0xc7,0xcc,0xcc,0xcc,0x48,0x42,0x55,0x22,0x10,0x73,0x77,0x77,
0x77,0x77,0x77,0xc7,0xcc,0xcc,0xcc,0xcc,0x7c,0x77,0xcc,0xcc,0x77,0xc7,0xcc,0xcc,0xec,0xcc,0xef,0xfe,0x9c,0xbb,0xed,0xfe,0xec,0xed,0xce,0xed,0xbb,0xba,0xdd,0xcc,
0xcc,0x7a,0xa7,0x7a,0x77,0x73,0xdd,0xbb,0xbb,0x29,0xa3,0xcc,0xcc,0xcc,0xcc,0xca,0xac,0x22,0x00,0x22,0x44,0x00,0x10,0x74,0x3a,0xc7,0xdd,0x7c,0x77,0xcc,0x7c,0x77,
0x77,0x77,0x77,0x77,0x77,0x77,0x77,0x77,0xcc,0xcc,0xbc,0xcc,0xed,0xcc,0xed,0xec,0xdc,0xde,0xca,0xcc,0xcc,0xbc,0x89,0x65,0xbb,0xba,0xa7,0x7a,0xa7,0x7a,0x77,0x92,
0xbb,0xbb,0xbb,0x29,0x21,0xba,0xbb,0x26,0x12,0x62,0x48,0x00,0x00,0x20,0x24,0x00,0x00,0x22,0x22,0x52,0xba,0x1c,0xb8,0xdc,0xcc,0xcc,0xcc,0x77,0xc7,0x7c,0xcc,0xcc,
0xbb,0xdd,0xdd,0x7a,0x77,0xaa,0xdb,0xbb,0x7a,0xaa,0x77,0xba,0x7a,0xa7,0xcc,0xba,0x99,0x78,0xaa,0x77,0xa9,0xab,0xba,0xab,0xab,0x77,0x77,0x77,0x77,0x77,0x77,0x77,
0x77,0x13,0x00,0x22,0x25,0x00,0x20,0x22,0x54,0x22,0x22,0x22,0x22,0x22,0x22,0x22,0x22,0xb8,0xca,0x77,0xba,0xdc,0xdd,0xee,0xdd,0x9d,0x9a,0xdb,0xcd,0x7a,0x77,0x77,
0xa7,0xaa,0x3a,0x77,0x77,0xba,0x33,0x77,0x77,0xa7,0x89,0x77,0x37,0x33,0x73,0xbc,0xeb,0xde,0xcd,0x77,0x77,0x77,0x77,0x77,0x77,0x77,0x77,0x77,0x17,0x40,0x25,0x00,
0x00,0x20,0x22,0x22,0x22,0x22,0x22,0x22,0x22,0x02,0x00,0x62,0x7a,0x22,0x84,0xdb,0xdd,0xdd,0xbd,0x16,0x79,0xaa,0x77,0x77,0x77,0x77,0xaa,0x7a,0x37,0x77,0x77,0xda,
0x7a,0x77,0x77,0x77,0x77,0x77,0x77,0x37,0xd7,0xde,0xca,0x7c,0x77,0x77,0x77,0x77,0x77,0x77,0xcc,0xcc,0xee,0x3b,0x22,0x52,0x26,0x22,0x22,0x22,0x22,0x22,0x22,0x02,
0x00,0x00,0x00,0x00,0x22,0xa4,0x2b,0x24,0x44,0xba,0xdb,0xdd,0x6d,0x32,0x77,0x77,0x77,0x77,0x77,0x77,0x77,0x77,0x37,0x77,0x77,0x77,0x9d,0xee,0xee,0xde,0xbb,0xdb,
0xdd,0xbb,0xdb,0xbe,0xeb,0xee,0xce,0xcc,0xcc,0xaa,0xbb,0xab,0xcb,0xbc,0xbc,0x26,0x22,0x82,0x58,0x44,0x44,0x54,0x99,0x88,0x45,0x24,0x22,0x11,0x22,0x22,0x44,0xa5,
0x4a,0x24,0x22,0xba,0xbb,0xdd,0xab,0x66,0x98,0xca,0xcc,0x7c,0xba,0xdd,0x7c,0x33,0x13,0xb8,0xcc,0xcc,0x8b,0xfa,0xee,0xde,0x9b,0x95,0xdd,0xbd,0xb6,0xbd,0xd8,0xdd,
0xdd,0xa6,0xbb,0xbb,0xbd,0x6b,0x56,0x94,0xaa,0x48,0x45,0x66,0x66,0x66,0x56,0x22,0x42,0x22,0x22,0x42,0x44,0xaa,0x58,0x55,0x55,0xb9,0x6b,0x45,0x55,0xbb,0xbb,0xdb,
0x9b,0x88,0x88,0xda,0xdd,0xab,0xba,0xed,0xde,0xbd,0x4b,0x98,0xba,0xeb,0xab,0xec,0xee,0xde,0x9d,0xbb,0xdb,0x9b,0xb9,0xbb,0xb5,0xdd,0xdd,0x66,0xb8,0xb9,0x9b,0x99,
0x68,0x98,0xaa,0x89,0x99,0xa9,0x9a,0x68,0x66,0x26,0x22,0x22,0x22,0x22,0x22,0x22,0x22,0x22,0x42,0x95,0x45,0x44,0x44,0xba,0xbb,0xbb,0x6b,0x44,0x65,0xa8,0xab,0xa9,
0xa9,0xdd,0xdd,0xbd,0x5b,0xb8,0xde,0xdb,0xfd,0xef,0xee,0xee,0xbd,0xbb,0xbb,0xbb,0xdb,0xbd,0xb5,0xdd,0xbd,0x88,0xb8,0xb9,0x9b,0x99,0x99,0x99,0xaa,0x89,0xaa,0x99,
0x8b,0x66,0x68,0x24,0x22,0x22,0x22,0x22,0x22,0x22,0x22,0x22,0x22,0x22,0x22,0x42,0x24,0xb9,0xbb,0xbb,0x29,0x22,0x22,0x22,0x4b,0x75,0x55,0xdb,0xbd,0xdb,0x8b,0xb9,
0xee,0xde,0xbd,0xed,0xee,0xde,0xdd,0xbd,0x66,0xbb,0xbb,0x8b,0x94,0xdb,0xad,0x99,0x99,0xbb,0x9b,0x99,0x99,0x99,0xa9,0x89,0x9a,0x58,0x56,0x44,0x44,0x44,0x24,0x22,
0x22,0x22,0x22,0x22,0x22,0x44,0x44,0x44,0x44,0x44,0x45,0xba,0xbb,0xbb,0x6b,0x66,0x66,0x88,0xbd,0xbb,0x88,0xdb,0xde,0xbd,0x9b,0xd9,0xbe,0xb9,0xed,0xee,0xef,0xde,
0xdd,0xbb,0xb9,0xbb,0xbb,0x9b,0x68,0xdb,0xbc,0x9a,0x99,0xba,0x9b,0x99,0x99,0xa9,0x9a,0x46,0x26,0x22,0x22,0x22,0x22,0x22,0x22,0x22,0x42,0x44,0x22,0x22,0x22,0x22,
0x22,0x22,0x22,0x22,0x62,0xbb,0xbb,0xbb,0x48,0x54,0x66,0x66,0x8d,0x88,0x66,0xdb,0xbb,0xdb,0xbd,0xdb,0xee,0xbb,0x77,0xe7,0xff,0xde,0xdd,0x9b,0xbb,0xdd,0xdd,0xab,
0x99,0xdb,0xdd,0xab,0xaa,0x9a,0xbb,0x89,0x58,0x95,0x48,0x22,0x22,0x22,0x22,0x22,0x22,0x22,0x22,0x22,0x22,0x22,0x22,0x22,0x22,0x22,0x22,0x22,0x22,0x22,0x62,0xbb,
0xbb,0xbb,0x2a,0x22,0x42,0x54,0x68,0x55,0x55,0xba,0xbb,0xbb,0xdd,0xdd,0xbe,0xba,0x77,0x77,0x77,0xa7,0xdd,0xbd,0xbb,0xbb,0xdd,0xab,0x9a,0xdb,0xdd,0xab,0xaa,0xba,
0x8b,0x22,0x22,0x82,0x88,0x45,0x55,0x55,0x55,0x45,0x55,0x56,0x44,0x24,0x25,0x22,0x22,0x22,0x22,0x22,0x22,0x22,0x22,0x22,0x42,0xba,0xbb,0xbb,0x27,0x42,0x66,0x66,
0x86,0x88,0x66,0xb9,0xab,0xbb,0x9b,0xb9,0xab,0x9a,0x77,0x77,0x77,0x77,0x77,0x77,0xa7,0xbb,0xbb,0xaa,0x99,0xa9,0xbb,0xab,0x89,0x88,0x66,0x56,0x55,0x85,0x99,0x48,
0x44,0x44,0x45,0x44,0x22,0x44,0x44,0x42,0x24,0x22,0x22,0x22,0x22,0x22,0x22,0x22,0x22,0x22,0x44,0xb8,0xbb,0x9b,0x26,0x22,0x42,0x44,0x65,0x68,0x88,0xda,0xbd,0xbb,
0xbb,0xbb,0xbb,0xaa,0x77,0x77,0x77,0x77,0x77,0x37,0x33,0x77,0xab,0xaa,0xaa,0xdb,0xdd,0x9d,0x88,0x68,0x45,0x24,0x22,0x42,0x98,0x28,0x22,0x22,0x22,0x22,0x22,0x22,
0x22,0x22,0x22,0x22,0x00,0x00,0x00,0x02,0x00,0x22,0x02,0x00,0x22,0x82,0x99,0x28,0x22,0x22,0x66,0x66,0x88,0x89,0x88,0xdb,0xdd,0xdd,0xdd,0xdd,0xab,0xaa,0x77,0x77,
0x77,0x77,0x77,0xc7,0xdd,0xbe,0xab,0xaa,0xaa,0xba,0xdd,0x9b,0x99,0x88,0x88,0x68,0x66,0x55,0x99,0x49,0x44,0x54,0x55,0x44,0x44,0x44,0x55,0x55,0x55,0x45,0x44,0x44,
0x22,0x22,0x44,0x34,0x7c,0x33,0x44,0x65,0x88,0x68,0x55,0x65,0x88,0x87,0xa7,0x7c,0x77,0x77,0xc7,0xcc,0xdd,0xdd,0xbb,0xbb,0x77,0x77,0x77,0xfc,0xee,0xed,0xed,0xad,
0xaa,0xaa,0xaa,0xba,0xdd,0xac,0x99,0x99,0x88,0x68,0x56,0x55,0x66,0x45,0x44,0x44,0x44,0x44,0x44,0x44,0x55,0x55,0x55,0x55,0x45,0x64,0x86,0xac,0xc9,0xb7,0xce,0xcc,
0xac,0x66,0x88,0x88,0xa8,0xaa,0xcc,0x7c,0xcc,0x7c,0x77,0x77,0x77,0x77,0xcc,0xbd,0xbb,0xbb,0xff,0xef,0xcc,0xcc,0xdd,0x6d,0xba,0xcb,0xaa,0xaa,0xaa,0xba,0xdd,0xbd,
0x99,0x99,0x89,0x88,0x88,0x66,0x98,0x59,0x44,0x44,0x44,0x44,0x44,0x55,0x55,0x55,0x55,0x55,0x45,0x44,0x44,0x55,0x55,0x55,0x66,0x86,0x66,0xc6,0x7c,0x77,0x98,0xcc,
0xcc,0xcc,0xcc,0xcc,0x7c,0x77,0x77,0xcc,0xcc,0xbd,0xbb,0xbb,0xee,0xcd,0x7c,0x77,0x77,0x77,0x77,0x77,0x77,0x77,0x77,0x77,0xcc,0xac,0x88,0x88,0x88,0x88,0x88,0x88,
0xa9,0x89,0x66,0x54,0x44,0x44,0x55,0x55,0x55,0x55,0x55,0x55,0x45,0x44,0x44,0x44,0x44,0x22,0x22,0x22,0x22,0x62,0x6a,0x55,0x55,0x55,0x88,0x98,0xbb,0xbb,0x7a,0xdc,
0xde,0xee,0xee,0x7e,0x77,0x77,0xed,0xce,0xcc,0xcc,0xcc,0x77,0x77,0xaa,0x77,0x77,0x77,0x77,0x77,0x77,0x77,0x33,0x88,0x88,0x88,0x98,0xca,0xcc,0x7c,0xc7,0x7c,0x77,
0x77,0x88,0x66,0x56,0x55,0x55,0x44,0x44,0x44,0x22,0x22,0x22,0x22,0x22,0x00,0x22,0x22,0x22,0x22,0x22,0x22,0x62,0x88,0x88,0x66,0xb9,0xbb,0xdd,0xdd,0x7c,0x77,0x77,
0xee,0xee,0xff,0xad,0xaa,0xaa,0x77,0x77,0x77,0x77,0x77,0x77,0xcc,0xcc,0x77,0x77,0x77,0x37,0x88,0x88,0xb9,0xcb,0xcc,0xac,0xaa,0xba,0xaa,0xaa,0x99,0x89,0x88,0x66,
0x45,0x24,0x22,0x22,0x22,0x22,0x22,0x44,0x44,0x24,0x22,0x44,0x54,0x65,0x66,0x66,0x98,0x99,0x86,0xb8,0xbb,0xdb,0xdd,0xad,0xca,0x7c,0xab,0xcb,0xcc,0xaa,0xaa,0xaa,
0x7a,0x77,0x77,0xc7,0x7c,0xba,0xbb,0xbb,0x88,0x77,0x77,0x77,0x77,0x77,0x97,0x99,0xaa,0x89,0x88,0x88,0x88,0x88,0x66,0x56,0x55,0x54,0x54,0x55,0x55,0x55,0x44,0x44,
0x44,0x44,0x22,0x22,0x22,0x22,0x22,0x42,0x65,0x66,0x98,0x99,0x88,0xb8,0xdb,0xdd,0xdd,0x9b,0xa9,0xdb,0x7a,0x78,0xaa,0xaa,0xaa,0xaa,0xac,0x7a,0xca,0xcc,0x7c,0x7c,
0xcc,0xcc,0x77,0x77,0x77,0xca,0xaa,0xcc,0x6a,0x55,0x55,0x44,0x55,0x66,0x66,0x66,0x88,0x68,0x66,0x66,0x66,0x66,0x45,0x44,0x54,0x44,0x44,0x24,0x44,0x24,0x22,0x44,
0x44,0x54,0x66,0x66,0x86,0x89,0x88,0xb8,0xdb,0xdd,0xdd,0x8d,0x98,0xba,0x77,0x77,0x7a,0x77,0x77,0xa7,0xca,0xcc,0xbb,0xcc,0xac,0xcc,0xca,0xcc,0x77,0x77,0x77,0xba,
0xa7,0x8a,0x55,0x55,0x55,0x44,0x44,0x54,0x55,0x66,0x55,0x44,0x44,0x24,0x42,0x22,0x22,0x22,0x42,0x42,0x44,0x44,0x54,0x55,0x55,0x45,0x44,0x54,0x55,0x55,0x66,0x66,
0x66,0xb9,0xbb,0xdd,0xdd,0x8a,0x78,0xa7,0x77,0x77,0xa7,0x73,0x77,0x77,0xaa,0xcc,0xac,0xaa,0xcc,0x7c,0xaa,0xba,0x77,0x77,0x77,0x77,0x37,0x33,0x67,0x66,0x66,0x66,
0x66,0x66,0x66,0x66,0x66,0x66,0x46,0x44,0x44,0x42,0x44,0x44,0x24,0x42,0x55,0x55,0x55,0x55,0x55,0x44,0x22,0x22,0x44,0x24,0x34,0x33,0x77,0xc7,0xba,0xbb,0xbb,0xca,
0xcc,0xcc,0xc7,0x77,0xa7,0x39,0x7a,0xc7,0xcc,0x7c,0x77,0xac,0xaa,0x7c,0x77,0xaa,0xcc,0xcc,0xac,0xaa,0x99,0x97,0x89,0x66,0x66,0x66,0x66,0x66,0x66,0x56,0x65,0x66,
0x55,0x55,0x45,0x54,0x55,0x55,0x44,0x55,0x55,0x65,0x66,0x55,0x55,0x55,0x55,0x55,0x74,0x77,0xcc,0xcc,0xcc,0xc7,0xcc,0xaa,0x9a,0xa9,0xca,0xcc,0x7c,0x77,0xa7,0x7b,
0x7c,0xc7,0xec,0x7c,0x77,0xac,0xca,0x7c,0x77,0x77,0x77,0xdc,0xbd,0x89,0x88,0x58,0x88,0x88,0x66,0x66,0x66,0x66,0x98,0x66,0x55,0x55,0x55,0x55,0x55,0x55,0x55,0x65,
0x55,0x55,0x55,0x66,0x66,0x55,0x55,0x55,0x65,0x36,0x73,0xcc,0xcc,0xcc,0xcc,0xcc,0xcc,0xcc,0x7a,0xaa,0x99,0x99,0x7a,0x77,0xcc,0xdd,0xcc,0xcc,0xef,0xcc,0x7c,0xcc,
0xcc,0x7c,0xcc,0xcc,0xbb,0xbb,0x9b,0x88,0x99,0x89,0x88,0x66,0x66,0x66,0x86,0x66,0x88,0x88,0x66,0x56,0x55,0x65,0x37,0x73,0x58,0x66,0x66,0x66,0x66,0x66,0x66,0x66,
0x55,0x55,0xa6,0xd7,0xed,0xce,0xcc,0xcc,0xcc,0xcc,0xcc,0xcc,0xcc,0xcc,0x89,0x98,0xaa,0xaa,0xbc,0xed,0xbd,0xfb,0xef,0xcc,0xcc,0xec,0xdd,0xdd,0xbb,0x9b,0x99,0xba,
0x9b,0x99,0xba,0xab,0x7a,0x66,0x45,0x55,0x55,0x55,0x66,0x66,0x55,0x45,0x75,0xa7,0xcc,0xc7,0x7a,0x55,0x55,0x65,0x66,0x66,0x66,0x86,0xa8,0x8a,0x9a,0x79,0xb8,0xed,
0xcf,0xcc,0xcc,0xce,0xcc,0xcc,0xad,0x8a,0x88,0x88,0xbc,0x89,0xfd,0xfd,0x5a,0xf4,0xef,0xdd,0xbd,0xab,0xaa,0x9a,0x99,0x99,0x88,0xdb,0xdd,0x8a,0x88,0x89,0x88,0x88,
0x66,0x66,0x56,0x55,0x65,0x66,0x55,0x18,0xc7,0xcc,0x7c,0xc7,0xcc,0xa7,0x57,0x55,0x65,0x66,0x88,0x88,0x88,0x68,0x88,0x88,0x86,0xa8,0xdd,0xbb,0xcc,0xcd,0xac,0xaa,
0x89,0x88,0x88,0xca,0xac,0xbc,0xfa,0xff,0xeb,0xfd,0x6f,0x86,0x89,0x98,0xa9,0x9a,0x99,0x88,0x88,0xb9,0x9b,0x88,0x88,0x88,0x88,0x88,0x88,0x88,0x88,0x66,0x88,0x68,
0x86,0x78,0xba,0xcb,0xef,0xee,0xce,0xcc,0x4b,0x55,0x66,0x66,0x88,0x88,0x88,0x86,0x88,0x68,0x86,0x88,0x79,0x66,0xa8,0xcc,0x8a,0x89,0x89,0xd8,0x8d,0xcb,0xcc,0xcc,
0xfe,0xff,0xfe,0xef,0xbf,0xea,0x99,0xaa,0xeb,0x8c,0x98,0x68,0x88,0xa8,0x9a,0x88,0x88,0x88,0x88,0x88,0x88,0x88,0x88,0xca,0xcc,0xcc,0x6a,0x56,0x55,0x95,0xcc,0xcc,
0x7c,0x68,0x66,0x66,0x88,0x88,0x88,0x88,0x88,0x68,0x66,0x88,0x86,0x88,0x66,0x55,0x86,0xe9,0x8a,0x88,0x88,0xf9,0xdf,0x98,0xcc,0xee,0xff,0xff,0xfe,0xef,0xff,0xcf,
0xda,0xda,0xff,0x8d,0xab,0x89,0x9c,0xa8,0x99,0x8a,0x88,0x88,0x88,0x88,0x88,0x88,0x88,0x98,0xbb,0x9b,0x68,0x66,0x55,0x85,0x97,0xab,0x87,0x66,0x86,0x88,0x88,0x88,
0x88,0x88,0x88,0x88,0x98,0x89,0x88,0x88,0x66,0x55,0x65,0xb6,0x9d,0x98,0xcd,0x9a,0xef,0x99,0xcc,0xcf,0xee,0xff,0xff,0xcc,0xff,0xff,0xef,0xfc,0xff,0xbc,0xdb,0xee,
0x8e,0xb6,0x8b,0xac,0x88,0x88,0x88,0x88,0x88,0xa9,0x99,0x89,0x88,0x88,0x98,0x99,0x99,0x88,0x98,0xac,0x88,0x88,0x88,0x99,0x99,0x88,0x98,0x99,0x99,0x99,0x99,0x99,
0x88,0x88,0x88,0x8c,0xb6,0xb8,0xaf,0xab,0xdd,0xee,0xff,0xef,0xff,0xee,0xfc,0xcc,0xff,0xcf,0xfc,0xff,0xff,0xfe,0xbf,0xee,0xd9,0xeb,0x8a,0x88,0xee,0xab,0x88,0x88,
0x88,0x88,0x88,0x99,0x88,0x89,0x99,0x99,0x99,0x99,0x88,0x68,0x86,0x9a,0x88,0x88,0x88,0x88,0x88,0x68,0x66,0x66,0x66,0x66,0x86,0x88,0x88,0x88,0x66,0x9a,0xee,0xae,
0xbf,0xbe,0xb8,0xee,0xfe,0xdf,0xff,0xcd,0xfc,0xcf,0xfc,0xff,0xcc,0xff,0xff,0xff,0xff,0xef,0xee,0xee,0x8b,0xea,0xae,0x88,0x88,0x88,0x98,0x99,0x99,0x89,0x88,0x98,
0x89,0x99,0x98,0x99,0x89,0x89,0x88,0x88,0x88,0x88,0x88,0x88,0x88,0x88,0x88,0x88,0x88,0x66,0x66,0x55,0x56,0x55,0x66,0x66,0xb9,0xef,0xff,0xef,0x69,0xdb,0xfe,0xcf,
0xff,0xcf,0xfc,0xdf,0xcc,0xff,0xff,0xfc,0xff,0xcc,0xcc,0xff,0xff,0xff,0xbe,0xff,0x8b,0x88,0x88,0x88,0x88,0x98,0x99,0x89,0x88,0x98,0x89,0x88,0x89,0x99,0x99,0x99,
0x89,0x88,0x88,0x88,0x88,0x88,0x88,0x88,0x88,0x88,0x88,0x88,0x88,0x88,0x86,0x77,0x87,0xae,0x98,0xfe,0xff,0xff,0xcf,0xcc,0xfe,0xcf,0xff,0xef,0xfc,0xef,0xcc,0xfd,
0xff,0xfe,0xcc,0xcc,0xcc,0xfc,0xff,0xef,0xfe,0xef,0x99,0xcd,0x88,0x88,0x88,0x98,0x99,0x99,0x89,0x98,0x89,0x98,0x89,0x88,0x88,0x88,0x88,0x88,0x88,0x88,0x88,0x88,
0x88,0x88,0x88,0x88,0x88,0x88,0x88,0x98,0xcc,0xcc,0xcc,0xff,0xbb,0xff,0xff,0xff,0xdf,0xcc,0xfd,0xff,0xff,0xff,0xfe,0xff,0xce,0xec,0xff,0xef,0xcc,0xfc,0xcf,0xcc,
0xff,0xef,0xfe,0xdf,0xfa,0xde,0x88,0x88,0x99,0x99,0x99,0x99,0x99,0x88,0x89,0x88,0x88,0x88,0x66,0x66,0x55,0x65,0x88,0x88,0x88,0x88,0x88,0x88,0x88,0x88,0x88,0x88,
0x88,0x88,0xcb,0xce,0xdc,0xdb,0xff,0xff,0xff,0xff,0xff,0xef,0xff,0xff,0xfc,0xff,0xff,0xff,0xef,0xcd,0xff,0xff,0xfc,0xcf,0xff,0xce,0xfc,0xff,0xff,0xde,0xff,0x8b,
0x88,0x88,0x99,0x99,0x99,0x99,0x89,0x88,0x88,0x88,0x88,0x88,0x88,0x88,0x66,0x86,0x88,0x88,0x88,0x88,0x88,0x88,0x88,0x88,0x88,0x88,0x88,0x88,0x88,0xaa,0x9b,0xe8,
0xff,0xff,0xff,0xff,0xfe,0xff,0xff,0xff,
},
{ // ground
0xbb,0xbb,0xbb,0xbb,0xbb,0xbb,0xbb,0xbb,0xbb,0xbb,0xbb,0xbb,0xbb,0xbb,0xbb,0xbb,0xbb,0xbb,0xbb,0xbb,0xbb,0xbb,0xbb,0xbb,0xbb,0xbb,0xbb,0xbb,0xbb,0xbb,0xbb,0xbb,
0xbb,0xbb,0xbb,0xbb,0xbb,0xbb,0xbb,0xbb,0xbb,0xbb,0xbb,0xbb,0xbb,0xbb,0xbb,0xbb,0xbb,0xbb,0xbb,0xbb,0xbb,0xbb,0xbb,0xbb,0xbb,0xbb,0xbb,0xbb,0xbb,0xbb,0xbb,0xbb,
0xbb,0xbb,0xbb,0xbb,0xbb,0xbb,0xbb,0xbb,0xbb,0xbb,0xbb,0xbb,0xbb,0xbb,0xbb,0xbb,0xbb,0xbb,0xbb,0xbb,0xbb,0xbb,0xbb,0xbb,0xbb,0xbb,0xbb,0xbb,0xbb,0xbb,0xbb,0xbb,
0xbb,0xbb,0xbb,0xbb,0xbb,0xbb,0xbb,0xbb,0xbb,0xbb,0xbb,0xbb,0xbb,0xbb,0xbb,0xbb,0xbb,0xbb,0xbb,0xbb,0xbb,0xbb,0xbb,0xbb,0xbb,0xbb,0xbb,0xbb,0xbb,0xbb,0xbb,0xbb,
0xbb,0xbb,0xbb,0xbb,0xbb,0xbb,0xbb,0xbb,0xbb,0xbb,0xbb,0xbb,0xbb,0xbb,0xbb,0xbb,0xbb,0xbb,0xbb,0xbb,0xbb,0xbb,0xbb,0xbb,0xbb,0xbb,0xbb,0xbb,0xbb,0xbb,0xbb,0xbb,
0xbb,0xbb,0xbb,0xbb,0xbb,0xbb,0xbb,0xbb,0xbb,0xbb,0xbb,0xbb,0xbb,0xbb,0xbb,0xbb,0xbb,0xbb,0xbb,0xbb,0xbb,0xbb,0xbb,0xbb,0xbb,0xbb,0xbb,0xbb,0xbb,0xbb,0xbb,0xbb,
0xbb,0xbb,0xbb,0xbb,0xbb,0xbb,0xbb,0xbb,0xbb,0xbb,0xbb,0xbb,0xbb,0xbb,0xbb,0xbb,0xbb,0xbb,0xbb,0xbb,0xbb,0xbb,0xbb,0xbb,0xbb,0xbb,0xbb,0xbb,0xbb,0xbb,0xbb,0xbb,
0xbb,0xbb,0xbb,0xbb,0xbb,0xbb,0xbb,0xbb,0xbb,0xbb,0xbb,0xbb,0xbb,0xbb,0xbb,0xbb,0xbb,0xbb,0xbb,0xbb,0xbb,0xbb,0xbb,0xbb,0xbb,0xbb,0xbb,0xbb,0xbb,0xbb,0xbb,0xbb,
0xbb,0xbb,0xbb,0xbb,0xbb,0xbb,0xbb,0xbb,0xbb,0xbb,0xbb,0xbb,0xbb,0xbb,0xbb,0xbb,0xbb,0xbb,0xbb,0xbb,0xbb,0xbb,0xbb,0xbb,0xbb,0xbb,0xbb,0xbb,0xbb,0xbb,0xbb,0xbb,
0xbb,0xbb,0xbb,0xbb,0xbb,0xbb,0xbb,0xbb,0xbb,0xbb,0xbb,0xbb,0xbb,0xbb,0xbb,0xbb,0xbb,0xbb,0xbb,0xbb,0xbb,0xbb,0xbb,0xbb,0xbb,0xbb,0xbb,0xbb,0xbb,0xbb,0xbb,0xbb,
0xbb,0xbb,0xbb,0xbb,0xbb,0xbb,0xbb,0xbb,0xbb,0xbb,0xbb,0xbb,0xbb,0xbb,0xbb,0xbb,0xbb,0xbb,0xbb,0xbb,0xbb,0xbb,0xbb,0xbb,0xbb,0xbb,0xbb,0xbb,0xbb,0xbb,0xbb,0xbb,
0xbb,0xbb,0xbb,0xbb,0xbb,0xbb,0xbb,0xbb,0xbb,0xbb,0xbb,0xbb,0xbb,0xbb,0xbb,0xbb,0xbb,0xbb,0xbb,0xbb,0xbb,0xbb,0xbb,0xbb,0xbb,0xbb,0xbb,0xbb,0xbb,0xbb,0xbb,0xbb,
0xbb,0xbb,0xbb,0xbb,0xbb,0xbb,0xbb,0xbb,0xbb,0xbb,0xbb,0xbb,0xbb,0xbb,0xbb,0xbb,0xbb,0xbb,0xbb,0xbb,0xbb,0xbb,0xbb,0xbb,0xbb,0xbb,0xbb,0xbb,0xbb,0xbb,0xbb,0xbb,
0xbb,0xbb,0xbb,0xbb,0xbb,0xbb,0xbb,0xbb,0xbb,0xbb,0xbb,0xbb,0xbb,0xbb,0xbb,0xbb,0xbb,0xbb,0xbb,0xbb,0xbb,0xbb,0xbb,0xbb,0xbb,0xbb,0xbb,0xbb,0xbb,0xbb,0xbb,0xbb,
0xbb,0xbb,0xbb,0xbb,0xbb,0xbb,0xbb,0xbb,0xbb,0xbb,0xbb,0xbb,0xbb,0xbb,0xbb,0xbb,0xbb,0xbb,0xbb,0xbb,0xbb,0xbb,0xbb,0xbb,0xbb,0xbb,0xbb,0xbb,0xbb,0xbb,0xbb,0xbb,
0xbb,0xbb,0xbb,0xbb,0xbb,0xbb,0xbb,0xbb,0xbb,0xbb,0xbb,0xbb,0xbb,0xbb,0xbb,0xbb,0xbb,0xbb,0xbb,0xbb,0xbb,0xbb,0xbb,0xbb,0xbb,0xbb,0xbb,0xbb,0xbb,0xbb,0xbb,0xbb,
0xbb,0x6b,0x66,0xb7,0xbb,0xbb,0xbb,0xbb,0xbb,0xbb,0x7b,0xbb,0xbb,0xbb,0xbb,0xbb,0xbb,0xbb,0xbb,0xbb,0xbb,0xbb,0xbb,0xbb,0xbb,0xbb,0xbb,0xbb,0xbb,0xbb,0xbb,0xbb,
0xbb,0xbb,0xbb,0xbb,0xbb,0xbb,0xbb,0xbb,0xbb,0xbb,0xbb,0xbb,0xbb,0xbb,0xbb,0xbb,0xbb,0xbb,0xbb,0xbb,0xbb,0xbb,0xbb,0xbb,0xbb,0xbb,0x7b,0x66,0x66,0x66,0xbb,0xbb,
0xbb,0xbb,0xbb,0xbb,0xbb,0xbb,0xbb,0xbb,0xbb,0xbb,0xbb,0xbb,0xbb,0xbb,0xbb,0xbb,0xbb,0xbb,0xbb,0xbb,0xbb,0xbb,0xbb,0xbb,0xbb,0xbb,0xbb,0xbb,0xbb,0xbb,0xbb,0xbb,
0xbb,0xbb,0xbb,0xbb,0xbb,0xbb,0xbb,0xbb,0xbb,0xbb,0xbb,0xbb,0xbb,0xbb,0xbb,0xbb,0xbb,0xbb,0xbb,0xbb,0x67,0x66,0x66,0x66,0x76,0xbb,0xbb,0xbb,0xbb,0xbb,0xbb,0xbb,
0xbb,0xbb,0xbb,0xbb,0xbb,0xbb,0xbb,0xbb,0xbb,0xbb,0xbb,0xbb,0xbb,0xbb,0xbb,0xbb,0xbb,0xbb,0xbb,0xbb,0xbb,0xbb,0xbb,0xbb,0xbb,0xbb,0xbb,0xbb,0xbb,0xbb,0xbb,0xbb,
0xbb,0xbb,0xbb,0xbb,0xbb,0xbb,0xbb,0xbb,0xbb,0xbb,0xbb,0xbb,0xbb,0x7b,0x66,0x66,0x66,0x66,0x66,0xbb,0xbb,0xbb,0xbb,0xbb,0xbb,0xbb,0x7b,0xae,0xdd,0x3d,0xa3,0xb7,
0xbb,0xbb,0xbb,0xbb,0xbb,0xbb,0xbb,0xbb,0xbb,0xbb,0xbb,0xbb,0xbb,0xbb,0xbb,0xbb,0xbb,0xbb,0xbb,0xbb,0xbb,0xbb,0xbb,0xbb,0xbb,0xbb,0xbb,0xbb,0xbb,0xbb,0xbb,0xbb,
0xbb,0xbb,0xbb,0xbb,0xbb,0xbb,0x7b,0x7b,0x66,0x66,0x66,0x66,0x66,0xb6,0x77,0xb7,0xbb,0xbb,0xbb,0xbb,0xda,0xdd,0xdd,0x3d,0x83,0xac,0xb7,0xbb,0xbb,0xbb,0xbb,0xbb,
0xbb,0xbb,0xbb,0xbb,0xbb,0xbb,0x67,0x76,0xbb,0xbb,0xbb,0xbb,0xbb,0xbb,0xbb,0xbb,0xbb,0xbb,0xbb,0xbb,0xbb,0xbb,0xbb,0xbb,0xbb,0xbb,0xbb,0xbb,0xbb,0xbb,0xbb,0xbb,
0x66,0x76,0x66,0x66,0x66,0x66,0x66,0x76,0x66,0x76,0xbb,0xbb,0xa7,0xaa,0xdd,0xdd,0xdd,0x3d,0x89,0x39,0xb5,0xbb,0xbb,0xbb,0xbb,0xbb,0xbb,0xbb,0xbb,0xbb,0xbb,0x6b,
0x66,0x66,0xb6,0xbb,0xbb,0xbb,0xbb,0xbb,0xbb,0xbb,0xbb,0xbb,0xbb,0xbb,0xbb,0xbb,0xbb,0xbb,0xbb,0xbb,0xbb,0xbb,0xbb,0xbb,0xbb,0x6b,0x66,0x66,0x66,0x66,0x66,0x66,
0x66,0x66,0x66,0x66,0xbb,0xbb,0xdd,0xcd,0xdd,0xdd,0xdd,0x5d,0x95,0x89,0xd5,0x3d,0xba,0xbb,0xbb,0xbb,0xbb,0xbb,0xbb,0xbb,0xbb,0x66,0x66,0x66,0x66,0xb7,0xbb,0xbb,
0xbb,0xbb,0xbb,0xbb,0xbb,0xbb,0xbb,0xbb,0xbb,0xbb,0xbb,0xbb,0xbb,0xbb,0xbb,0xbb,0xbb,0xbb,0xbb,0x67,0x66,0x66,0x66,0x66,0x66,0x66,0x66,0x66,0x66,0x66,0xb7,0xbb,
0xdd,0xdc,0xdd,0xdd,0xdd,0x8d,0x88,0x85,0xd8,0x3c,0xa3,0xb7,0xbb,0xbb,0xbb,0xbb,0xbb,0x7b,0x76,0x66,0x66,0x66,0x66,0xb6,0xbb,0xbb,0xbb,0xbb,0xbb,0xbb,0xbb,0xbb,
0xbb,0xbb,0xbb,0xbb,0xbb,0xbb,0xbb,0xbb,0xbb,0xbb,0xbb,0xbb,0xbb,0x67,0x66,0x66,0x66,0x66,0x66,0x66,0x66,0x66,0x66,0x66,0x76,0xbb,0xdd,0xdc,0xdd,0xdd,0xdd,0xcd,
0x39,0x33,0xd8,0x38,0x33,0xb7,0xbb,0xbb,0xbb,0xbb,0xbb,0x66,0x66,0x66,0x66,0x66,0x66,0xb7,0x67,0xb7,0xbb,0xbb,0xbb,0xbb,0xbb,0xbb,0xbb,0xbb,0xbb,0xbb,0xbb,0xbb,
0xbb,0xbb,0xbb,0xbb,0xbb,0xbb,0xbb,0x67,0x66,0x66,0x66,0x66,0x66,0x66,0x66,0x66,0x66,0x66,0x76,0xbb,0xdd,0xdd,0xdd,0xdd,0xdd,0x89,0x3c,0x33,0xd9,0x9d,0x38,0x77,
0x77,0x77,0x77,0x77,0x77,0x66,0x66,0x66,0x66,0x66,0x66,0x66,0x66,0x76,0xbb,0xbb,0xbb,0xbb,0xbb,0xbb,0xbb,0xbb,0xbb,0xbb,0xbb,0xbb,0xbb,0xbb,0xbb,0xbb,0x7b,0x77,
0xbb,0x7b,0x66,0x66,0x66,0x66,0x66,0x66,0x66,0x66,0x66,0x66,0xb6,0xbb,0xdd,0xdd,0xdd,0xdd,0xcd,0x3c,0x89,0x38,0xf9,0x9c,0x89,0x7a,0x77,0x77,0x77,0x77,0x67,0x66,
0x66,0x66,0x66,0x66,0x66,0x66,0x66,0x66,0xbb,0xbb,0xbb,0xbb,0xbb,0xbb,0xbb,0xbb,0xbb,0xbb,0xbb,0xbb,0xbb,0x7b,0x77,0x77,0x77,0x77,0x77,0x7b,0x67,0x66,0x66,0x66,
0x66,0x66,0x66,0x66,0x66,0x66,0x77,0x77,0xdd,0xdd,0xdd,0xdd,0xdd,0x8d,0x88,0x85,0xfc,0x99,0x33,0x7a,0x77,0x77,0x77,0x77,0x67,0x66,0x66,0x66,0x66,0x66,0x66,0x66,
0x66,0x66,0x77,0x77,0x77,0x77,0x77,0x77,0x77,0xb7,0x77,0x77,0x77,0x77,0x77,0x77,0x77,0x77,0x77,0x77,0x77,0x77,0x67,0x66,0x66,0x66,0x66,0x66,0x66,0x66,0x66,0x66,
0x76,0x77,0xdd,0xdd,0xdd,0xdd,0xdd,0x8d,0x88,0x88,0xfc,0x88,0x38,0x75,0x77,0x77,0x77,0x77,0x77,0x66,0x66,0x66,0x66,0x66,0x66,0x66,0x66,0x66,0x76,0x77,0x77,0x77,
0x77,0x77,0x77,0x77,0x77,0x77,0x77,0x77,0x77,0x77,0x77,0x77,0x77,0x66,0x76,0x67,0x66,0x66,0x66,0x66,0x46,0x4a,0x44,0x66,0x66,0x66,0x66,0x76,0xdd,0xdd,0xdd,0xdd,
0xdd,0x8d,0x38,0x88,0xd3,0x88,0x3c,0x73,0x77,0x77,0x66,0x77,0x77,0x66,0x66,0x66,0x66,0x66,0x66,0x66,0x66,0x66,0x77,0x77,0x77,0x77,0x77,0x77,0x77,0x77,0x77,0x77,
0x77,0x77,0x77,0x77,0x77,0x77,0x67,0x66,0x66,0x66,0x66,0x66,0x66,0x66,0xdd,0x8c,0x33,0x43,0x66,0x66,0x66,0x66,0xdd,0xdd,0xdd,0xdd,0xdd,0x8d,0x38,0x38,0xd3,0x88,
0x3c,0x78,0x77,0x67,0x66,0x76,0x66,0x66,0x66,0x66,0x66,0x66,0x66,0x66,0x66,0x76,0x77,0x77,0x77,0x77,0x77,0x77,0x77,0x77,0x77,0x77,0x77,0x77,0x77,0x77,0x77,0x77,
0x67,0x66,0x66,0x66,0x66,0x66,0x66,0xd6,0xdd,0xcd,0x38,0x33,0x64,0x66,0x66,0x66,0xdd,0xdd,0xdd,0xdd,0xdd,0xcd,0x99,0x39,0xd3,0x39,0x99,0x43,0x77,0x66,0x66,0x66,
0x66,0x66,0x66,0x66,0x66,0x66,0x66,0x66,0x66,0x76,0x77,0x77,0x77,0x77,0x77,0x77,0x77,0x77,0x77,0x77,0x77,0x77,0x67,0x66,0x76,0x77,0x67,0x66,0x66,0x66,0x66,0x66,
0x66,0xda,0xdd,0xdd,0x39,0x33,0x65,0x66,0x66,0x66,0xdd,0xdd,0xdd,0xdd,0xdd,0xdd,0xc9,0x89,0xd3,0x8d,0x98,0x43,0x66,0xa6,0x64,0x66,0x66,0x66,0x66,0x66,0x66,0x66,
0x66,0x66,0x66,0x76,0x67,0x66,0x77,0x77,0x77,0x77,0x77,0x77,0x77,0x77,0x77,0x67,0x66,0x66,0x66,0x77,0x67,0x66,0x66,0x66,0x66,0x66,0x66,0xda,0xdd,0xdd,0xcc,0x38,
0x65,0x66,0x66,0x66,0xdd,0xdd,0xdd,0xdd,0x3d,0xfc,0xcc,0xc9,0xd9,0x8d,0x98,0x49,0x66,0xda,0x8c,0x64,0x66,0x66,0x66,0x66,0x66,0x66,0x66,0x66,0x66,0x66,0x66,0x66,
0x76,0x77,0x77,0x77,0x67,0x77,0x77,0x77,0x77,0x67,0x66,0x66,0x66,0x77,0x66,0x66,0x66,0x66,0x66,0x66,0x66,0xda,0xdd,0x8d,0xd8,0x99,0x65,0x66,0x66,0x66,0xdd,0xdd,
0xdd,0xdd,0x8d,0xc3,0xdd,0xd9,0xd9,0x9d,0xd9,0x99,0x64,0xda,0x3d,0x64,0x66,0x66,0x66,0x66,0x66,0x66,0x66,0x66,0x66,0x66,0x66,0x66,0x76,0x77,0x77,0x67,0x66,0x76,
0x77,0x77,0x77,0x67,0x66,0x66,0x66,0x66,0x66,0x66,0x66,0x66,0x66,0x66,0x66,0xdd,0xdd,0xcd,0x88,0x8c,0x62,0x66,0x66,0x66,0xdd,0xdd,0xdd,0xdd,0x8d,0x23,0xdd,0xdd,
0xdc,0x8f,0xc9,0x89,0x41,0xdd,0x3d,0x61,0x66,0x66,0x66,0x66,0x66,0x66,0x66,0x66,0x66,0x66,0x66,0x66,0x66,0x77,0x77,0x66,0x66,0x66,0x77,0x67,0x66,0x66,0x66,0x66,
0x66,0x66,0x66,0x66,0x66,0x66,0x66,0x66,0x66,0xdd,0xdd,0xdd,0x38,0x8c,0x43,0x66,0x66,0x66,0xdd,0xdd,0xdd,0xdd,0xcd,0x38,0xc3,0x2c,0xc9,0x8f,0x98,0x8c,0xa8,0xdd,
0x9d,0x64,0x66,0x66,0x66,0x66,0x66,0x66,0x66,0x66,0x66,0x66,0x66,0x66,0x76,0x66,0x66,0x66,0x66,0x66,0x77,0x67,0x66,0x66,0x66,0x66,0x66,0x66,0x66,0x66,0x66,0x66,
0x66,0x66,0x66,0xdd,0xdd,0xdd,0x88,0x89,0x49,0x66,0x66,0xda,0xdd,0xdd,0xdd,0xdd,0xcd,0x88,0xcc,0x23,0x33,0x8c,0x98,0x9c,0xd9,0xdd,0xcd,0x62,0x66,0x66,0x66,0x66,
0x66,0x66,0x66,0x66,0x66,0x66,0x66,0x66,0x66,0x66,0x66,0x66,0x66,0x66,0x66,0x66,0x66,0x66,0x66,0x66,0x66,0x76,0x7b,0x77,0x66,0x66,0x66,0x66,0x66,0xdd,0xdd,0xdd,
0x88,0x89,0x49,0x66,0xa6,0xdd,0xdd,0xdd,0xdc,0xdd,0x3c,0x85,0xcd,0x89,0x93,0xcc,0x38,0xcc,0xdc,0xdf,0xcc,0x49,0x66,0x66,0x66,0xa6,0x1a,0x66,0x66,0x66,0x66,0x66,
0x66,0x66,0x66,0x66,0x66,0x66,0x66,0x66,0x66,0x66,0x66,0x66,0x66,0x66,0x76,0x77,0x7b,0x77,0x77,0x66,0x66,0x66,0x66,0xdd,0xdd,0xcc,0x88,0x89,0x48,0x66,0xa6,0xdd,
0xdd,0xdd,0xdd,0xdd,0xcd,0x52,0xdd,0x99,0x93,0xd8,0x39,0x98,0xc8,0xdf,0x9d,0x49,0x66,0x66,0x66,0xaa,0x9d,0x43,0x66,0x66,0x66,0x66,0x66,0x66,0x66,0x66,0x66,0x66,
0x66,0x66,0x66,0x66,0x66,0x66,0x66,0x77,0x77,0x77,0x77,0x77,0x77,0x77,0x67,0x66,0x66,0xdd,0xdd,0xdc,0x8c,0x89,0x48,0x66,0xd7,0xcd,0xdd,0xfd,0xdd,0xdd,0xdd,0x83,
0xdc,0x99,0x88,0xc8,0x89,0xc9,0x38,0xdc,0xcd,0x5c,0x66,0x66,0x66,0xaa,0x8d,0x15,0x66,0x66,0x66,0x66,0x66,0x66,0x66,0x66,0x66,0x66,0x66,0x66,0x66,0x66,0x66,0x66,
0x77,0x77,0x77,0x77,0x77,0x77,0x77,0x77,0x77,0x77,0xa6,0xdd,0xdd,0xdd,0xcd,0x99,0xa9,0x77,0xda,0xdd,0xdd,0xdd,0xdd,0x8d,0xdd,0x25,0xd8,0x9c,0x89,0xc5,0x9c,0xc8,
0x89,0xdc,0x88,0x99,0x7a,0x77,0x76,0xaa,0x5d,0x15,0x66,0x66,0x66,0x66,0x66,0x66,0x66,0x66,0x66,0x66,0x66,0x66,0x66,0x66,0x76,0x77,0x77,0x77,0x77,0x77,0x77,0x77,
0x77,0x77,0x77,0x77,0xda,0xdd,0xdd,0xdc,0xc8,0xcd,0xad,0x77,0xda,0xdd,0xdf,0xdd,0xdd,0x9d,0xdd,0x3d,0xd3,0x9d,0x89,0x98,0x9c,0xc9,0x8c,0xd8,0x8c,0x89,0x8c,0x7a,
0x77,0xad,0xcd,0x55,0x67,0x66,0x66,0x66,0x77,0x77,0x77,0x66,0x66,0x66,0x66,0x66,0x66,0x77,0x77,0x77,0x77,0x77,0x77,0x77,0x77,0x77,0x77,0x77,0x77,0x77,0xda,0xdd,
0xdd,0xdd,0x39,0x38,0x35,0x7a,0xda,0xdd,0xdd,0xdd,0xdd,0xcd,0xdd,0x5d,0xd8,0xcd,0x8c,0x98,0x9c,0xd9,0xcc,0xd9,0x9c,0x99,0x8c,0x75,0xad,0xdd,0xdd,0xc5,0x77,0x77,
0x77,0x77,0x77,0x77,0x77,0x66,0x66,0x66,0x66,0x77,0x77,0x77,0x77,0x77,0x77,0x77,0x77,0x77,0x77,0x77,0x77,0x77,0x77,0x77,0xda,0xdd,0xdd,0xdd,0x8d,0x98,0x33,0x74,
0xda,0xdd,0x50,0xcc,0xdd,0xc9,0xdf,0x9d,0x93,0x9c,0x89,0x98,0xcc,0xdd,0x5c,0xc3,0xcd,0x89,0x9c,0xa8,0xdd,0xdd,0xcc,0xcc,0x74,0x77,0x77,0x77,0x77,0x77,0x77,0x77,
0x77,0xaa,0xaa,0x77,0x77,0x77,0x77,0x77,0x77,0x77,0x77,0x77,0x77,0x77,0x77,0xaa,0x7a,0x77,0xda,0xdd,0xdd,0xdd,0x8d,0xc8,0x89,0xa4,0xdd,0xdd,0x00,0x00,0x11,0xc1,
0xdd,0xdd,0x98,0xdc,0xcc,0x38,0xd3,0xdf,0x8c,0x58,0xcd,0x99,0xcc,0xc9,0xdd,0xdd,0x5d,0x85,0x45,0x77,0x77,0x77,0x77,0x77,0x77,0x77,0xaa,0xaa,0x4a,0x74,0x77,0x77,
0x77,0x77,0x77,0x77,0x77,0x77,0x77,0x77,0xd7,0x8d,0x53,0x77,0xdd,0xdd,0xdd,0xdd,0x8d,0xc9,0x99,0xd5,0xdd,0xdd,0x15,0x00,0x00,0x00,0x10,0x55,0x11,0xdd,0xdd,0x8c,
0xdc,0xff,0x9d,0x58,0xc8,0x99,0xd9,0x5c,0xdd,0xdd,0xcd,0x55,0x5c,0x77,0x5d,0xaa,0x77,0x77,0xa7,0xaa,0xaa,0xaa,0x44,0x14,0x41,0x7a,0x77,0x77,0xa7,0x77,0x77,0x77,
0x77,0x77,0xda,0xcd,0xc3,0xa4,0xdd,0xdd,0xdd,0xdd,0xcd,0xc8,0x99,0xd8,0xdd,0xdd,0xcc,0x5c,0x10,0x10,0x00,0x00,0x00,0x00,0x00,0x21,0xdc,0xff,0xcf,0x9c,0xc5,0x99,
0xdd,0x5d,0xd5,0xdd,0xcd,0x55,0x88,0xa4,0xcd,0xd5,0x42,0x44,0xaa,0xaa,0xaa,0xaa,0x4a,0x44,0x44,0xaa,0x4a,0xaa,0xaa,0x7a,0x47,0x41,0xa4,0x4a,0xda,0xdd,0xc3,0xda,
0xdd,0xdd,0xdd,0x89,0xc8,0xc9,0x9c,0xd9,0xdd,0xdd,0xcc,0x1c,0x00,0x00,0x00,0x00,0x00,0x01,0x00,0x00,0x00,0xc5,0xcc,0x5c,0xc8,0xcc,0xdf,0xc8,0xdc,0xc5,0xcd,0xdc,
0x5c,0xdc,0xdd,0xdc,0x5c,0xaa,0xaa,0xaa,0xaa,0xaa,0xaa,0x44,0x44,0xa4,0x44,0x11,0xa1,0x5a,0x11,0x11,0x40,0x44,0xdd,0xdd,0x83,0xdd,0xdd,0xdd,0xdd,0xcd,0x39,0x83,
0xc8,0x8c,0x59,0xdd,0x59,0x11,0x11,0x01,0x20,0x15,0x10,0x32,0x88,0x88,0x5c,0x01,0x00,0x00,0x00,0x11,0xd5,0x8d,0xdc,0xcd,0x55,0xdd,0x8d,0x88,0xdc,0xdd,0x5c,0xac,
0xaa,0xaa,0xaa,0x4a,0xaa,0x44,0x44,0x44,0x15,0x44,0x44,0x44,0x44,0x04,0x00,0x54,0xdd,0xdd,0xd8,0xdd,0xdd,0xdd,0xdd,0xdd,0x99,0x39,0xf8,0x8d,0x89,0xd3,0x55,0x25,
0x21,0x22,0xdc,0x8d,0x05,0x00,0x31,0xc9,0xdc,0x5d,0x00,0x00,0x00,0x00,0x01,0x00,0xc5,0x15,0xc1,0xdd,0xcd,0xcc,0xcc,0xd5,0xdd,0xdd,0x45,0x44,0x45,0x44,0x44,0x4a,
0x44,0x44,0x4a,0x00,0x04,0x44,0x44,0x44,0x44,0xa0,0xdd,0xdd,0xdd,0xdd,0xdd,0xdd,0xdd,0xcc,0xcc,0xdc,0xc9,0xcd,0x8d,0xcc,0x85,0xc8,0x25,0xd2,0xdd,0xdf,0x59,0x00,
0x10,0x22,0xc8,0xcc,0x5d,0x00,0x00,0x00,0x00,0x01,0x00,0x00,0x00,0x01,0x00,0x00,0x50,0x55,0xda,0xdd,0x5c,0xda,0xaa,0x44,0x44,0x44,0x44,0xa4,0xaa,0x4a,0x44,0x44,
0x04,0x44,0x44,0xd4,0xdd,0xdd,0xdd,0xdd,0xdd,0xdd,0xcd,0x2c,0x82,0xdd,0xcc,0xc8,0xcc,0x9c,0x85,0xdd,0x8c,0xd2,0xdd,0x5d,0x85,0x01,0x00,0x00,0x00,0x21,0x85,0x18,
0x00,0x00,0x00,0x10,0x11,0x01,0x00,0x00,0x00,0x00,0x00,0x00,0x00,0x00,0x00,0x00,0x55,0x45,0x14,0x00,0x40,0x44,0x00,0x00,0xd4,0x1c,0x44,0x44,0xd4,0xdd,0xdd,0xdd,
0xdd,0xdd,0xdd,0xdd,0xdd,0xdd,0x88,0xdd,0xdd,0xc9,0xdc,0xcd,0xdc,0xff,0xdd,0xdd,0xdd,0x8d,0x88,0xc8,0x29,0x11,0x11,0x11,0x52,0x35,0x12,0x00,0x00,0x00,0x00,0x11,
0x11,0x12,0x11,0x01,0x01,0x00,0x00,0x00,0x00,0x00,0x00,0x10,0x21,0x55,0x11,0x00,0x00,0x00,0xdd,0x9d,0x40,0x44,0xda,0xdd,0xdd,0xdd,0xdd,0xdd,0xdd,0xfd,0xdd,0xdd,
0xdc,0xff,0x5f,0x55,0x01,0x11,0xc1,0xdc,0xfd,0xfd,0xcf,0xdd,0xc8,0xcd,0x59,0x51,0x11,0x11,0x11,0x22,0x32,0x23,0x00,0x00,0x00,0x00,0x00,0x21,0x52,0x25,0x22,0x12,
0x11,0x00,0x00,0x00,0x00,0x00,0x00,0x11,0x11,0x44,0x44,0xa4,0xdd,0xcd,0x4c,0xdd,0xdd,0xdd,0xdd,0xdd,0xdd,0xfd,0xdf,0xff,0xcd,0xcc,0x55,0x21,0x22,0x12,0x11,0x11,
0x00,0x00,0x50,0xdc,0xcd,0xdd,0xdc,0xdd,0xcc,0xdd,0x11,0x11,0x11,0x21,0x52,0x35,0x53,0x01,0x00,0x00,0x00,0x00,0x11,0x22,0x25,0x55,0x52,0x25,0x11,0x00,0x00,0x00,
0x00,0x01,0x00,0xd4,0x45,0xfa,0xfd,0xdd,0xdd,0xdf,0xdd,0xcd,0xdd,0xcd,0x8d,0x25,0x12,0x11,0x11,0x22,0x22,0x55,0x88,0x89,0x99,0x15,0x00,0x00,0x01,0x10,0x01,0x00,
0x10,0x11,0x21,0xc5,0x15,0xd5,0x11,0x12,0x21,0x22,0x33,0x55,0x25,0x01,0x00,0x00,0x00,0x00,0x10,0x11,0x11,0x11,0x11,0x11,0x11,0x51,0x15,0x45,0x01,0xda,0xcd,0xcc,
0xcc,0xcc,0x88,0x58,0x58,0x55,0x22,0x11,0x22,0x11,0x21,0x32,0x53,0x98,0x88,0x99,0xc8,0xcd,0x89,0x12,0x11,0x11,0x21,0x11,0x11,0x00,0x10,0x11,0x11,0x11,0x11,0x11,
0x01,0x00,0x10,0x11,0x25,0x52,0x55,0x55,0x25,0x11,0x00,0x00,0x00,0x00,0x00,0x10,0x51,0xac,0x55,0xc5,0x55,0xc5,0x55,0x55,0x22,0x12,0x11,0x21,0x12,0x55,0x55,0x55,
0x11,0x00,0x00,0x32,0x53,0x85,0xc8,0x9c,0x88,0x58,0x55,0x5c,0x12,0x11,0x10,0x11,0x11,0x11,0x11,0x01,0x00,0x01,0x20,0x10,0x22,0x22,0x22,0x22,0x11,0x00,0x00,0x11,
0x21,0x55,0x55,0x22,0x32,0x12,0x00,0x10,0x55,0x55,0x55,0x55,0x25,0x52,0x25,0x55,0x55,0x21,0x11,0x11,0x11,0x11,0x51,0x55,0x12,0x11,0x52,0x11,0x15,0x11,0x11,0x11,
0x11,0x12,0x22,0x12,0x11,0x11,0x11,0x11,0x00,0x00,0x00,0x11,0x11,0x11,0x11,0x00,0x00,0x00,0x00,0x11,0x21,0x22,0x22,0x52,0x55,0x10,0x11,0x55,0x55,0x55,0x55,0x55,
0x55,0x55,0x55,0x55,0x22,0x22,0x52,0x22,0x52,0x25,0x52,0x55,0x01,0x10,0x55,0x55,0x55,0x55,0x55,0x55,0x55,0x55,0x55,0x22,0x22,0x11,0x21,0x12,0x21,0x22,0x12,0xc8,
0x55,0xc5,0x00,0x00,0x00,0x00,0x00,0x11,0x11,0x11,0x01,0x00,0x00,0x00,0x10,0x11,0x95,0xc9,0xcc,0x09,0x52,0x55,0x55,0x55,0x55,0x55,0x55,0x55,0x25,0x11,0x11,0x02,
0x00,0x00,0x11,0x55,0xcc,0xcc,0x2c,0x00,0x00,0x22,0x55,0x55,0x55,0x55,0x55,0x55,0x55,0x55,0x55,0x55,0x22,0x11,0x82,0x18,0x52,0xd8,0xcd,0xcc,0x02,0x00,0x00,0x00,
0x00,0x00,0x00,0x11,0x11,0x11,0x00,0x51,0xc5,0x99,0x99,0x99,0xcc,0x5c,0x00,0x10,0x55,0x55,0x55,0x55,0x55,0x55,0x55,0x15,0x11,0x11,0x12,0x11,0x98,0x99,0xcc,0x99,
0x29,0x00,0x00,0x00,0x00,0x55,0x55,0x55,0x55,0x55,0x55,0x55,0x55,0x25,0x52,0x99,0xcc,0x1c,0x00,0x00,0x00,0x11,0x11,0x11,0x00,0x00,0x00,0x00,0x00,0x00,0x00,0x52,
0x99,0x99,0x99,0x99,0x99,0x99,0x99,0x9c,0x00,0x00,0x00,0x22,0x55,0x55,0x55,0x22,0x22,0x22,0x22,0x55,0xc8,0x99,0x88,0x99,0x99,0x99,0x99,0x05,0x00,0x00,0x00,0x00,
0x10,0x51,0x55,0x55,0x55,0x55,0x55,0x88,0x99,0x99,0xcc,0x9c,0x08,0x00,0x00,0x00,0x21,0xdd,0xcc,0x9c,0x5c,0x00,0x00,0x81,0x89,0x98,0x99,0x99,0x99,0x99,0x99,0x99,
0x99,0x0c,0x00,0x00,0x00,0x00,0x20,0x52,0x55,0x55,0x55,0x55,0x99,0x99,0x88,0x88,0x88,0x88,0x99,0x99,0x99,0x89,0x00,0x00,0x00,0x00,0x00,0x00,0x00,0x20,0x51,0x55,
0x9c,0x99,0x99,0x99,0x99,0x99,0x39,0x12,0x01,0x00,0xd5,0xff,0xcd,0x99,0xc9,0x9c,0x88,0x88,0x88,0x88,0x88,0x99,0x99,0x99,0x99,0x99,0x99,0x1c,0x00,0x00,0x00,0x00,
0x00,0x00,0x50,0xc8,0x99,0x99,0x89,0x88,0x88,0x88,0x88,0x88,0x88,0x88,0x88,0x28,0x01,0x00,0x00,0x00,0x00,0x00,0x00,0x00,0x85,0x99,0x99,0x99,0x99,0x99,0x99,0x89,
0x33,0x33,0x12,0x12,0xff,0xff,0xff,0x9c,0xc8,0x9c,0x58,0x55,0x88,0x88,0x99,0x98,0x89,0x99,0x99,0x99,0x99,0x9c,0x01,0x00,0x00,0x00,0x00,0x00,0x00,0x21,0x88,0x88,
0x88,0x88,0x88,0x88,0x88,0x88,0x88,0x58,0x25,0x00,0x11,0x11,0x00,0x00,0x00,0x10,0x55,0x8c,0x89,0x88,0x88,0x89,0x98,0x99,0x99,0x38,0x33,0x33,0x33,0x39,0xff,0xff,
0xff,0x9f,0xcf,0xcc,0x8c,0x55,0x85,0x88,0x88,0x99,0x88,0x99,0x99,0x89,0x99,0xcc,0x29,0x00,0x00,0x00,0x00,0x00,0x00,0x00,0x00,0x52,0x88,0x88,0x88,0x88,0x88,0x88,
0x88,0x02,0x00,0x00,0x10,0x10,0x11,0x21,0xc5,0xcc,0xcc,0xcc,0x10,0x52,0x88,0x88,0x88,0x89,0x33,0x33,0x33,0x33,0x33,0xdc,0xff,0xff,0xff,0xcc,0xdd,0xcc,0xcc,0x55,
0x55,0x88,0x88,0x88,0x88,0x99,0x88,0x98,0x99,0x33,0x83,0x18,0x00,0x00,0x10,0x00,0x00,0x00,0x00,0x00,0x10,0x85,0x88,0x88,0x88,0x58,0x12,0x01,0x00,0x00,0x11,0x81,
0xc5,0xcc,0xcc,0xcc,0x9c,0x89,0x00,0x00,0x00,0x32,0x33,0x33,0x33,0x33,0x33,0xc3,0x38,0xf3,0xff,0xff,0xff,0xcf,0xdc,0xcc,0xcc,0x35,0x55,0x88,0x88,0x88,0x88,0x89,
0x88,0x89,0x33,0x33,0x33,0x88,0x18,0x00,0x11,0x01,0x00,0x00,0x00,0x00,0x00,0x10,0x81,0x85,0x25,0x11,0x11,0x11,0x81,0x55,0xc8,0xcc,0xcc,0x9c,0x99,0x99,0x99,0xc9,
0x01,0x00,0x00,0x00,0x00,0x33,0x33,0x33,0x33,0xc3,0x3d,0x23,0xff,0xff,0xff,0x9f,0xcc,0xcc,0xcc,0x18,0x55,0x85,0x88,0x88,0x88,0x38,0x33,0x33,0x33,0x33,0x33,0x33,
0x88,0x18,0x10,0x11,0x01,0x01,0x11,0x00,0x00,0x00,0x00,0x20,0x55,0xc9,0x9c,0x9c,0xcc,0xcc,0xcc,0x9c,0x99,0x99,0x99,0x99,0x99,0x8c,0x00,0x00,0x00,0x00,0x00,0x00,
0x11,0x33,0x33,0x93,0xfd,0x23,0xff,0xff,0xff,0xcf,0xcc,0xcc,0xcc,0x0c,0x10,0x22,0x32,0x53,0x23,0x33,0x33,0x33,0x33,0x33,0x33,0x33,0x33,0xc8,0x0c,0x10,0x21,0x11,
0x10,0x12,0x01,0x10,0x00,0x11,0x11,0x81,0xc8,0xcc,0xcc,0xcc,0x89,0x88,0x98,0x99,0x88,0x33,0x38,0x33,0x33,0x01,0x00,0x00,0x00,0x00,0x00,0x00,0xd1,0xcf,0xfc,0xcc,
0xff,0xff,0xff,0xdf,0xfd,0xdc,0xdc,0x5f,0x15,0x00,0x00,0x21,0x32,0x22,0x33,0x33,0x33,0x33,0x33,0x88,0xc3,0xfd,0x5d,0x01,0x10,0x22,0x12,0x11,0x21,0x12,0x21,0x11,
0x22,0x12,0x11,0x21,0x82,0x88,0x88,0x99,0x88,0x38,0x33,0x33,0x33,0x33,0x33,0x33,0x11,0x00,0x00,0x00,0x00,0x00,0x00,0xd1,0xdd,0xdf,0xff,0xff,0xff,0x89,0xc8,0xff,
0xfd,0xcf,0x8c,0x08,0x00,0x00,0x10,0x21,0x32,0x33,0x33,0x33,0x83,0xcd,0xdd,0xcd,0x98,0x89,0x12,0x00,0x21,0x12,0x11,0x21,0x12,0x11,0x32,0x11,0x22,0x12,0x11,0x11,
0x21,0x33,0x33,0x33,0x33,0x33,0x33,0x33,0x33,0x33,0x33,0x02,0x00,0x00,0x00,0x00,0xf1,0x02,0xdf,0xff,0xff,0xff,0xff,0xcd,0x9c,0xfc,0xdf,0xdf,0xcd,0x0c,0x00,0x11,
0x10,0x00,0x10,0x32,0x93,0xc8,0xdc,0xcd,0x8c,0x33,0x33,0x33,0x01,0x00,0x00,0x10,0x22,0x11,0x21,0x22,0x22,0x12,0x11,0x11,0x10,0x11,0x11,0x11,0x22,0x33,0x33,0x33,
0x33,0x33,0x33,0x33,0x33,0x33,0x12,0x00,0x00,0x00,0xcc,0xff,0xfd,0xff,0xff,0xff,0xff,0xdf,0xcc,0xfc,0xff,0xd8,0xdc,0x1d,0x00,0x00,0x00,0x00,0x00,0x00,0x51,0x28,
0x22,0x22,0x22,0x22,0x12,0x11,0x00,0x01,0x00,0x00,0x00,0x11,0x12,0x11,0x22,0x32,0x23,0x33,0x23,0x12,0x11,0x11,0x11,0x11,0x21,0x32,0x33,0x33,0x33,0x33,0x33,0x23,
0x22,0x22,0x11,0x00,0x00,0xd0,0xdf,0xff,0xdf,0xfc,0xcf,0xdf,0xcc,0xdc,0xff,0xcf,0xcd,0xcd,0x00,0x00,0x00,0x00,0x50,0x55,0x02,0x11,0x21,0x22,0x22,0x22,0x22,0x22,
0x32,0x33,0x01,0x00,0x00,0x00,0x00,0x11,0x22,0x33,0x22,0x33,0x33,0x22,0x12,0x11,0x01,0x11,0x11,0x11,0x21,0x32,0x88,0x88,0x33,0xc3,0xdf,0x99,0x28,0x12,0xf5,0xcf,
0xfd,0xff,0xff,0xfc,0x38,0xff,0xcd,0xdc,0xff,0xdf,0xcc,0xcd,0x00,0x00,0x00,0x00,0xf5,0xcf,0x59,0x01,0x10,0x21,0x22,0x22,0x32,0x83,0x38,0x33,0x33,0x02,0x00,0x00,
0x00,0x00,0x11,0x21,0x32,0x23,0x32,0x33,0x23,0x12,0x11,0x11,0x11,0x11,0x11,0x00,0x11,0x11,0x22,0xfd,0xcd,0x99,0x2c,0x01,0xcd,0xfd,0xff,0xff,0xdf,0xdf,0xf9,0xff,
0xdd,0xdc,0xff,0xff,0xdd,0xcc,0x08,0x00,0x00,0x50,0xff,0xcf,0xcc,0x05,0x10,0x11,0x11,0x22,0x23,0x32,0x33,0x33,0x33,0x33,0x22,0x00,0x00,0x00,0x00,0x00,0x10,0x21,
0x21,0x22,0x22,0x22,0x22,0x11,0x11,0x11,0x11,0x00,0x00,0x00,0x10,0xff,0xdf,0xdc,0xdf,0x01,0xd5,0xff,0xff,0xff,0xff,0x9f,0xcf,0xd5,0xdc,0xdd,0xff,0xff,0xdd,0xcd,
0xdc,0xdc,0x1d,0xd5,0xff,0xdf,0xcc,0x5d,0x00,0x00,0x00,0x11,0x10,0x21,0x22,0x33,0x23,0x3c,0x33,0x33,0x22,0x00,0x00,0x00,0x00,0x00,0x00,0x10,0x01,0x00,0xc1,0x11,
0x11,0x11,0x11,0x11,0x01,0x00,0xf0,0xff,0xcf,0xfd,0xff,0xdf,0xff,0xff,0xcf,0xdd,0xfc,0xff,0x9c,0x2c,0xcc,0xff,0xff,0xff,0xfd,0xff,0xdd,0xff,0x5f,0xfd,0xff,0xff,
0xfd,0xcd,0x1d,0x00,0x00,0x10,0x00,0x10,0x10,0x22,0xd5,0xcd,0x32,0x38,0x33,0x23,0x01,0x00,0x00,0x00,0x00,0x00,0x01,0x10,0xd2,0x5c,0x82,0x15,0x11,0x51,0x22,0xdf,
0xfd,0xff,0xff,0xff,0xff,0xff,0xfd,0xfd,0xdd,0x38,0x8f,0xd8,0xfd,0x9c,0xc9,0xff,0xcd,0xfd,0xff,0x93,0xfd,0xff,0xff,0xfc,0xff,0xff,0xfd,0xff,0xcf,0x00,0x00,0xcc,
0x00,0xd0,0x02,0xcd,0xfd,0xdf,0xcc,0x2c,0x8c,0x22,0x22,0x11,0x00,0x10,0x0c,0x10,0x2d,0xc5,0xfd,0xcd,0xcc,0x10,0x11,0xdc,0x8d,0xff,0xff,0xdf,0xf9,0xff,0xff,0xfd,
0xdc,0xd8,0xc2,0xcc,0xdc,0xc3,0xcc,0xcc,0xc8,0x23,0x13,0x21,0x88,0x21,0x11,0x11,0x13,0x11,0x11,0x11,0x23,0x85,0x39,0x98,0x39,0x99,0x83,0x99,0x98,0x89,0x55,0x88,
0x88,0x98,0x89,0x55,0x88,0x88,0x99,0x95,0x29,0x95,0x88,0x59,0x85,0x25,0x22,0x55,0x22,0x22,0x12,0x11,0x11,0x21,0xdc,0x8c,0x2c,0xcc,0x00,0x20,0x21,0xff,0xcf,0xc9,
0x12,0x11,0x11,0x11,0x11,0x11,0x11,0x11,0x31,0x23,0x33,0x32,0x33,0x98,0x38,0x13,0x11,0x21,0x33,0x11,0x11,0x11,0x11,0x11,0x22,0x11,0x11,0x12,0x55,0x22,0x21,0x55,
0x88,0x55,0x58,0x85,0x38,0x55,0x55,0x55,0x22,0x52,0x53,0x35,0x22,0x22,0x22,0x22,0x22,0x11,0x12,0x11,0xc2,0xfc,0xdf,0xff,0xff,0xc9,0x59,0x21,0x22,0x22,0x33,0x83,
0x88,0x33,0x99,0x99,0x99,0x98,0x89,0x88,0x99,0x99,0x89,0x88,0x88,0x38,0x25,0x22,0x12,0x11,0x00,0x00,0x10,0x12,0x22,0x12,0x21,0x22,0x22,0x53,0x88,0x25,0x23,0x88,
0x85,0x88,0x99,0x89,0x98,0x89,0x38,0x33,0x12,0x11,0x11,0x11,0x32,0x88,0x83,0xcc,0xcc,0xcc,0xdf,0xcd,0xfc,0x18,0x22,0x32,0x38,0x88,0x88,0x38,0x33,0x33,0x23,0x11,
0x11,0x11,0x32,0x33,0x23,0x11,0x21,0x12,0x11,0x52,0x52,0x25,0x22,0x12,0x22,0x11,0x22,0x22,0x22,0x12,0x22,0x11,0x11,0x11,0x11,0x11,0x11,0x11,0x21,0x12,0x21,0x33,
0x22,0x11,0x11,0x32,0x23,0x13,0x22,0x22,0x22,0x22,0x12,0x21,0xff,0xdf,0xff,0xcd,0xdf,0x81,0x22,0x12,0x11,0x11,0x11,0x11,0x11,0x11,0x11,0x11,0x11,0x21,0x12,0x11,
0x22,0x22,0x11,0x11,0x11,0x11,0x11,0x11,0x11,0x11,0x11,0x11,0x11,0x11,0x11,0x11,0x11,0x11,0x11,0x11,0x11,0x11,0x11,0x11,0x11,0x11,0x11,0x11,0x81,0x99,0x99,0x83,
0x28,0x22,0x32,0x33,0x33,0x23,0xfd,0xcd,0xcc,0x53,0x98,0x99,0x89,0x88,0x98,0x28,0x88,0x22,0x11,0x11,0x11,0x11,0x11,0x11,0x11,0x10,0x11,0x00,0x01,0x11,0x11,0x11,
0x11,0x11,0x11,0x11,0x22,0x22,0x22,0x12,0x21,0x11,0x11,0x11,0x11,0x11,0x11,0x11,0x21,0x13,0x21,0x32,0x33,0x32,0x83,0x23,0x11,0x11,0x35,0x22,0x33,0x93,0x88,0x88,
0x83,0x88,0x33,0x33,0x33,0x33,0x33,0x33,0x33,0x22,0x32,0x22,0x11,0x21,0x11,0x11,0x11,0x11,0x11,0x21,0x22,0x11,0x11,0x11,0x11,0x11,0x11,0x11,0x22,0x22,0x22,0x22,
0x55,0x55,0x22,0x12,0x22,0x11,0x11,0x11,0x12,0x11,0x21,0x12,0x11,0x10,0x11,0x11,0x11,0x11,0x11,0x11,0x11,0x11,0x11,0x21,0x12,0x93,0x22,0x12,0x11,0x21,0x22,0x22,
0x22,0x22,0x22,0x22,0x55,0x22,0x11,0x11,0x11,0x21,0x25,0x22,0x12,0x21,0x22,0x22,0x22,0x22,0x22,0x22,0x22,0x22,0x22,0x22,0x22,0x33,0x55,0x55,0x55,0x22,0x22,0x22,
0x22,0x22,0x22,0x11,0x11,0x11,0x11,0x11,0x11,0x11,0x11,0x11,0x11,0x11,0x11,0x11,0x11,0x11,0x11,0x12,0x32,0x33,0x33,0x33,0x22,0x22,0x12,0x11,0x11,0x21,0x22,0x22,
0x22,0x22,0x22,0x11,0x21,0x22,0x11,0x22,0x22,0x22,0x83,0x33,0x83,0x38,0x33,0x38,0x33,0x23,0x22,0x22,0x22,0x22,0x22,0x22,0x22,0x22,0x22,0x22,0x22,0x22,0x22,0x22,
0x22,0x22,0x22,0x22,0x22,0x22,0x22,0x22,0x22,0x12,0x11,0x11,0x11,0x11,0x21,0x22,0x11,0x12,0x11,0x11,0x11,0x11,0x32,0x22,0x22,0x22,0x22,0x12,0x11,0x11,0x11,0x11,
0x21,0x22,0x22,0x22,0x22,0x32,0x33,0x22,0x22,0x22,0x22,0x22,0x22,0x22,0x22,0x22,0x11,0x11,0x11,0x11,0x11,0x10,0x11,0x11,0x11,0x21,0x12,0x11,0x21,0x22,0x22,0x22,
0x22,0x22,0x22,0x22,0x12,0xc1,0x8d,0x12,0x11,0x11,0x00,0x12,0x11,0x21,0x22,0x22,0x33,0x23,0x22,0x22,0x22,0x22,0x11,0x11,0x12,0x21,0x22,0x22,0x22,0x22,0x22,0x22,
0x22,0x22,0x22,0x32,0x33,0x38,0x83,0x88,0x38,0x23,0x12,0x11,0x11,0x11,0x11,0x22,0x22,0x22,0x22,0x11,0x11,0x11,0x11,0x11,0x11,0x11,0x11,0x11,0x11,0x11,0x11,0xfc,
0x9d,0x99,0x32,0x23,0x92,0x28,0x33,0x98,0x23,0x22,0x32,0x22,0x22,0x22,0x22,0x22,0x22,0x22,0x22,0x22,0x22,0x22,0x22,0x22,0x22,0x32,0x23,0x22,0x22,0x22,0x22,0x22,
0x22,0x22,0x22,0x22,0x22,0x22,0x22,0x22,0x22,0x22,0x22,0x22,0x22,0x22,0x22,0x11,0x11,0x11,0x11,0x11,0x11,0x11,0x11,0x21,0x5c,0xff,0xdf,0xcc,0x98,0x89,0x88,0x89,
0x33,0x33,0x23,0x22,0x22,0x22,0x22,0x22,0x22,0x22,0x22,0x21,0x12,0x11,0x11,0x11,0x11,0x11,0x11,0x22,0x22,0x22,0x22,0x22,0x22,0x22,0x22,0x22,0x22,0x22,0x22,0x22,
0x22,0x22,0x22,0x22,0x22,0x22,0x22,0x22,0x33,0x22,0x25,0x22,0x38,0x22,0x22,0x51,0x28,0xf1,0xff,0xff,0xdf,0xfd,0x93,0x99,0x99,0x99,0x99,0x99,0x88,0x38,0x98,0x23,
0x22,0x18,0x11,0x11,0x11,0x21,0x22,0x21,0x22,0x22,0x22,0x22,0x22,0x22,0x22,0x22,0x22,0x32,0x23,0x52,0x25,0x22,0x22,0x22,0x22,0x22,0x22,0x22,0x22,0x22,0x22,0x22,
0x22,0x32,0x38,0x83,0x39,0x98,0x89,0x89,0x39,0xc3,0x8c,0xdc,0xdd,0xdc,0xdd,0xdc,0x99,0x99,0x99,0x99,0x88,0x88,0x88,0x88,0x98,0x88,0x99,0x9c,0x83,0x83,0x33,0x38,
0x22,0x29,0x51,0x23,0x33,0x22,0x22,0x12,0x22,0x32,0x33,0x33,0x33,0x33,0x23,0x22,0x22,0x22,0x22,0x22,0x22,0x22,0x22,0x22,0x22,0x22,0x22,0x22,0x22,0x22,0x22,0x32,
0x22,0x22,0x23,0x32,0x38,0x33,0x22,0x31,0x38,0x22,0x23,0x22,0x55,0x55,0x55,0x35,0x55,0x88,0x99,0x89,0xc9,0xcc,0x9c,0x99,0x99,0x99,0x33,0x83,0x33,0x28,0x23,0x22,
0x92,0x83,0x89,0x88,0x38,0x33,0x33,0x23,0x22,0x22,0x22,0x22,0x22,0x22,0x22,0x22,0x22,0x22,0x22,0x22,0x22,0x22,0x33,0x32,0x11,0x11,0x11,0x11,0x11,0x11,0x11,0x21,
0x22,0x32,0x38,0x23,0x33,0x33,0x33,0x33,0x33,0x33,0x33,0x53,0x55,0x98,0x99,0x89,0x88,0x33,0x33,0x23,0x22,0x22,0x22,0x22,0x52,0x55,0x55,0x55,0x33,0x33,0x33,0x33,
0x33,0x33,0x23,0x22,0x22,0x22,0x22,0x22,0x22,0x22,0x22,0x22,0x52,0x55,0x85,0x88,0x89,0x53,0x55,0x55,0x55,0x55,0x55,0x53,0x23,0x22,0x22,0x22,0x22,0x22,0x23,0x22,
0x23,0x22,0x22,0x32,0x33,0x35,0x55,0x98,0xc9,0x99,0x99,0x33,0x55,0x55,0x55,0x55,0x55,0x55,0x55,0x55,0x55,0x55,0x85,0x98,0x89,0x88,0x33,0x33,0x33,0x33,0x33,0x52,
0x33,0x93,0x28,0xc5,0x98,0x89,0x85,0x58,0x55,0x55,0x55,0x55,0x55,0x55,0x55,0x55,0x55,0x55,0x55,0x55,0x22,0x22,0x22,0x22,0x22,0x22,0x23,0x22,0x22,0x32,0x53,0x99,
0x99,0xcc,0x99,0x38,0x33,0x33,0x55,0x55,0x55,0x55,0x55,0x55,0x55,0x55,0x55,0x55,0x83,0x88,0x88,0x88,0x88,0x99,0x88,0x99,0x99,0x99,0x99,0xc9,0x3c,0x98,0x88,0x88,
0x55,0x55,0x55,0x55,0x55,0x55,0x58,0x55,0x55,0x55,0x55,0x55,0x55,0x55,0x25,0x22,0x22,0x11,0x33,0x22,0x33,0x33,0x83,0x98,0x99,0x99,0x99,0x89,0x33,0x33,0x33,0x23,
0x55,0x22,0x25,0x22,0x32,0x25,0x22,0x22,0x53,0x55,0x55,0x88,0x58,0x55,0x55,0x88,0x88,0x89,0x88,0x88,0x99,0x99,0x38,0x89,0x33,0x58,0x55,0x55,0x55,0x55,0x55,0x55,
0x55,0x55,0x55,0x55,0x55,0x55,0x25,0x53,0x25,0x22,0x12,0x11,0x33,0x33,0x88,0x99,0x99,0xc9,0x9c,0x58,0x35,0x33,0x33,0x33,0x33,0x53,0x55,0x55,0x22,0x32,0x55,0x55,
0x55,0x55,0x55,0x55,0x55,0x55,0x55,0x55,0x55,0x85,0x55,0x55,0x55,0x55,0x55,0x55,0x88,0x99,0x99,0x33,0x55,0x55,0x55,0x55,0x55,0x55,0x55,0x55,0x55,0x55,0x55,0x25,
0x12,0x22,0x11,0x21,0x52,0x25,0x88,0x99,0x83,0x88,0x98,0x99,0x99,0x58,0x25,0x22,0x88,0x55,0x53,0x55,0x55,0x55,0x55,0x55,0x55,0x55,0x55,0x55,0x55,0x55,0x55,0x55,
0x55,0x55,0x55,0x55,0x55,0x55,0x55,0x55,0x55,0x55,0x55,0x55,0x88,0x98,0x88,0x55,0x55,0x55,0x55,0x55,0x55,0x25,0x52,0x55,0x55,0x55,0x55,0x89,0x25,0x32,0x22,0x22,
0xcd,0xcc,0x8c,0x98,0x99,0x99,0xc9,0x9c,0x88,0x55,0x58,0x55,0x58,0x55,0x55,0x55,0x55,0x55,0x55,0x55,0x55,0x55,0x55,0x55,0x55,0x55,0x55,0x55,0x55,0x55,0x55,0x55,
0x55,0x55,0x55,0x55,0x55,0x55,0x55,0x85,0x98,0x99,0x58,0x55,0x55,0x55,0x55,0x55,0xc8,0x99,0x88,0x83,0x89,0x88,0x39,0x53,0x55,0xc5,0x8d,0xc9,0xcc,0x9c,0x99,0x99,
0x99,0xc9,0x9c,0x88,0x88,0x88,0x99,0x38,0x53,0x55,0x55,0x55,0x55,0x55,0x55,0x55,0x58,0x55,0x55,0x55,0x55,0x55,0x55,0x55,0x55,0x55,0x55,0x55,0x55,0x55,0x55,0x55,
0x55,0x55,0x55,0x88,0x99,0x89,0x88,0x98,0x89,0x99,0x99,0x99,0x99,0x99,0x89,0x99,0x99,0x89,0xc8,0xcd,0x8c,0x98,0xcc,0x9c,0x33,0x88,0x89,0x89,0x99,0x99,0x88,0x99,
0xcc,0x99,0x89,0x58,0x95,0x85,0x85,0x99,0x38,0x83,0x8c,0x55,0x55,0x55,0x55,0x55,0x55,0x55,0x55,0x55,0x55,0x55,0x55,0x55,0x55,0x55,0x55,0x55,0x55,0x55,0x55,0x95,
0x99,0xcc,0x99,0x99,0x89,0x98,0x99,0x99,0x99,0x99,0x99,0x99,0xdc,0xdd,0x88,0x98,0x99,0xc9,0x3c,0x33,0x33,0x33,0x33,0x83,0x88,0x99,0x99,0x99,0x99,0x99,0xcc,0x99,
0x35,0xc8,0x25,0x33,0x33,0x32,0x55,0x55,0x55,0x55,0x55,0x55,0x55,0x55,0x55,0x55,0x55,0x55,0x55,0x55,0x55,0x55,0x55,0x85,0x98,0x99,0x99,0x9c,0x99,0x99,0x99,0x99,
0x99,0x99,0x9c,0x89,0xcc,0xfc,0xcf,0xcc,0x8c,0x8c,0xc8,0xfd,0x3d,0x33,0x33,0x33,0x23,0xc1,0x3c,0x83,0x88,0x98,0x98,0xcc,0x9c,0xcc,0x99,0xdd,0x88,0x88,0x38,0x33,
0x53,0x55,0x55,0x59,0x55,0x55,0x55,0x55,0x55,0x55,0x55,0x55,0x99,0x85,0x55,0xc9,0x99,0x99,0x99,0x99,0x99,0x99,0x99,0x98,0xc9,0x99,0x88,0x98,0x98,0x8c,0xdd,0xff,
0xff,0x9c,0xdf,0xdd,0xfd,0xcf,0xcc,0x33,0x33,0xd3,0x28,0xf9,0x99,0x9c,0x33,0x33,0x88,0x83,0x88,0x89,0x98,0x99,0x99,0x99,0x99,0x99,0x99,0x99,0x99,0x9c,0x88,0x58,
0x55,0x55,0x88,0x88,0x89,0x98,0x99,0x99,0x99,0x88,0x99,0x99,0x89,0x99,0x98,0x99,0x99,0x88,0xc3,0x3f,0x33,0x9c,0x33,0x88,0xc9,0xff,0xff,0xdf,0xcf,0xcc,0xff,0xcd,
0xcc,0x33,0x33,0xc8,0x2f,0xfd,0xf5,0x33,0x33,0x23,0x32,0x38,0x33,0x33,0x33,0x83,0x99,0xc9,0x99,0xcc,0xcc,0x9c,0x99,0x99,0xc9,0x9c,0x99,0x99,0x89,0x88,0x99,0x38,
0x38,0x33,0x33,0x33,0x33,0x33,0x33,0x88,0x83,0x99,0x99,0x99,0x89,0xcd,0x93,0x3d,0xf9,0x3c,0xf3,0xff,0xff,0xff,0xdf,0xdc,0xff,0xdd,0xcc,0x8d,0xcc,0x93,0xcf,0xfc,
0x8d,0x5c,0x33,0x23,0x33,0x22,0x33,0x32,0x32,0x3c,0x99,0x99,0x99,0x99,0x99,0xcc,0x99,0x99,0x99,0x99,0x89,0x38,0x33,0x33,0x33,0x33,0x33,0x33,0x33,0x33,0x33,0x22,
0x22,0x32,0x33,0x33,0xdd,0xc9,0x39,0xf8,0xd8,0xc9,0xcf,0x33,0xfd,0xff,0xff,0xff,0xff,0xdc,0xff,0xff,0xfd,0xdf,0xfd,0x9c,0xff,0xfc,0xdc,0x5c,0xff,0x22,0x12,0x22,
0x18,0x39,0xd3,0x9c,0x99,0x99,0x99,0x99,0x99,0x99,0x99,0x99,0x99,0x99,0x99,0x88,0x99,0x99,0x99,0x89,0x88,0x83,0x83,0x33,0x33,0x83,0x33,0x88,0x38,0x38,0x33,0xcd,
0xcc,0xf9,0xfc,0xfc,0xdc,0xdc,0xff,0xfd,0xff,0xff,0xff,0xcd,0x9f,0xff,0xff,0xdf,0x8c,0xcf,0xfc,0xff,0xfc,0xfc,0xcc,0x3c,0x33,0x33,0xfc,0xcc,0xfc,0x9d,0x99,0x99,
0x99,0x99,0x99,0x99,0x9c,0x99,0x99,0x99,0x99,0x99,0x99,0x99,0x99,0x99,0x99,0x99,0x99,0x89,0x33,0x33,0x33,0x83,0x9c,0xdc,0xcc,0xdc,0xfc,0xdd,0xdf,0xdf,0xff,0xdd,
0x2d,0xd3,0xff,0xff,0xff,0x9d,0x9c,0xd9,0xcc,0xcd,0xd9,0xfd,0xfd,0xff,0xcf,0x8f,0x32,0x32,0x38,0x9c,0xcc,0xcf,0xff,0xdc,0x99,0x99,0x99,0x99,0x9c,0x99,0x99,0x99,
0x99,0x99,0x99,0x99,0x99,0x99,0x99,0x99,0x99,0x99,0x88,0x88,0x33,0x33,0x88,0x98,0xcc,0x9c,0xfc,0xcd,0xfd,0xff,0xff,0xdf,0x8f,0xc9,0xcc,0xfd,0xff,0xff,0x89,0x99,
0x83,0x89,0x8c,0x33,0x23,0xf8,0xff,0xff,0xff,0xcd,0xfd,0xcc,0xdc,0xdf,0x9c,0xdf,0xdf,0xdc,0x99,0xcc,0x9c,0x99,0x99,0x99,0x99,0x99,0x99,0x99,0x99,0x99,0x99,0x99,
0x99,0x99,0x99,0x99,0x88,0x88,0x33,0x83,0x88,0xd9,0xfd,0x8f,0xcf,0xfd,0xff,0xff,0xff,0xff,0x8d,0xd3,0xdd,0xff,0xff,0xff,0x59,0x45,0x99,0x33,0x33,0x93,0x99,0xd8,
0xff,0xff,0xff,0xfd,0x9d,0xcf,0xdc,0xfc,0xdf,0xfd,0xcf,0x9f,0xd9,0xff,0xcf,0x99,0x99,0x99,0x99,0x99,0x99,0x99,0x99,0x99,0x99,0x99,0x99,0x99,0x99,0x99,0x99,0x99,
0x99,0x38,0x33,0x33,0xc9,0x39,0x88,0xdc,0xff,0xff,0xff,0xff,0xcd,0x39,0x88,0xdc,0xfd,0xdd,0xaf,0x41,0x9c,0x88,0xc8,0xdf,0xcc,0xcd,0xff,0xff,0xff,0x9d,0x83,0x99,
0xcc,0xcc,0xff,0xfd,0xff,0xcc,0xff,0x9c,0x99,0x99,0x99,0x99,0x99,0x99,0x99,0x99,0x99,0x99,0x99,0x99,0x99,0x99,0x99,0x99,0x99,0x99,0xc9,0xcc,0xc9,0xcc,0xcc,0x99,
0xdc,0xdf,0xfc,0xff,0xff,0xff,0xcc,0x3c,0xfc,0xcc,0xcc,0xcc,0xfd,0xaa,0xcc,0xc9,0xff,0xcd,0xcc,0xc9,0xff,0xff,0xff,0xdd,0x3c,0xfc,0xff,0xcc,0xdc,0xff,0xff,0xfc,
0xcf,0x99,0x99,0xc9,0xcc,0xcc,0xcc,0x99,0x99,0x99,0x99,0x99,0x99,0x99,0x99,0x99,0x99,0x99,0xcc,0xcc,0xdc,0xdd,0xdd,0xfd,0xdf,0xdd,0xff,0xdf,0xcc,0xff,0xcf,0xdd,
0x9c,0xfc,0xff,0xcf,0xc9,0x4c,0xff,0xff,0xcf,0xff,0xff,0xcf,0xcc,0x9c,0xfd,0xff,0xff,0x9f,0xdc,0xff,0xcd,0xcc,0xcc,0xf8,0xff,0xfd,0xff,0xdf,0xcc,0xcc,0xcc,0xcc,
0xcc,0x99,0x99,0x99,0x99,0x99,0x99,0x99,0x99,0x99,0x99,0x99,0x99,0x99,0x99,0x99,0xdd,0xff,0x9d,0xc9,0xff,0xff,0xfd,0xdd,0xcd,0x93,0x33,0xff,0xff,0xff,0xcf,0xaf,
0xff,0xfc,0xff,0xff,0xff,0xff,0xfc,0xcc,0xfc,0xff,0x2d,0xcc,0xfc,0xff,0xcf,0xcc,0x99,0xdd,0xff,0xff,0xdf,0x99,0x9c,0xcc,0x99,0x99,0x99,0x99,0x99,0x99,0x99,0x99,
0x99,0x99,0x99,0x99,0x99,0x88,0x38,0x33,0x33,0x33,0x93,0xcd,0x33,0xfd,0xff,0xff,0xff,0x8f,0x89,0x33,0xf9,0xff,0xff,0xff,0xdf,0xff,0x9c,0xf9,0xcc,0xff,0xff,0xff,
0xfc,0xcc,0xdc,0xff,0xcd,0x89,0xff,0xff,0xff,0xcc,0xdd,0xdd,0xff,0xff,0x9f,0xc9,0xd9,0x9d,0x99,0x99,0x99,0x99,0x99,0x99,0x99,0x99,0x99,0x99,0x99,0x9c,0xcc,0x89,
0x98,0x98,0xc9,0xd8,0xcc,0xc9,0xdc,0xff,0xff,0xff,0xcc,0x88,0x33,0x93,0xfd,0xff,0xff,0x9f,0xfc,0xfc,0xdf,0xff,0xfc,0xff,0xff,0xff,0xfd,0xdf,0x9c,0xcc,0xcd,0xfc,
0xff,0xff,0xff,0xcf,0xdf,0xcd,0xff,0xff,0xcf,0xdc,0xfd,0xd9,0x99,0x99,0x99,0x99,0x99,0x99,0x99,0x99,0x99,0x99,0x99,0x89,0x99,0x88,0xc9,0xdd,0xdd,0xcc,0x8c,0xc9,
0xc9,0xcc,0xcc,0x99,0x99,0xc9,0xcc,0xfd,0xff,0xff,0xff,0xff,0xfd,0xff,0xff,0xff,0xff,0xff,0xff,0xff,0xff,0xff,0xdc,0x93,0xc3,0xff,0xff,0xff,0xff,0xcf,0xdf,0xdd,
0xfd,0xdf,0xd9,0xd9,0xff,0x9f,0x99,0x99,0x99,0x99,0x99,0x99,0x99,0x99,0x99,0x99,0x99,0x98,0x33,0x98,0x89,0x99,0xcc,0x9c,0x99,0x99,0x99,0x99,0x89,0x99,0xcc,0xfd,
0xdf,0xff,0xff,0xff,0xff,0xff,0xff,0xff,
},
{ // flying
0xaa,0xaa,0xaa,0xaa,0xaa,0xaa,0xaa,0xaa,0xaa,0xaa,0xaa,0xaa,0xaa,0xaa,0xaa,0xaa,0xaa,0xaa,0xaa,0xaa,0xaa,0xaa,0xaa,0xaa,0xaa,0xaa,0xaa,0xaa,0xaa,0xaa,0xaa,0xaa,
0xaa,0xaa,0xaa,0xaa,0xaa,0xaa,0xaa,0xaa,0xaa,0xaa,0xaa,0xaa,0xaa,0xaa,0xaa,0xaa,0xaa,0xaa,0xaa,0xaa,0xaa,0xaa,0xaa,0x4a,0x11,0x20,0xaa,0xaa,0xaa,0xaa,0xaa,0xaa,
0xaa,0xaa,0xaa,0xaa,0xaa,0xaa,0xaa,0xaa,0xaa,0xaa,0xaa,0xaa,0xaa,0xaa,0xaa,0xaa,0xaa,0xaa,0xaa,0xaa,0xaa,0xaa,0xaa,0xaa,0xaa,0xaa,0xaa,0xaa,0xaa,0xaa,0xaa,0xaa,
0xaa,0xaa,0xaa,0xaa,0xaa,0xaa,0xaa,0xaa,0xaa,0xaa,0xaa,0xaa,0xaa,0xaa,0xaa,0xaa,0xaa,0x26,0x22,0x12,0xaa,0xaa,0xaa,0xaa,0xaa,0xaa,0xaa,0xaa,0xaa,0xaa,0xaa,0xaa,
0xaa,0xaa,0xaa,0xaa,0xaa,0xaa,0xaa,0xaa,0xaa,0xaa,0xaa,0xaa,0xaa,0xaa,0xaa,0xaa,0xaa,0xaa,0xaa,0xaa,0xaa,0xaa,0xaa,0xaa,0xaa,0xaa,0xaa,0xaa,0xaa,0xaa,0xaa,0xaa,
0xaa,0xaa,0xaa,0xaa,0xaa,0xaa,0xaa,0xaa,0xaa,0xaa,0xaa,0x2a,0x22,0x21,0xaa,0xaa,0xaa,0x5d,0xaa,0x6a,0xa6,0xaa,0xaa,0xaa,0xaa,0xaa,0xaa,0xaa,0xaa,0xaa,0xaa,0xaa,
0xaa,0xaa,0xaa,0xaa,0xaa,0xaa,0xaa,0xaa,0xaa,0xaa,0xaa,0xaa,0xaa,0xaa,0xaa,0xaa,0xaa,0xaa,0xaa,0xaa,0xaa,0xaa,0xaa,0xaa,0xaa,0xaa,0xaa,0xaa,0xaa,0xaa,0xaa,0xaa,
0xaa,0xaa,0xaa,0xaa,0xaa,0x22,0x22,0x22,0xa2,0xaa,0xaa,0x8d,0xa5,0xa9,0xaa,0xaa,0xaa,0xaa,0xaa,0x66,0xa6,0xaa,0x66,0xa6,0xaa,0xaa,0xaa,0xaa,0xaa,0xaa,0xaa,0xaa,
0xaa,0xaa,0xaa,0xaa,0xaa,0xaa,0xaa,0xaa,0xaa,0xaa,0xaa,0xaa,0xaa,0xaa,0xaa,0xaa,0xaa,0xaa,0xaa,0xaa,0xaa,0xaa,0xaa,0xaa,0xaa,0xaa,0xaa,0xaa,0x6a,0x6a,0x11,0x22,
0x22,0x22,0x22,0xd6,0xda,0x89,0xd8,0x68,0xa6,0xaa,0xaa,0xaa,0xaa,0xaa,0x6a,0x46,0x24,0x21,0xa6,0xaa,0xaa,0xaa,0xaa,0xaa,0xaa,0xaa,0xaa,0xaa,0xaa,0xaa,0xaa,0xaa,
0xaa,0xaa,0xaa,0xaa,0xaa,0xaa,0xaa,0xaa,0xaa,0xaa,0xaa,0xaa,0xaa,0xaa,0xaa,0xaa,0xaa,0xaa,0xaa,0xaa,0xaa,0x6a,0x01,0x21,0x22,0x22,0x22,0x22,0x96,0x99,0x99,0x8d,
0x85,0x55,0x65,0xaa,0xaa,0xaa,0xaa,0xaa,0xaa,0xaa,0x66,0x12,0x11,0x64,0xaa,0xaa,0xaa,0xaa,0xaa,0xaa,0xaa,0xaa,0xaa,0xaa,0xaa,0xaa,0xaa,0xaa,0xaa,0xaa,0xaa,0xaa,
0xaa,0xaa,0xaa,0xaa,0xaa,0xaa,0xaa,0xaa,0xaa,0xaa,0xaa,0xaa,0xaa,0xaa,0x6a,0x24,0x22,0x42,0x64,0x46,0x42,0x24,0xdd,0xdd,0xcd,0x5d,0x88,0x88,0x88,0xa6,0x6a,0xaa,
0xaa,0xaa,0xaa,0xaa,0x6a,0x24,0x21,0x66,0xa6,0xaa,0xaa,0xaa,0xaa,0xaa,0xaa,0xaa,0xaa,0xaa,0xaa,0xaa,0xaa,0xaa,0xaa,0xaa,0xaa,0xaa,0xaa,0xaa,0xaa,0xaa,0xaa,0xaa,
0xaa,0xaa,0xaa,0xaa,0xaa,0xaa,0xaa,0x6a,0x44,0x64,0x46,0x66,0x6a,0x42,0x66,0x64,0xda,0xd8,0x8c,0x5c,0x83,0x53,0x63,0xa6,0xaa,0xaa,0xaa,0xaa,0x6a,0xa6,0x46,0x12,
0x61,0xaa,0xaa,0xaa,0xaa,0xaa,0xaa,0xaa,0xaa,0xaa,0xaa,0xaa,0xaa,0xaa,0xaa,0xaa,0xaa,0xaa,0xaa,0xaa,0xaa,0xaa,0xaa,0xaa,0xaa,0xaa,0xaa,0xaa,0xaa,0xaa,0xaa,0xaa,
0xaa,0x46,0xa6,0xaa,0xaa,0xaa,0x46,0x66,0xaa,0xaa,0xa6,0x6c,0xc6,0x38,0x83,0x33,0x63,0x66,0x66,0xa6,0x6a,0xaa,0xaa,0x6a,0x44,0x22,0x21,0x66,0xaa,0xaa,0xaa,0xaa,
0xaa,0xaa,0xaa,0xaa,0xaa,0xaa,0xaa,0xaa,0xaa,0xaa,0xaa,0xaa,0xaa,0xaa,0xaa,0xaa,0xaa,0xaa,0xaa,0xaa,0xaa,0xaa,0xaa,0xaa,0xaa,0x66,0x66,0xaa,0xaa,0xaa,0x66,0x66,
0xaa,0xaa,0xaa,0xaa,0xa6,0x6d,0xcc,0x38,0x33,0x83,0x66,0x66,0x66,0x66,0x3a,0x64,0x66,0xa6,0x6a,0x22,0x42,0x22,0x64,0xa6,0xaa,0xaa,0xaa,0xaa,0xaa,0xaa,0xaa,0xaa,
0xaa,0xaa,0xaa,0xaa,0xaa,0xaa,0xaa,0xaa,0xaa,0xaa,0xaa,0xaa,0xaa,0xaa,0xaa,0xaa,0xaa,0xaa,0x6a,0xa6,0xaa,0xaa,0x6a,0x66,0x66,0x66,0x66,0x66,0x66,0x66,0x66,0xa6,
0xa8,0x5d,0x35,0x53,0x66,0x66,0x66,0x66,0x3a,0x40,0x66,0x66,0x66,0x44,0xa6,0x46,0x66,0x66,0x66,0xa6,0xaa,0xaa,0xaa,0xaa,0xaa,0xaa,0xaa,0xaa,0xaa,0xaa,0xaa,0xaa,
0xaa,0xaa,0xaa,0xaa,0xaa,0xaa,0xaa,0xaa,0xaa,0xaa,0xaa,0xaa,0xaa,0xaa,0x6a,0x66,0x66,0x66,0x66,0x66,0x66,0x66,0x66,0x66,0x66,0xa6,0xca,0x8d,0x33,0x65,0x66,0x66,
0xaa,0xad,0x56,0x53,0x63,0x66,0x66,0x66,0x64,0x66,0x66,0x66,0x66,0x66,0xa6,0xaa,0xa6,0x66,0x66,0x66,0xaa,0x6a,0x66,0xaa,0xaa,0xaa,0x66,0x6a,0x66,0x6a,0x66,0x66,
0x66,0x66,0xa6,0x6a,0x66,0x44,0x66,0x66,0x66,0x66,0x66,0x66,0x66,0x66,0x66,0x66,0x66,0x66,0x64,0x66,0xca,0x38,0x33,0x66,0x66,0xa6,0xaa,0xdd,0x56,0x83,0x35,0x66,
0x66,0x66,0x66,0x66,0x66,0x66,0x66,0x66,0x66,0x66,0x66,0x66,0x66,0x66,0x66,0x66,0x66,0x66,0x66,0x66,0x66,0x66,0x66,0x66,0x66,0x66,0x46,0x66,0x66,0x66,0x26,0x01,
0x41,0x66,0x66,0x66,0x66,0x66,0x66,0x66,0x66,0x66,0x66,0x66,0x66,0x66,0x66,0x56,0x65,0x66,0x5a,0xd5,0xad,0xda,0xdd,0x33,0x35,0x65,0x66,0x66,0x66,0x66,0x66,0x66,
0x66,0x66,0x66,0x66,0x66,0x66,0x66,0x66,0x66,0x66,0x66,0x66,0x66,0x66,0x66,0x66,0x66,0x66,0x66,0x56,0x58,0x55,0x66,0x66,0x12,0x01,0x00,0x64,0x66,0x66,0x66,0x66,
0x66,0x66,0x66,0x66,0x66,0x66,0x66,0x66,0x66,0x36,0x64,0x66,0xda,0xdd,0xaa,0xdd,0x3d,0x33,0x38,0xa3,0x45,0x66,0x66,0x66,0x66,0x66,0x66,0x66,0x66,0x66,0x46,0x64,
0x66,0x66,0x66,0x66,0x66,0x66,0x66,0x66,0x66,0x66,0x66,0x66,0x66,0x66,0x58,0x35,0x26,0x20,0x11,0x01,0x00,0x60,0x66,0x66,0x66,0xa6,0x64,0x66,0x66,0x66,0x66,0x66,
0x42,0x66,0x66,0x56,0x66,0xa6,0xda,0xda,0xdd,0xdd,0x39,0x33,0x38,0xd3,0x38,0x66,0x66,0x66,0x66,0x46,0x01,0x64,0x66,0x66,0x66,0x22,0x66,0x66,0x66,0x66,0x66,0x66,
0x66,0x66,0x66,0x66,0x66,0x66,0x66,0x66,0x56,0x43,0x22,0x01,0x11,0x11,0x10,0x64,0x66,0x66,0x66,0xa6,0x24,0x66,0x66,0x66,0x66,0x66,0x00,0x41,0x66,0x66,0x66,0xaa,
0xdd,0xdd,0xdd,0xdd,0x99,0x33,0x38,0x83,0x35,0x64,0x66,0x66,0x66,0x12,0x00,0x10,0x66,0x66,0x66,0x26,0x62,0x12,0x66,0x66,0x66,0x66,0x66,0x66,0x66,0x66,0x66,0x66,
0x66,0x66,0x86,0x63,0x22,0x12,0x11,0x00,0x00,0x21,0x10,0x66,0x66,0xa6,0x14,0x66,0x66,0x66,0x66,0x44,0x00,0x00,0x66,0x66,0x66,0xaa,0xdd,0xda,0xdd,0x99,0x99,0x38,
0x83,0x85,0x88,0x63,0x46,0x66,0x26,0x12,0x01,0x00,0x61,0x66,0x66,0x66,0x01,0x62,0x66,0x66,0x66,0x66,0x66,0x66,0x66,0x66,0x26,0x64,0x66,0x66,0x56,0x24,0x22,0x11,
0x11,0x12,0x00,0x00,0x00,0x61,0x66,0xaa,0x35,0x64,0x66,0x66,0x24,0x01,0x00,0x10,0x24,0xa4,0xa8,0xda,0xdd,0x9d,0xb9,0x8b,0x83,0x58,0xd3,0xc8,0x8d,0x43,0x01,0x41,
0x26,0x12,0x11,0x00,0x40,0x66,0x66,0x46,0x24,0x64,0x66,0x66,0x66,0x66,0x66,0x66,0x46,0x24,0x42,0x66,0x66,0x66,0x54,0x12,0x22,0x12,0x11,0x22,0x11,0x10,0x10,0x24,
0x62,0xaa,0x3c,0x45,0x66,0x46,0x12,0x01,0x00,0x00,0x00,0xa2,0xaa,0xaa,0xdd,0xbd,0xdd,0x5a,0x30,0x3c,0x83,0xd5,0x8c,0x13,0x11,0x10,0x22,0x22,0x11,0x10,0x41,0x66,
0x66,0x66,0x66,0x66,0x66,0x66,0x66,0x66,0x66,0x66,0x66,0x66,0x66,0x66,0x12,0x22,0x42,0x22,0x22,0x22,0x22,0x22,0x22,0x21,0x01,0x01,0xa1,0xaa,0x34,0x24,0x44,0x12,
0x21,0x12,0x00,0x00,0x00,0xa6,0xaa,0xaa,0xdd,0xdd,0xdd,0x5a,0x33,0x53,0x33,0xdc,0x85,0x33,0x11,0x00,0x10,0x21,0x12,0x00,0x62,0x66,0x66,0x66,0x66,0x66,0x66,0x66,
0x66,0x66,0x66,0x66,0x66,0x66,0x44,0x22,0x22,0x22,0x22,0x22,0x22,0x22,0x22,0x22,0x22,0x22,0x22,0x22,0xa6,0xaa,0x06,0x35,0x42,0x22,0x22,0x22,0x01,0x10,0x20,0xaa,
0x6a,0xda,0xdd,0xdd,0xa6,0x8a,0x30,0x83,0x33,0xdd,0x88,0x38,0x11,0x01,0x00,0x20,0x12,0x21,0x40,0x42,0x66,0x66,0x66,0x66,0x66,0x66,0x66,0x66,0x66,0x66,0x46,0x42,
0x64,0x66,0x46,0x42,0x44,0x22,0x44,0x24,0x22,0x22,0x22,0x22,0x22,0x62,0xaa,0xaa,0x16,0x35,0x44,0x22,0x22,0x24,0x33,0x10,0xa2,0xaa,0xaa,0xda,0xdd,0xaa,0xc6,0x8a,
0x30,0x83,0x33,0xd8,0x33,0x58,0x12,0x01,0x00,0x00,0x44,0x55,0x33,0x01,0x42,0x66,0x66,0x66,0x66,0x64,0x44,0x66,0x66,0x46,0x64,0x66,0x66,0x66,0x64,0x46,0x66,0x64,
0x46,0x24,0x44,0x46,0x22,0x42,0x42,0xa6,0xaa,0xaa,0x26,0x95,0xc3,0x22,0x46,0x44,0x53,0x13,0xa6,0x6a,0xaa,0x9d,0xd9,0xaa,0x66,0x8a,0x53,0x83,0x35,0xd8,0x05,0x82,
0x13,0x11,0x01,0x00,0x65,0x88,0x85,0x15,0x42,0x24,0x64,0x66,0x66,0x26,0x64,0x66,0x66,0x66,0x66,0x66,0x66,0x66,0x66,0x66,0x66,0x66,0x66,0x66,0x66,0x44,0x44,0xbd,
0x65,0xaa,0xad,0x65,0x24,0x98,0xb7,0x53,0x2d,0x44,0x55,0xc3,0x6a,0x6a,0xda,0x99,0xad,0xaa,0x6a,0xdd,0x53,0x33,0x8d,0x63,0x01,0x20,0x23,0x12,0x11,0x00,0x61,0x66,
0x55,0x02,0x62,0x64,0x46,0x66,0x66,0x66,0x66,0x66,0x66,0x66,0x66,0x66,0x66,0x66,0x66,0x66,0x66,0x66,0x66,0x66,0x44,0x44,0x44,0xda,0xd8,0xdd,0xdd,0x95,0x85,0x9d,
0xeb,0x98,0x5d,0x44,0x66,0xdd,0x46,0xa6,0x89,0xad,0x6d,0xc6,0x58,0x4d,0x02,0x00,0x35,0x11,0x01,0x00,0x11,0x11,0x21,0x12,0x40,0x66,0x35,0x00,0x11,0x40,0x64,0x46,
0x66,0x66,0x66,0x66,0x66,0x66,0x66,0x66,0x66,0x66,0x66,0x66,0x66,0x66,0x44,0x44,0x44,0x44,0x99,0xb9,0x99,0x99,0x77,0x97,0x78,0x73,0x87,0x99,0x88,0x99,0x40,0x5d,
0x01,0x40,0xaa,0xa6,0x4d,0xdd,0xad,0xad,0x3a,0x10,0x46,0x01,0x24,0x12,0x11,0x11,0x62,0x3a,0x01,0x61,0x25,0x10,0x00,0x10,0x44,0x24,0x44,0x44,0x44,0x44,0x44,0x64,
0x64,0x66,0x66,0x66,0x64,0x66,0x66,0x44,0x44,0x44,0x94,0xbb,0xdb,0xdb,0xdd,0xcd,0x9d,0xdd,0x9d,0xdb,0x9d,0xd9,0x99,0x77,0x00,0x22,0x01,0x10,0x41,0xd6,0xcd,0xdd,
0xdd,0xdd,0x3a,0x33,0x88,0x33,0xc5,0x58,0x33,0x22,0xaa,0x3d,0x23,0x40,0x14,0x11,0x11,0x10,0x44,0x44,0x44,0x44,0x44,0x44,0x44,0x44,0x44,0x64,0x66,0x44,0x44,0x66,
0x46,0x44,0x44,0x44,0xd4,0xdd,0xdd,0xdd,0xcd,0xcc,0xbd,0xdc,0x5d,0x35,0x88,0xdc,0xcd,0xd8,0x11,0x00,0x00,0x00,0x00,0x52,0xc8,0x9d,0xdd,0xdd,0x3a,0x33,0xd8,0x33,
0x83,0x89,0x35,0xd8,0xaa,0x5d,0x33,0x10,0x11,0x11,0x10,0x20,0x44,0x44,0x44,0x44,0x44,0x44,0x64,0x44,0x44,0x44,0x44,0x44,0x44,0x44,0x44,0x44,0x44,0x44,0x64,0xcd,
0x8d,0xdc,0x8d,0xd8,0xdd,0xc8,0xcd,0x33,0x3c,0xd8,0x88,0xc3,0x11,0x11,0x11,0x11,0x11,0x41,0x55,0xd9,0x79,0x58,0x3d,0x33,0xd8,0x33,0x33,0x5d,0x38,0xd5,0xad,0x56,
0x83,0x02,0x10,0x22,0x01,0x00,0x02,0x40,0x44,0x44,0x44,0x44,0x86,0x45,0x44,0x42,0x44,0x44,0x44,0x44,0x44,0x44,0x44,0x44,0x44,0x88,0x8d,0xdd,0x8d,0xc8,0xdc,0xc8,
0x8d,0x33,0x3d,0x8c,0xc5,0xd3,0x22,0x22,0x22,0x42,0x55,0xdd,0x99,0x89,0x98,0x35,0x88,0x35,0xa8,0x33,0x33,0x3d,0x83,0xd8,0xcd,0x55,0x33,0x13,0x21,0x26,0x11,0x01,
0x00,0x20,0x44,0x44,0x24,0x64,0x5c,0x55,0x24,0x00,0x42,0x44,0x44,0x44,0x44,0x44,0x44,0x12,0x20,0xc6,0xdd,0xdd,0xcd,0x88,0xd8,0xc8,0x3c,0x83,0x8c,0xcd,0x38,0xd3,
0x44,0x46,0x44,0xda,0x9d,0xd9,0x8d,0x99,0xd9,0x33,0x83,0x35,0xa8,0x33,0x38,0x38,0x83,0xd8,0xdd,0xc9,0x83,0x13,0x01,0x22,0x12,0x11,0x00,0x00,0x21,0x24,0x84,0x89,
0x88,0x58,0x55,0x02,0x20,0x42,0x44,0x44,0x44,0x44,0x44,0x11,0x00,0xc1,0xd8,0x8d,0xdd,0x88,0xc8,0xcc,0x3c,0x83,0x83,0xcd,0x33,0xd8,0xaa,0xa6,0xaa,0xdd,0x99,0xd9,
0x98,0xd9,0xac,0x33,0x33,0x38,0xd8,0xc5,0x79,0x5c,0x53,0xd3,0x9d,0x83,0x85,0x53,0x21,0x11,0x11,0x11,0x11,0x11,0x01,0x21,0x62,0xc8,0x88,0x55,0x55,0x02,0x00,0x20,
0x22,0x42,0x22,0x12,0x12,0x00,0x00,0x40,0xc5,0xcd,0xdd,0x88,0xc8,0xdc,0x3c,0x83,0x83,0xcc,0x33,0xd5,0xaa,0xaa,0xda,0x99,0x85,0xd9,0xd9,0xa6,0xaa,0x55,0x55,0x55,
0x55,0x32,0x58,0x87,0x53,0xc3,0x9d,0x35,0x38,0x85,0x44,0x22,0x22,0x24,0x22,0x22,0x42,0x22,0x22,0x65,0x66,0x53,0x43,0x11,0x11,0x11,0x11,0x11,0x01,0x10,0x11,0x11,
0x11,0x01,0x84,0xcc,0xac,0x8d,0xd8,0xdd,0x8d,0x88,0x83,0xdc,0x38,0x55,0xaa,0x6a,0xc6,0x55,0x83,0xdd,0xad,0x6a,0x6d,0x12,0x34,0x12,0x22,0x01,0x00,0x83,0x53,0x85,
0x9d,0x85,0x38,0x53,0x43,0x64,0xa4,0x5a,0x44,0x22,0x44,0x24,0x24,0x66,0x66,0x53,0x25,0x21,0x11,0x22,0x22,0x22,0x22,0x22,0x11,0x11,0x11,0x11,0x82,0x5c,0xa4,0xdd,
0xdc,0xdd,0xcd,0x88,0xd3,0xdd,0x88,0x12,0x41,0x66,0x6a,0x55,0xd5,0xdd,0xaa,0x66,0x26,0x01,0x20,0x02,0x10,0x00,0x00,0x21,0x53,0x35,0x9c,0xd8,0x89,0x53,0x53,0xa6,
0xaa,0x8a,0x13,0x00,0x22,0x22,0x22,0x44,0x66,0x55,0x24,0x22,0x22,0x22,0x22,0x22,0x44,0x22,0x22,0x12,0x11,0x22,0x52,0x58,0xc2,0xd8,0xdd,0xdd,0x3c,0x83,0xd8,0xcd,
0x53,0x11,0x00,0x62,0x66,0x56,0xa6,0xad,0x66,0x66,0x24,0x12,0x01,0x01,0x00,0x00,0x00,0x00,0x21,0x02,0x92,0xd9,0x5a,0x85,0x55,0xdd,0xaa,0x5a,0x33,0x00,0x00,0x22,
0x22,0x22,0x66,0x55,0x22,0x22,0x22,0x22,0x22,0x42,0x46,0x24,0x11,0x21,0x12,0x22,0x42,0x2d,0x42,0xdd,0x6d,0xdd,0x35,0x38,0x83,0xc5,0x28,0x21,0x00,0x20,0x66,0x66,
0xaa,0x6d,0x66,0x44,0x24,0x22,0x22,0x11,0x11,0x11,0x11,0x01,0x00,0x01,0x21,0xa5,0x36,0x85,0x53,0xdd,0xdd,0x58,0x53,0x02,0x00,0x10,0x12,0x21,0x64,0x45,0x22,0x24,
0x22,0x22,0x22,0x66,0x46,0x44,0x22,0x11,0x11,0x11,0x11,0x25,0x21,0xa5,0xad,0xdd,0x38,0x38,0x25,0xc2,0x23,0x11,0x00,0x00,0x64,0x66,0xaa,0x6a,0x66,0xa6,0x6a,0x46,
0x44,0x44,0x22,0x22,0x22,0x22,0x22,0x42,0x22,0x44,0x24,0x33,0x33,0xd8,0x8d,0x5d,0x35,0x15,0x11,0x11,0x11,0x11,0x61,0x15,0x11,0x22,0x21,0x42,0x66,0x66,0x46,0x44,
0x44,0x12,0x11,0x11,0x22,0x22,0x12,0x61,0xaa,0xda,0xcd,0x3c,0x13,0x81,0x23,0x11,0x00,0x10,0x64,0x66,0xaa,0x66,0x66,0xa6,0x66,0xa6,0x85,0x56,0x25,0x44,0x66,0x34,
0x33,0x33,0x95,0xaa,0x4a,0x52,0x35,0x85,0x9d,0x59,0x53,0x35,0x11,0x21,0x22,0x22,0x22,0x12,0x11,0x21,0x42,0x64,0x66,0x66,0x44,0x44,0x44,0x44,0x44,0x12,0x11,0x11,
0x11,0x41,0xdd,0xdd,0x88,0x8c,0x12,0x51,0x44,0x22,0x00,0x20,0x46,0x66,0x46,0x10,0x62,0x6a,0x66,0xa6,0x55,0x6a,0x55,0xa8,0x6a,0x42,0x33,0x33,0x53,0xad,0x6a,0x53,
0x55,0x53,0x48,0x52,0x35,0x56,0x02,0x00,0x11,0x22,0x22,0x44,0x44,0x44,0x44,0x44,0x44,0x44,0x44,0x22,0x24,0x64,0x44,0x44,0x22,0x12,0x11,0x12,0xa8,0xd6,0x85,0x38,
0x11,0x62,0x46,0x44,0x00,0x00,0x01,0x44,0x11,0x00,0x00,0x64,0x66,0x66,0x84,0x79,0x68,0xa5,0x46,0x52,0x34,0x44,0x33,0xac,0x66,0x44,0x55,0x53,0x14,0x10,0x31,0x55,
0x25,0x10,0x04,0x20,0x02,0x41,0x44,0x12,0x41,0x44,0x44,0x44,0x44,0x24,0x54,0x55,0x55,0x44,0x44,0x24,0x42,0x22,0xa4,0xaa,0x88,0x28,0x44,0x44,0x44,0x44,0x00,0x00,
0x00,0x22,0x12,0x00,0x00,0x61,0x66,0xd6,0xf8,0x77,0x77,0x66,0x66,0x46,0x46,0x43,0x33,0x42,0x66,0x56,0x3a,0x42,0x24,0x01,0x01,0x20,0x55,0x64,0x3a,0x01,0x00,0x00,
0x12,0x01,0x10,0x44,0x44,0x22,0x24,0x52,0x99,0x99,0x88,0x58,0x24,0x42,0x44,0x44,0x64,0xaa,0x88,0x45,0x44,0x44,0x44,0x44,0x00,0x00,0x00,0x00,0x10,0x01,0x00,0x42,
0x64,0xff,0x7e,0x7e,0x77,0x67,0x16,0x46,0x66,0x43,0x24,0x62,0x66,0x66,0x26,0x01,0x11,0x01,0x64,0x53,0x58,0xa8,0x5a,0x03,0x11,0x00,0x00,0x11,0x00,0x20,0x11,0x20,
0x12,0x21,0xd8,0x88,0x55,0x58,0x42,0x44,0x42,0x12,0x11,0xa6,0x85,0x12,0x41,0x44,0x22,0x22,0x20,0x01,0x03,0x00,0x00,0x01,0x00,0x90,0x53,0xfd,0xff,0x7f,0x77,0x77,
0x48,0x86,0x64,0x46,0x24,0x21,0x41,0x44,0x22,0x12,0x11,0x00,0x41,0x32,0x55,0x85,0x4a,0x25,0x00,0x00,0x00,0x11,0x11,0x21,0x22,0x11,0x11,0x01,0x64,0x66,0x53,0x25,
0x22,0x22,0x10,0x11,0x00,0xa2,0x48,0x00,0x10,0x11,0x22,0x22,0x38,0x25,0x39,0x07,0x93,0x03,0x10,0xf8,0xfe,0xff,0xfe,0xee,0x7f,0x7f,0x8e,0x97,0x65,0x46,0x12,0x23,
0x33,0x00,0x20,0x22,0x22,0x22,0x11,0x10,0x44,0x55,0x55,0x55,0x02,0x11,0x01,0x40,0x34,0x01,0x10,0x21,0x22,0x22,0x42,0x66,0x55,0x02,0x11,0x11,0x11,0x10,0x24,0x51,
0x05,0x10,0x00,0x00,0x20,0x22,0xe8,0xf9,0xfe,0x9e,0xfe,0x89,0xb8,0xfe,0xff,0xef,0xee,0x7e,0x7f,0xee,0x7f,0x7e,0x57,0x55,0x93,0x97,0x17,0x03,0x00,0x22,0x22,0x44,
0x44,0x24,0x42,0x45,0x85,0x5a,0x25,0x11,0x11,0x54,0x56,0x25,0x01,0x00,0x11,0x11,0x11,0x66,0x55,0x11,0x11,0x11,0x11,0x42,0x46,0x22,0x11,0x11,0x11,0x11,0x11,0x11,
0xe9,0xee,0xee,0xee,0xee,0xee,0xe7,0xee,0xee,0xee,0xee,0x77,0x77,0x77,0x77,0x77,0x77,0xe7,0xfe,0xfe,0xdf,0x87,0x33,0x40,0x26,0x62,0xa4,0x46,0x44,0x25,0x54,0x5a,
0x55,0x24,0x22,0x62,0x56,0x15,0x11,0x11,0x00,0x00,0x01,0x64,0x25,0x10,0x11,0x24,0x44,0x44,0x44,0x44,0x24,0x22,0x11,0x11,0x11,0x11,0x33,0xe8,0xd9,0x88,0x77,0xee,
0xee,0xee,0x77,0x77,0x77,0x77,0x77,0x77,0x77,0xee,0xee,0xee,0x77,0x77,0x77,0x77,0x77,0x28,0x42,0x64,0x64,0x66,0x46,0x44,0x54,0xa5,0x44,0x45,0x24,0x42,0x54,0x24,
0x22,0x11,0x11,0x11,0x11,0x61,0x15,0x01,0x10,0x12,0x20,0x44,0x44,0x22,0x24,0x22,0x22,0x22,0x22,0x22,0x7e,0x77,0xe7,0x77,0x77,0x77,0x77,0x77,0x77,0x77,0x77,0x77,
0x77,0x77,0x77,0x7e,0x77,0x77,0x77,0x77,0x77,0x77,0x77,0x77,0x23,0x44,0x64,0x66,0x46,0x44,0x44,0x64,0x45,0x55,0x25,0x22,0x52,0x22,0x44,0x24,0x12,0x11,0x11,0x42,
0x24,0x01,0x01,0x00,0x00,0x00,0x42,0x22,0x22,0x22,0x12,0x00,0x20,0x41,0x77,0x77,0x77,0x77,0x77,0x77,0x77,0x77,0x77,0xee,0xec,0xef,0xff,0xff,0xfe,0xe7,0x77,0x77,
0x77,0x77,0xee,0xf7,0x77,0x77,0x87,0x44,0x66,0x66,0x66,0x44,0x44,0x54,0x46,0x44,0x45,0x44,0x12,0x11,0x42,0x44,0x22,0x11,0x12,0x21,0x22,0x22,0x11,0x12,0x11,0x10,
0x00,0x11,0x00,0x20,0x01,0x00,0x00,0x10,0x77,0x77,0x77,0xe7,0xee,0x77,0x77,0x77,0xe7,0xee,0xee,0xee,0xff,0xff,0xff,0xff,0xef,0xff,0x78,0x97,0x97,0xff,0xfe,0xf7,
0x9e,0x42,0x22,0x21,0x66,0x46,0x44,0x44,0x64,0x44,0x46,0x44,0x24,0x22,0x22,0x44,0x22,0x22,0x22,0x22,0x21,0x44,0x22,0x22,0x11,0x12,0x12,0x01,0x00,0x00,0x11,0x00,
0x00,0x01,0xeb,0xee,0xee,0xfe,0x7e,0xee,0xee,0xe7,0xee,0x77,0x77,0x77,0x77,0xe7,0xfe,0xff,0xff,0xff,0x3c,0x33,0x87,0xf8,0xff,0xc7,0x2c,0x12,0x00,0x00,0x40,0x46,
0x46,0x44,0x44,0x44,0x11,0x44,0x44,0x44,0x22,0x24,0x44,0x44,0x24,0x22,0x24,0x44,0x42,0x24,0x22,0x22,0x12,0x11,0x00,0x00,0x00,0x00,0x20,0x85,0x77,0xe7,0xee,0xff,
0xef,0xfe,0xee,0xee,0x77,0x77,0x77,0x77,0x77,0x77,0x77,0xf7,0xff,0xff,0xcf,0x88,0x87,0xf8,0x77,0x88,0x13,0x11,0x00,0x00,0x00,0x62,0x46,0x22,0x22,0x11,0x00,0x21,
0x44,0x44,0x24,0x01,0x40,0x64,0x44,0x44,0x44,0x44,0x44,0x44,0x44,0x22,0x12,0x11,0x00,0x00,0x00,0x20,0x55,0x88,0x7e,0x77,0x77,0xfe,0xff,0xff,0xff,0xef,0xee,0x77,
0x77,0x77,0x97,0x7e,0x77,0xc7,0xff,0xdc,0xdf,0x88,0x87,0xf8,0x77,0x88,0x03,0x10,0x01,0x00,0x00,0x40,0x02,0x00,0x00,0x11,0x01,0x00,0x42,0x22,0x11,0x01,0x11,0x21,
0x44,0x44,0x44,0x46,0x64,0x44,0x24,0x00,0x11,0x01,0x00,0x00,0x00,0x40,0x88,0x55,0x77,0x77,0x77,0x77,0xee,0xfe,0xff,0xff,0xff,0xee,0xcf,0x13,0x33,0xe8,0xc7,0x33,
0xff,0xfc,0xcf,0x88,0x38,0xf8,0xcc,0x38,0x03,0x00,0x00,0x00,0x00,0x10,0x00,0x00,0x00,0x52,0x33,0x12,0x11,0x10,0x20,0x22,0x21,0x22,0x22,0x64,0x64,0x66,0x66,0x66,
0x24,0x11,0x11,0x00,0x00,0x00,0x10,0x01,0xa5,0x86,0xee,0xee,0xee,0xee,0xee,0x77,0xe7,0xff,0xff,0xfe,0xfd,0x3c,0x33,0xe3,0x38,0x33,0xff,0xcc,0xcd,0x83,0x88,0xf8,
0x88,0x38,0x03,0x00,0x00,0x00,0x00,0x00,0x01,0x00,0x50,0x88,0x58,0x15,0x21,0x22,0x42,0x44,0x44,0x44,0x22,0x42,0x66,0x66,0x66,0x12,0x24,0x11,0x21,0x11,0x11,0x01,
0x11,0x11,0x64,0x55,0x88,0x88,0x88,0xe9,0x7e,0x77,0x77,0xe7,0xff,0xfe,0xdf,0x3c,0x33,0xf3,0x38,0x33,0xdf,0xdd,0xdc,0x88,0x88,0xf3,0x88,0x8c,0x03,0x00,0x00,0x00,
0x00,0x00,0x00,0x00,0x10,0x66,0x55,0x12,0x42,0x44,0x64,0x46,0xa6,0x45,0x66,0x64,0x24,0x66,0x24,0x11,0x11,0x11,0x22,0x11,0x11,0x21,0x11,0x12,0x41,0x61,0x38,0x33,
0x33,0x33,0xe9,0x7e,0x77,0x77,0xfe,0xcf,0xff,0x8f,0x33,0x83,0x33,0x33,0xff,0xcd,0xff,0x88,0x88,0xc3,0x8c,0xc8,0x12,0x10,0x24,0x11,0x11,0x00,0x00,0x00,0x00,0x42,
0x35,0x00,0x62,0x42,0x66,0x56,0x54,0x55,0x44,0x25,0x00,0x22,0x22,0x22,0x22,0x22,0x22,0x22,0x22,0x22,0x22,0x22,0x11,0x61,0xff,0x3c,0x11,0x31,0xc0,0xee,0x7e,0xee,
0xfe,0xdc,0xfd,0x3d,0x83,0x83,0x33,0x33,0xfc,0xcd,0xcd,0x8c,0x88,0xf3,0x8c,0x88,0x11,0x85,0x88,0x53,0x13,0x01,0x00,0x00,0x00,0x10,0x25,0x00,0x21,0x20,0x55,0x58,
0x35,0x53,0x55,0x58,0x03,0x00,0x11,0x22,0x22,0x22,0x24,0x22,0x42,0x22,0x22,0x22,0x22,0x42,0xfd,0xdd,0x38,0x33,0x33,0xef,0xee,0x33,0xf8,0xfd,0xcc,0x3c,0x33,0x33,
0x38,0x33,0xf8,0xcd,0xcc,0x83,0x88,0xf8,0x8c,0x3c,0x11,0x86,0x88,0x85,0x15,0x11,0x00,0x00,0x00,0x00,0x01,0x00,0x00,0x51,0x88,0x55,0x55,0x53,0x85,0x88,0x58,0x00,
0x00,0x00,0x21,0x22,0x22,0x44,0x12,0x00,0x10,0x22,0x22,0x22,0xdf,0xdd,0x8d,0x83,0x33,0xec,0x33,0x00,0xc3,0xcd,0xcc,0x8d,0x33,0x33,0x33,0x33,0xf8,0xfd,0xfc,0x88,
0xc8,0xfe,0xff,0x18,0x11,0x62,0x55,0x53,0x12,0x21,0x12,0x11,0x11,0x00,0x00,0x00,0x00,0x40,0xa6,0x66,0x5a,0x85,0x85,0xa5,0x25,0x00,0x11,0x11,0x22,0x22,0x22,0x44,
0x11,0x00,0x00,0x20,0x44,0x22,0xcf,0xdd,0xcd,0x33,0x33,0xc3,0x33,0x13,0x83,0xcd,0xcc,0xcd,0x33,0x33,0x38,0x33,0xfc,0xff,0xff,0xcf,0xef,0x87,0xcc,0x11,0x11,0x41,
0x55,0x35,0x22,0x21,0x22,0x11,0x12,0x01,0x00,0x10,0x00,0x00,0x66,0x64,0x66,0x66,0x55,0xa5,0x14,0x11,0x11,0x22,0x22,0x12,0x00,0x11,0x11,0x00,0x00,0x20,0x44,0x44,
0xcd,0xcc,0xdd,0x38,0x33,0xc3,0x33,0x33,0x83,0xcd,0xdc,0xcc,0x33,0x33,0x38,0x88,0xff,0xff,0xf7,0x77,0x7e,0x87,0x38,0x10,0x01,0x10,0x66,0x45,0x21,0x22,0x22,0x44,
0x24,0x11,0x00,0x10,0x11,0x10,0x42,0x61,0x66,0x66,0x55,0x44,0x22,0x22,0x22,0x22,0x12,0x11,0x00,0x00,0x00,0x00,0x00,0x00,0x20,0x44,0xcd,0xcc,0xdc,0x38,0x33,0x83,
0x38,0x33,0x83,0xdf,0xcd,0xfc,0x38,0xc8,0xff,0x88,0xfd,0xef,0xde,0x7f,0xec,0x37,0xc3,0x33,0x00,0x01,0x62,0x15,0x11,0x22,0x22,0x64,0x22,0x12,0x11,0x11,0x21,0x12,
0x11,0x21,0x62,0x66,0x55,0x22,0x22,0x22,0x22,0x52,0x3c,0x33,0x13,0x00,0x11,0x11,0x00,0x00,0x00,0x41,0xcd,0xcc,0xcc,0x3d,0x33,0x33,0x38,0x33,0x38,0xff,0xfd,0xff,
0xdf,0x88,0x8c,0x33,0xc3,0xcd,0xdc,0xcd,0x8c,0x37,0xd3,0x38,0x13,0x10,0x61,0x14,0x11,0x21,0x21,0x64,0x44,0x22,0x22,0x22,0x11,0x22,0x22,0x22,0x22,0x66,0x45,0x22,
0x22,0x42,0x44,0xd8,0xcf,0x33,0x33,0x13,0x11,0x11,0x11,0x00,0x20,0x44,0xdd,0xdd,0x8f,0xc8,0x33,0x38,0x8c,0x33,0x88,0xff,0xff,0x7e,0xce,0x33,0xc3,0x33,0x83,0xdd,
0xdc,0xcc,0x3c,0x3c,0x83,0x8c,0x88,0x00,0x21,0x22,0x12,0x21,0x22,0x44,0x44,0x44,0x22,0x01,0x00,0x20,0x22,0x22,0x22,0x64,0x44,0x24,0x42,0x44,0x54,0xfd,0xdd,0x8c,
0x8c,0x28,0x21,0x22,0x31,0x23,0x42,0x12,0xdd,0xfd,0x8c,0x03,0x88,0x03,0x83,0xc8,0x38,0xf8,0xdd,0x7d,0xf7,0x38,0x83,0x33,0x33,0xfd,0xcc,0xdc,0x38,0x38,0x83,0x8c,
0x88,0x03,0x00,0x22,0x12,0x21,0x22,0x44,0x44,0x44,0x22,0x00,0x00,0x00,0x01,0x22,0x44,0x64,0x44,0x44,0x44,0x44,0xd5,0xdf,0xfd,0x8f,0xc3,0x38,0x22,0x28,0x99,0x22,
0x12,0x00,0xcd,0xdc,0x03,0x30,0xc3,0x33,0xc3,0x3c,0x33,0xc3,0xcd,0x9c,0xf7,0x38,0x83,0x33,0x33,0xdc,0xcc,0xdc,0x8c,0x88,0x83,0x8c,0x88,0x13,0x10,0x22,0x01,0x10,
0x42,0x44,0x24,0x11,0x00,0x10,0x11,0x00,0x00,0x21,0x84,0x44,0x44,0x44,0x8c,0x85,0xdd,0xef,0xfe,0xdd,0x87,0x8c,0xe8,0x89,0x8e,0x29,0x01,0x00,0xcd,0x3c,0x00,0x35,
0x83,0x3c,0x83,0x3d,0x33,0x83,0xcd,0xcc,0xdc,0x38,0x88,0x38,0x33,0xdc,0xcc,0xcc,0x8c,0x88,0x83,0x8d,0x8c,0x18,0x03,0x11,0x01,0x00,0x20,0x24,0x22,0x22,0x21,0x21,
0x11,0x11,0x11,0x21,0x7b,0x47,0x45,0x54,0xf5,0xfd,0xff,0xff,0xef,0xee,0xee,0xfe,0xfe,0xee,0xef,0x9e,0x33,0x52,0xcc,0x03,0x30,0x3c,0x33,0x8d,0x83,0x8f,0x33,0x33,
0xc9,0x9d,0xdc,0x8c,0x38,0x88,0x33,0xdc,0xc9,0xcc,0xcc,0x88,0x83,0x8d,0x88,0x98,0x37,0x00,0x10,0x00,0x20,0x12,0x42,0x44,0x44,0x24,0x22,0x12,0x13,0x92,0xef,0x77,
0x47,0xc5,0xff,0xee,0xee,0xe7,0x77,0x77,0x77,0xee,0x7e,0x77,0x77,0x77,0x77,0x77,0xcd,0x01,0xc8,0x8d,0x88,0xd8,0x88,0xcf,0x38,0x33,0x78,0xee,0xcf,0x37,0x88,0x8c,
0x38,0xec,0xef,0x9d,0xcc,0x88,0x88,0xcf,0xc8,0xfc,0x57,0x19,0x18,0x00,0x00,0x00,0x20,0x44,0x44,0x44,0x44,0x45,0x3e,0xfb,0xef,0x77,0xe7,0xee,0xee,0xff,0xfe,0xfe,
0x7e,0xee,0xee,0xee,0x7e,0x77,0x77,0x77,0x97,0x77,0x8d,0xc8,0xfd,0xde,0xce,0xe8,0x8c,0xef,0x88,0x38,0x93,0x78,0xef,0x7f,0x88,0x89,0x88,0xef,0xff,0xf7,0xec,0x88,
0x39,0xe8,0xfe,0xfe,0xee,0xe7,0x53,0x11,0x00,0x00,0x10,0x20,0x44,0x44,0x58,0xde,0xff,0xff,0xff,0xee,0xff,0xfe,0xff,0xff,0xff,0xff,0xff,0xff,0xfe,0xff,0xef,0xee,
0xee,0xde,0x38,0x33,0xce,0xdf,0xfd,0xef,0xbe,0xef,0x9e,0xff,0xe8,0x89,0x73,0x77,0x73,0x77,0x77,0x77,0x77,0x77,0xe9,0xee,0xef,0xef,0x7e,0xe7,0xee,0xee,0xfe,0xff,
0xee,0x59,0x33,0x33,0x33,0x33,0x53,0xd9,0xef,0xff,0xff,0xee,0x77,0xee,0xee,0xee,0xef,0xee,0xee,0xee,0xee,0x9e,0xe7,0xee,0xee,0xee,0xfe,0xdd,0xcd,0x88,0xf7,0xff,
0xff,0xff,0xff,0xf5,0xff,0xfe,0xff,0x9e,0xfe,0xef,0x88,0xee,0x7e,0x77,0x77,0x77,0x77,0x77,0x77,0x77,0xee,0xee,0xee,0xee,0xe7,0xe7,0x7e,0x77,0x77,0xe7,0x77,0xee,
0xee,0xee,0x77,0x77,0x77,0x77,0x77,0x77,0xe7,0x7e,0x77,0xee,0xee,0x77,0x77,0x77,0x77,0x77,0x77,0x77,0xdf,0xfd,0xfd,0x3d,0x7f,0xce,0xf3,0x7f,0xdf,0xc3,0xe7,0x77,
0x7e,0x9f,0xfe,0xee,0xef,0xff,0xff,0xff,0xfe,0xee,0x7e,0x77,0x77,0x77,0x77,0x77,0x77,0xe7,0xee,0x7e,0xee,0x77,0x77,0x77,0xe7,0x77,0x77,0x7e,0xe7,0xe7,0xee,0x77,
0xff,0xee,0xef,0xee,0x78,0x7e,0x77,0x77,0x78,0x77,0x77,0x77,0x7f,0xe7,0xdd,0xdd,0xff,0xdd,0xff,0x9e,0x79,0x77,0x77,0x77,0x77,0x77,0x77,0x77,0x77,0xe7,0xee,0xee,
0xee,0xee,0xff,0xff,0xef,0xee,0x77,0x77,0x77,0x77,0x77,0x77,0x77,0x77,0x77,0x77,0x77,0xe7,0x77,0xe7,0xee,0xee,0xee,0xff,0xff,0xff,0xef,0xff,0xff,0xff,0xff,0xef,
0xed,0xcf,0xc3,0x7e,0xee,0x3c,0xfe,0xf7,0xdd,0xfd,0xdf,0xcd,0xee,0xee,0xee,0xee,0xee,0xee,0xee,0xee,0xee,0x77,0x77,0x77,0x77,0xe7,0xee,0xee,0xee,0xee,0xee,0xee,
0xef,0xee,0xee,0x77,0x77,0x77,0x77,0x77,0x77,0x77,0x77,0x77,0x77,0x77,0x77,0x77,0x77,0xee,0xee,0xee,0xee,0xee,0xee,0xee,0xee,0x77,0xee,0x7e,0xf7,0xec,0xff,0x8c,
0xfe,0xff,0xdf,0xcc,0xdd,0xff,0xe7,0xee,0x7e,0x77,0xee,0xee,0xef,0xff,0xff,0xee,0xef,0xee,0xee,0xee,0xee,0x77,0x77,0x77,0x77,0x77,0x77,0x7e,0xee,0xee,0xee,0xee,
0xee,0x77,0x77,0x77,0x77,0x77,0x77,0x77,0x77,0x77,0x77,0x77,0x77,0x77,0x77,0x77,0x77,0x77,0x77,0x77,0x77,0x77,0xff,0xff,0xff,0xff,0xff,0xff,0xff,0x7c,0xf7,0xff,
0x77,0x77,0x77,0x77,0x77,0x77,0x77,0xe7,0xe7,0xee,0xee,0xee,0x7e,0xeb,0xee,0x77,0x77,0x77,0x77,0x77,0x77,0xe7,0xee,0xee,0xee,0xfe,0xff,0xfe,0xee,0xee,0xee,0xee,
0x77,0x77,0x77,0x77,0x77,0x77,0x77,0x77,0x77,0x77,0x77,0x77,0x77,0x77,0xee,0xff,0xef,0xfe,0xff,0xee,0xfe,0xee,0xef,0xff,0xef,0xff,0xe3,0x7e,0xe7,0x77,0x77,0x77,
0x77,0x77,0x77,0x77,0x77,0x77,0x77,0x7e,0x77,0xe7,0xbb,0xee,0xee,0xee,0xee,0xee,0x7e,0x77,0x77,0xe7,0x77,0xee,0xee,0x7e,0x77,0xee,0xe7,0xee,0x77,0x77,0x77,0x77,
0x77,0x77,0x77,0x77,0x77,0xee,0xee,0xee,0xef,0xee,0xee,0xfe,0xee,0xef,0xee,0xee,0xbe,0xee,0xee,0xee,0x93,0xe8,0xfe,0xee,0xe9,0x77,0x37,0x77,0x77,0x77,0x77,0x77,
0x77,0x77,0x77,0x77,0x77,0x77,0x77,0x77,0xee,0xee,0xee,0xee,0x77,0x77,0x77,0x77,0x77,0x77,0x77,0x77,0x77,0x77,0xe7,0xe7,0xe7,0xee,0x7e,0xee,0x77,0x77,0x77,0x77,
0x77,0x77,0x77,0x77,0x77,0x77,0x77,0x87,0x77,0x77,0x77,0x77,0x77,0xee,0x07,0x90,0xe7,0xee,0xee,0xee,0x7e,0x77,0x77,0x77,0x7e,0x77,0x77,0x77,0x77,0x77,0x77,0x77,
0x77,0x77,0x77,0x77,0x77,0x77,0x77,0x77,0x77,0x77,0x77,0x77,0x77,0x77,0x77,0x77,0x77,0x77,0xeb,0x7e,0x77,0x77,0x77,0x77,0x77,0x77,0x77,0x77,0x77,0x77,0x77,0x77,
0x77,0x8d,0x78,0x77,0x77,0x77,0x77,0x77,0x08,0x75,0x7e,0x77,0xe9,0xeb,0xef,0xfe,0x7e,0xee,0x7e,0x77,0x57,0x77,0x77,0x79,0x77,0x77,0x77,0x77,0x77,0x77,0x77,0x77,
0x77,0xe7,0xee,0xee,0xfe,0xee,0xee,0xee,0xee,0x77,0xe7,0xee,0xee,0x77,0x77,0x77,0x77,0x77,0x77,0x77,0x77,0x77,0x77,0x77,0x77,0x77,0xee,0x77,0x77,0x77,0x77,0x77,
0x77,0x77,0x9f,0xe7,0x89,0x88,0x33,0x33,0xe8,0xe9,0xef,0xfe,0xee,0xe7,0x3e,0x78,0x77,0xe8,0x77,0x97,0x77,0x77,0x77,0x77,0x77,0x77,0x77,0x77,0x77,0x77,0x77,0xee,
0xee,0xee,0xee,0xee,0x7e,0xe7,0xee,0xee,0xee,0xee,0xee,0xee,0x79,0x78,0x77,0x7e,0xe7,0x77,0x77,0x77,0x77,0x77,0x77,0x77,0x77,0x37,0x73,0x73,0xff,0x8f,0x33,0x33,
0x88,0x83,0x38,0x33,0x83,0xff,0x5b,0xe3,0xff,0xef,0xff,0xee,0xee,0xe7,0xee,0xee,0x7b,0x77,0x77,0x77,0x77,0x77,0x77,0x77,0x77,0x77,0x77,0x77,0x77,0x77,0x77,0x77,
0x77,0x77,0x77,0x77,0xe7,0xee,0xfe,0xfe,0xff,0xff,0xef,0xef,0x7e,0x77,0x77,0x77,0xe7,0x7e,0x77,0x77,0x57,0x73,0xff,0xdd,0x8c,0x33,0x83,0x38,0x33,0x33,0x30,0x93,
0x3b,0x93,0xee,0x59,0xee,0xee,0xee,0xee,0xee,0x9e,0x77,0x77,0x77,0x77,0x77,0x77,0x77,0x77,0x77,0x77,0x77,0x77,0x77,0x77,0x77,0x77,0x77,0x77,0x77,0x77,0x77,0x77,
0x77,0xee,0xfe,0xee,0xee,0xee,0xee,0xee,0xee,0xee,0xee,0xee,0xee,0xfe,0xef,0xfe,0xff,0xdd,0xdd,0x3c,0x8c,0x31,0x33,0x83,0x83,0x33,0xfe,0xee,0xee,0x03,0x78,0x7e,
0xef,0xee,0xef,0xee,0x55,0xe9,0xee,0xee,0xee,0xee,0xee,0x77,0x77,0x77,0x77,0x77,0x77,0x77,0xee,0xee,0xee,0x7e,0x77,0x77,0x77,0x77,0x77,0x77,0x7e,0x77,0xee,0xee,
0xee,0xee,0xee,0xee,0xee,0x77,0xe7,0xee,0xee,0xee,0xdf,0xdd,0xdd,0xcd,0xdf,0x8d,0x33,0x83,0x8c,0x88,0xf3,0xee,0x03,0x33,0x03,0xe5,0xee,0xff,0xe7,0xee,0x2e,0x31,
0xe9,0xee,0xee,0xee,0x7e,0x77,0x77,0xee,0x7e,0xee,0xee,0xee,0xee,0xee,0xee,0xee,0xee,0xee,0x7e,0x77,0x77,0x77,0x77,0x77,0x77,0x77,0xee,0xee,0xee,0xee,0xee,0xee,
0x7e,0x77,0x77,0x77,0xdf,0xcd,0xdd,0xfd,0xdd,0xdd,0x3d,0x33,0x8c,0x33,0x83,0xef,0x8e,0x80,0x20,0xeb,0xff,0xef,0xef,0xe7,0x9e,0x00,0x70,0x77,0x77,0xee,0xee,0xe7,
0xee,0xee,0xee,0xee,0xee,0xee,0xee,0xee,0xee,0xee,0xee,0xee,0xe7,0xee,0x77,0xb7,0x77,0x7b,0x77,0x77,0x77,0x77,0x77,0xfe,0xfe,0xfe,0xee,0xee,0x77,0x77,0xff,0xcc,
0xcc,0xfc,0xdd,0xdd,0x8f,0x33,0xc3,0x33,0x38,0xed,0xce,0xf1,0x88,0xfe,0xff,0xff,0xff,0xfe,0x7e,0x08,0x10,0x77,0xe7,0xee,0xee,0xee,0xee,0xee,0xee,0xee,0xee,0xee,
0xee,0xee,0xee,0xe7,0x77,0x77,0x77,0x77,0x77,0x77,0x77,0x77,0x77,0x77,0x77,0x77,0x77,0x77,0xe7,0xee,0xfe,0xef,0xff,0xee,0xcc,0xdd,0xcc,0xdd,0xdd,0xdd,0xcd,0x88,
0x78,0x8f,0xcc,0xfc,0xfe,0xff,0xee,0xee,0x33,0xff,0xff,0xef,0xef,0x9e,0x13,0xe5,0x7e,0xee,0xee,0xee,0xee,0x77,0xee,0xee,0x7e,0x77,0x77,0x77,0x77,0x77,0x77,0x77,
0x77,0x77,0x77,0x77,0x77,0x77,0x77,0x77,0x77,0x77,0x33,0x73,0x77,0x77,0x77,0xe7,0xee,0xef,0xdd,0xdc,0xcd,0xdd,0xcd,0x7e,0xee,0x77,0x77,0x7e,0xee,0xff,0xff,0xff,
0x9e,0x30,0x33,0x85,0xfe,0xff,0xef,0xfe,0xee,0x99,0xee,0x7e,0x77,0x77,0x77,0x77,0x77,0x77,0x77,0x77,0x77,0x77,0x77,0x77,0x7e,0x77,0x77,0x77,0x77,0x77,0x77,0x77,
0x77,0xe7,0xe7,0xee,0x97,0x98,0x77,0xe7,0x7e,0x77,0x77,0xe7,0xdc,0xcc,0xfc,0xdf,0xee,0x7e,0x77,0x77,0x77,0x77,0x77,0x77,0x77,0x7e,0x97,0x11,0x77,0x30,0x77,0xee,
0xfe,0xff,0xef,0xee,0x89,0xe9,0xe7,0x77,0xe7,0x77,0x77,0x77,0x77,0x77,0x77,0x77,0x77,0x77,0x77,0xee,0xee,0xee,0xee,0xee,0xee,0xee,0xee,0xee,0x9e,0xee,0xee,0xee,
0xee,0xef,0xee,0x8e,0x93,0x77,0xcc,0xcc,0xcc,0xff,0xee,0xee,0x7e,0x77,0x77,0x77,0x77,0x73,0x33,0x73,0xfe,0x8e,0x30,0x30,0x77,0x77,0x77,0xe7,0xff,0xff,0x3c,0xe9,
0x73,0x7e,0x7e,0xe7,0x7b,0xe7,0x7e,0xee,0xee,0x77,0x7e,0x77,0x77,0x77,0xe7,0xee,0xee,0xee,0x7e,0xee,0xee,0xce,0x33,0x83,0xeb,0xee,0xee,0xee,0xff,0xef,0x77,0xcd,
0xcd,0xcc,0xdc,0xef,0xef,0xee,0x77,0x7e,0x77,0x37,0x73,0xb7,0x33,0x78,0x77,0x87,0x30,0x3c,0x37,0x03,0x73,0x78,0xe7,0xee,0xff,0xce,0xe8,0xef,0xef,0xef,0xee,0xee,
0xee,0xee,0xee,0xee,0xee,0xee,0xee,0xee,0xee,0xee,0x7e,0xee,0x9e,0xe7,0xde,0xdd,0x3c,0x33,0x93,0x7e,0x7e,0x77,0x08,0xec,0x8f,0x88,0xcf,0xcc,0xdc,0xef,0xdd,0xef,
0xfe,0xee,0x7e,0x7e,0xe7,0x97,0x7f,0x39,0xf8,0xff,0xfc,0xff,0x38,0x33,0x93,0x78,0x87,0x77,0x77,0xe7,0xfe,0xff,0xff,0xee,0x7e,0xee,0xee,0xee,0xee,0xee,0xee,0xee,
0xef,0xee,0xef,0xee,0xe9,0x38,0xf7,0x77,0xdf,0xfd,0xfd,0x38,0x38,0xe8,0xee,0x32,0x33,0xe8,0x8c,0x88,0x32,0xc8,0xdc,0xff,0xdd,0xef,0xff,0xff,0x7e,0xee,0xff,0x7e,
0xff,0x7e,0xfe,0xfd,0xff,0xfe,0x3d,0x88,0x38,0x33,0x83,0x77,0x77,0x77,0xe7,0x77,0xfe,0xff,0xee,0xfe,0xef,0xee,0xee,0xe7,0x77,0xe7,0xb7,0x7f,0xef,0x3e,0x93,0x33,
0xf3,0xef,0xdd,0xff,0xfd,0x3d,0x33,0x83,0xee,0x05,0x73,0x38,0xe3,0x77,0x01,0x30,0xdd,0xdf,0xdd,0xfd,0xff,0xef,0xfe,0x77,0x7e,0x7e,0xf7,0x7e,0xd7,0xcd,0xef,0xff,
0x8f,0x33,0x83,0x38,0x33,0x83,0xee,0x77,0x77,0x37,0x77,0x77,0xf7,0xef,0xff,0x7f,0x77,0x77,0x77,0xe7,0x77,0xe7,0xe7,0x39,0xc3,0xd9,0xff,0xff,0xfd,0xdf,0xcf,0xcd,
0x33,0x38,0xfc,0x18,0x88,0x13,0x70,0x77,0x08,0x00,0xd2,0xdf,0xcd,0xfd,0xff,0xef,0xef,0xef,0x77,0xef,0xf7,0xff,0xde,0xdd,0x7e,0xff,0x8c,0x38,0x33,0x78,0x77,0x77,
0xfe,0xfe,0x77,0x77,0x73,0x77,0x77,0xfe,0xff,0xee,0x7e,0x77,0xee,0xfe,0xef,0x77,0xe7,0xff,0xfe,0xff,0xff,0xff,0xff,0xff,0xd7,0xcf,0x88,0x8c,0xe8,0xff,0x5f,0x50,
0xe7,0x77,0x5d,0x00,0x30,0xdd,0xcd,0xfd,0xff,0xef,0xff,0xef,0x77,0xfe,0xd9,0xff,0xdf,0xdf,0xe9,0xfd,0xd8,0xdd,0x7c,0x77,0xe7,0x77,0xf7,0xef,0xee,0xef,0x77,0x7e,
0x7e,0xf7,0xef,0xff,0xff,0xe7,0xff,0xff,0xee,0x77,0x77,0xee,0x7f,0xee,0xee,0xee,0xef,0xff,0xf7,0x7f,0x7e,0x7c,0x7c,0xef,0xff,0xe8,0xff,0x7e,0xdd,0x18,0x00,0xdc,
0xcd,0xdc,0xfe,0xff,0xff,0xef,0x7e,0xdf,0x88,0xff,0xdf,0xdd,0xdd,0xfd,0xcc,0xdd,0xfc,0x3c,0x83,0x7f,0xf7,0xff,0xff,0xec,0x87,0xc5,0xee,0xf7,0xff,0xdf,0xef,0xfe,
0xff,0xef,0x77,0x77,0x77,0x77,0x77,0x77,0x77,0x7e,0xee,0xee,0xfe,0x7e,0x7e,0xee,0xee,0xee,0xfe,0xef,0xee,0x7e,0xdd,0xdd,0x58,0xc5,0xdc,0xcc,0xfe,0xff,0xff,0xef,
0x7e,0xce,0x8c,0xfd,0xcf,0xdd,0xdd,0xff,0xcc,0xdc,0xdd,0x8d,0x83,0x7f,0xf7,0xff,0xdf,0xcd,0x13,0x33,0xfc,0xf7,0xff,0xdd,0xfd,0xff,0xff,0xee,0xee,0xef,0xff,0xee,
0x77,0x77,0x77,0x77,0xe7,0xee,0xee,0x7e,0x7e,0x77,0x77,0x77,0x77,0xef,0x77,0x77,0xdd,0xdd,0xdd,0x8d,0xc8,0xcc,0xfd,0xff,0xdd,0xef,0x89,0x8c,0x88,0xfd,0xdf,0xcc,
0xcc,0xff,0xcc,0xcc,0xdd,0x8d,0x33,0x7d,0xf7,0xff,0xdf,0xdd,0x3d,0x88,0xf8,0xf7,0xff,0xdd,0xdd,0xff,0xff,0xec,0xff,0x8c,0xdc,0xef,0xee,0xe7,0x77,0x77,0x77,0x77,
0x77,0x77,0x77,0x77,0x77,0x77,0x77,0xe7,0x7f,0x77,0xdd,0xdd,0x66,0xdd,0xc8,0xcc,0xdd,0xfd,0x8d,0x15,0x00,0x10,0xc3,0xdd,0xcd,0x85,0xdc,0xfd,0xcd,0xcc,0xdc,0x8d,
0x33,0xec,0xfe,0xff,0xcd,0xdc,0x3d,0x38,0xc3,0xff,0xdf,0xdc,0xcd,0xff,0xcf,0xfc,0xcf,0xcd,0x88,0xec,0xfe,0xee,0xee,0x7e,0x77,0x37,0x70,0x77,0x77,0x77,0x77,0xe7,
0x38,0xf3,0xff,0x7e,0xdd,0x6d,0x66,0xda,0xc8,0xcc,0xdd,0xdd,0x15,0x11,0x00,0x00,0x80,0x8d,0x02,0x00,0x52,0xdd,0xdd,0xcc,0xcc,0x3d,0x33,0xec,0xf7,0xff,0xcc,0xcc,
0x3c,0x33,0x88,0xfc,0xdf,0xcd,0xcc,0xff,0xdf,0xfd,0xcf,0xcd,0xdd,0xfc,0xff,0xff,0xfe,0xe7,0x77,0x33,0x03,0x38,0x77,0xe7,0xee,0x87,0x38,0xc3,0xff,0x7f,0xd6,0x6d,
0x44,0xa6,0x8c,0xcc,0xdd,0x8d,0x11,0x11,0x00,0x00,0x20,0x15,0x00,0x00,0x00,0xd2,0xcc,0xcc,0xcc,0x8d,0x33,0xe8,0xfe,0xfd,0xcd,0xcc,0x8c,0x33,0x38,0xf8,0xdf,0xcc,
0xcc,0xfd,0xcf,0xfd,0xcd,0xcc,0xcc,0xfd,0xdf,0xff,0xef,0xfe,0xee,0x8e,0x53,0x77,0x77,0xc7,0xf8,0x87,0x33,0xc3,0xdf,0x7f,0xa6,0x66,0x24,0x66,0x8c,0x58,0x42,0x4c,
0x11,0x11,0x00,0x00,0x00,0x10,0x00,0x00,0x00,0x80,0xcc,0xcc,0xcc,0x8c,0x33,0xe8,0xff,0xdd,0xcf,0xcc,0xdc,0x88,0x38,0xf8,0xdf,0xcc,0xdc,0xfd,0xdf,0xfd,0x8c,0xc8,
0xcc,0xfd,0xdd,0xff,0xee,0xee,0xfe,0xee,0xee,0x7e,0xf7,0x87,0xd3,0x87,0x33,0xc3,0xdd,0x7f,0x42,0x44,0x44,0x66,0x4a,0x01,0x00,0x20,0x12,0x01,0x11,0x00,0x00,0x00,
0x00,0x00,0x00,0x00,0xc8,0xcc,0xcc,0xcc,0x83,0xd8,0xdd,0xdd,0xcd,0xcc,0xef,0x7e,0x33,0xf8,0xfd,0xdd,0xdc,0xfd,0xcf,0x5c,0x52,0xcc,0xcc,0xfd,0xcd,0xfd,0xee,0xee,
0xff,0xef,0x77,0x7f,0xc7,0x38,0x83,0x39,0x33,0xf3,0xdd,0x8d,0x00,0x20,0x44,0x66,0x12,0x11,0x00,0x11,0x11,0x11,0x11,0x00,0x00,0x00,0x00,0x00,0x00,0x00,0x84,0x88,
0xcc,0xdd,0x88,0xdc,0xdd,0xdd,0xcc,0xcc,0x7f,0x77,0x88,0xfc,0xdd,0xdf,0xdc,0xfd,0x5f,0x00,0xc1,0xcc,0xcc,0xdd,0xcc,0xfc,0xee,0xcf,0xdc,0xff,0xf7,0xef,0xc7,0x33,
0x33,0x3c,0x33,0xf8,0xdd,0x8c,0x00,0x00,0x62,0x46,0x11,0x11,0x10,0x11,0x11,0x11,0x01,0x00,0x01,0x00,0x00,0x00,0x00,0x00,0x84,0x58,0xcc,0xcd,0xcc,0x35,0x83,0xdd,
0xcc,0xcc,0xcd,0xc8,0x88,0xfd,0xdd,0xdf,0xdd,0xcf,0x03,0x00,0xd8,0xcd,0xcc,0xdf,0xcd,0xdc,0xff,0x8f,0xc3,0xff,0xf7,0xef,0x97,0x38,0x33,0x38,0x83,0xdc,0xdd,0x38,
0x00,0x00,0x61,0x26,0x11,0x11,0x11,0x11,0x11,0x22,0x12,0x11,0x11,0x00,0x00,0x00,0x00,0x11,0xa6,0x86,0xc8,0x3d,0x28,0x00,0x00,0x40,0xcc,0xcc,0xcd,0xc8,0x88,0xdd,
0xdd,0xdd,0xdd,0x18,0x00,0x80,0xdc,0xdd,0xdd,0xdf,0xcc,0xdc,0xff,0xcd,0xc8,0xff,0xee,0xff,0x87,0x88,0x33,0xc8,0x38,0xdf,0xdd,0x38,0x00,0x10,0x42,0x44,0x12,0x22,
0x22,0x22,0x21,0x22,0x22,0x11,0x11,0x01,0x00,0x00,0x00,0x10,0x24,0x64,0xd8,0x15,0x11,0x00,0x00,0x00,0xc5,0xdc,0x8d,0x88,0x88,0xdd,0xdd,0x8d,0x25,0x11,0x31,0xdc,
0xcc,0xdd,0xfd,0xcd,0xcc,0xdd,0xfe,0x8d,0x88,0xff,0xfe,0xff,0x37,0x83,0x33,0x88,0x33,0xdd,0xdd,0x88,0x00,0x00,0x10,0x21,0x12,0x22,0x22,0x22,0x22,0x22,0x22,0x22,
0x11,0x11,0x00,0x00,0x00,0x00,0x00,0x40,0x85,0x12,0x11,0x00,0x00,0x00,0xc0,0xdc,0x8c,0x88,0xcc,0xdd,0xd5,0xdd,0x8c,0xc5,0xdc,0xdf,0xcc,0xdd,0xfd,0xcd,0xcd,0xcd,
0xde,0x3d,0x88,0xfd,0xfe,0xed,0x38,0x88,0x38,0x88,0x83,0xd5,0xdd,0xcd,0x00,0x00,0x00,0x10,0x21,0x22,0x22,0x22,0x22,0x22,0x22,0x22,0x11,0x01,0x00,0x00,0x00,0x00,
0x00,0x20,0x44,0x12,0x11,0x01,0x00,0x00,0x82,0xdc,0xcc,0x88,0xdc,0xaa,0x54,0xda,0xdd,0xfd,0xdd,0xdd,0xcc,0xcc,0xfc,0xcc,0xdd,0xcd,0xdd,0x8d,0x83,0xfd,0xce,0xdd,
0x38,0x88,0x88,0x88,0x33,0xc1,0xdd,0x33,
},
{ // psychic
0x44,0x34,0x33,0x22,0x12,0x00,0x21,0xbb,0xbb,0xbb,0xbb,0xbb,0xbb,0xbb,0xbb,0xbb,0xbb,0xbb,0xbb,0xbb,0xbb,0xbb,0xbb,0xbb,0xbb,0xbb,0xbb,0xbb,0xbb,0xbb,0xbb,0xbb,
0xbb,0xbb,0xbb,0xbb,0xbb,0xbb,0xbb,0xbb,0xbb,0xbb,0xbb,0xbb,0xbb,0xbb,0xbb,0xbb,0xbb,0xbb,0xbb,0xbb,0xbb,0xbb,0x56,0x54,0x44,0x44,0x45,0x45,0x23,0x22,0x11,0x11,
0x62,0xbb,0xbb,0xbb,0xbb,0xbb,0xbb,0xbb,0xbb,0xbb,0xbb,0xbb,0xbb,0xbb,0xbb,0xbb,0xbb,0xbb,0xbb,0xbb,0xbb,0xbb,0xbb,0xbb,0xbb,0xbb,0xbb,0xbb,0xbb,0xbb,0xbb,0xbb,
0xbb,0xbb,0xbb,0xbb,0xbb,0xbb,0xbb,0xbb,0xbb,0xbb,0xbb,0xbb,0xbb,0xbb,0xbb,0xbb,0x56,0x55,0x44,0x34,0x35,0x45,0x33,0x22,0x01,0x12,0x61,0x14,0xba,0xbb,0xbb,0xbb,
0xbb,0xbb,0xbb,0xbb,0xbb,0xbb,0xbb,0xbb,0xbb,0xbb,0xbb,0xbb,0xbb,0xbb,0xbb,0xbb,0xbb,0xbb,0xbb,0xbb,0xbb,0xbb,0xbb,0xbb,0xbb,0xbb,0xbb,0xbb,0xbb,0xbb,0xbb,0xbb,
0xbb,0xbb,0xbb,0xbb,0xbb,0xbb,0xbb,0xbb,0xab,0xaa,0x5b,0x44,0x55,0x33,0x23,0x53,0x55,0x23,0x02,0x11,0x10,0x01,0x61,0xbb,0xbb,0xbb,0xbb,0xbb,0xbb,0xbb,0xbb,0xbb,
0xbb,0xbb,0xbb,0xbb,0xbb,0xbb,0xbb,0xbb,0xbb,0xbb,0xbb,0xbb,0xbb,0xbb,0xbb,0xbb,0xbb,0xbb,0xbb,0xbb,0xbb,0xbb,0xbb,0xbb,0xbb,0xbb,0xbb,0xbb,0xbb,0xbb,0xbb,0xbb,
0xbb,0xab,0xaa,0x5a,0x55,0x45,0x44,0x33,0x23,0x43,0x45,0x33,0x02,0x21,0x01,0x00,0x60,0xbb,0xbb,0xbb,0xbb,0xbb,0xbb,0xbb,0xbb,0xbb,0xbb,0xbb,0xbb,0xbb,0xbb,0xbb,
0xbb,0xbb,0xbb,0xbb,0xbb,0xbb,0xbb,0xbb,0xbb,0xbb,0xbb,0xbb,0xbb,0xbb,0xbb,0xbb,0xbb,0xbb,0xbb,0xbb,0xbb,0xbb,0xbb,0xbb,0xbb,0xab,0xab,0xbb,0xab,0x45,0x44,0x44,
0x34,0x43,0x33,0x43,0x54,0x53,0x23,0x10,0x00,0x10,0x00,0xb6,0xbb,0xbb,0xbb,0xbb,0xbb,0xaa,0xbb,0xbb,0xbb,0xbb,0xbb,0xbb,0xbb,0xbb,0xbb,0xbb,0xbb,0xbb,0xbb,0xbb,
0xbb,0xbb,0xbb,0xbb,0xbb,0xbb,0xbb,0xbb,0xbb,0xbb,0xbb,0xbb,0xbb,0xbb,0xbb,0xbb,0xbb,0xbb,0x5a,0xa5,0xab,0xaa,0xaa,0x44,0x44,0x44,0x44,0x33,0x34,0x33,0x43,0x33,
0x23,0x00,0x00,0x00,0x00,0xb2,0xaa,0xbb,0xbb,0xbb,0xab,0x58,0xaa,0xbb,0xbb,0xbb,0xbb,0xbb,0xbb,0xbb,0xbb,0xbb,0xbb,0xbb,0xbb,0xbb,0xbb,0xbb,0xbb,0xbb,0xbb,0xbb,
0xbb,0xbb,0xbb,0xbb,0xbb,0xbb,0xbb,0xbb,0xbb,0xbb,0xbb,0xa8,0x12,0x11,0x86,0xaa,0xaa,0x58,0x44,0x44,0x44,0x33,0x35,0x33,0x33,0x23,0x22,0x00,0x00,0x21,0x01,0xb4,
0xaa,0xaa,0xba,0xbb,0xbb,0xab,0xb8,0xbb,0xbb,0xbb,0xbb,0xbb,0xbb,0xbb,0xbb,0xbb,0xbb,0xbb,0xbb,0xbb,0xbb,0xbb,0xbb,0xbb,0xbb,0xbb,0xab,0xbb,0xbb,0xbb,0xbb,0xbb,
0xbb,0xaa,0xba,0xab,0x8a,0x22,0x11,0x00,0x12,0xa6,0xaa,0xaa,0x46,0x43,0x44,0x44,0x35,0x33,0x23,0x00,0x22,0x01,0x10,0x22,0x22,0xaa,0xaa,0x8a,0x88,0xaa,0xaa,0xab,
0xaa,0xbb,0x6b,0xa4,0xbb,0xbb,0xbb,0xbb,0xbb,0xbb,0xbb,0xbb,0xbb,0xbb,0xbb,0xbb,0xbb,0xba,0xbb,0xbb,0xba,0xaa,0xaa,0xaa,0xaa,0xaa,0xaa,0xaa,0x8a,0xaa,0x26,0x22,
0x22,0x00,0x00,0x61,0xaa,0xa8,0x3a,0x33,0x33,0x43,0x33,0x33,0x12,0x00,0x00,0x12,0x20,0x32,0xa3,0xaa,0xaa,0xaa,0xaa,0x88,0xa8,0xaa,0xaa,0xaa,0x25,0x21,0xa6,0xbb,
0xaa,0xbb,0xaa,0xaa,0xba,0xbb,0xbb,0xbb,0xaa,0xaa,0xaa,0xaa,0xaa,0xaa,0xea,0xaa,0xaa,0xaa,0xaa,0xaa,0xaa,0xaa,0x55,0x88,0x23,0x22,0x12,0x01,0x10,0x21,0x5a,0x33,
0x35,0x33,0x32,0x33,0x33,0x23,0x11,0x00,0x00,0x10,0x21,0xa2,0xaa,0xaa,0xaa,0xaa,0xaa,0xaa,0x8a,0x55,0x64,0x45,0x23,0x01,0xa6,0xaa,0xaa,0xaa,0xaa,0xaa,0xaa,0xaa,
0xaa,0xaa,0xaa,0xaa,0xaa,0xaa,0xaa,0xaa,0xeb,0xa6,0xaa,0xaa,0xaa,0xaa,0x8a,0xa8,0xaa,0xaa,0x25,0x22,0x22,0x12,0x21,0x61,0x38,0x33,0x33,0x23,0x01,0x32,0x33,0x22,
0x21,0x00,0x00,0x00,0x12,0x32,0xa6,0xaa,0x6a,0xa6,0xaa,0xaa,0xaa,0xaa,0x58,0x35,0x33,0x22,0x41,0x41,0xaa,0xaa,0xaa,0xaa,0xaa,0xaa,0xaa,0xaa,0xaa,0xaa,0xaa,0xaa,
0xaa,0xaa,0xee,0x89,0xaa,0xaa,0xaa,0xaa,0xaa,0xaa,0xaa,0xaa,0x3a,0x22,0x22,0x4c,0x22,0x32,0x33,0x33,0x23,0x22,0x02,0x21,0x12,0x22,0x32,0x22,0x00,0x00,0x00,0x21,
0xa2,0x5a,0x13,0x40,0xaa,0xaa,0xaa,0xaa,0xaa,0xaa,0x5a,0x35,0x32,0x35,0xa3,0x35,0xa8,0xa8,0xaa,0xaa,0xaa,0xaa,0xaa,0xaa,0xaa,0xaa,0xaa,0xaa,0xee,0x96,0xa9,0xaa,
0xaa,0xa8,0xaa,0xaa,0xaa,0x8a,0x33,0x22,0x92,0x9e,0xb4,0x25,0x32,0x33,0x33,0x33,0x02,0x00,0x20,0x31,0x33,0x12,0x01,0x00,0x00,0x20,0x32,0x25,0x12,0x00,0x84,0xaa,
0xaa,0xaa,0xaa,0xaa,0xaa,0x88,0x88,0x8a,0xa8,0x8a,0xa8,0xa8,0xa8,0xaa,0xaa,0xaa,0xaa,0xaa,0xaa,0xaa,0x88,0xca,0xee,0x9c,0x89,0x88,0x88,0x88,0xaa,0x6a,0x84,0x34,
0x22,0x22,0xe5,0xce,0xc9,0x29,0x22,0x33,0x33,0x23,0x00,0x00,0x34,0x33,0x33,0x23,0x22,0x00,0x00,0x10,0x21,0x22,0x12,0x00,0x32,0xa8,0xaa,0xaa,0xaa,0xaa,0xaa,0xaa,
0x8a,0xaa,0xaa,0xaa,0xaa,0xaa,0xaa,0xaa,0xa8,0xaa,0xaa,0xaa,0x8a,0x88,0x88,0xec,0xcc,0x6e,0x86,0x88,0x88,0x58,0x85,0x35,0x53,0x55,0x32,0x25,0xe8,0xce,0xc9,0x39,
0x33,0x33,0x33,0x12,0x21,0x23,0x38,0x33,0x23,0x33,0x22,0x02,0x20,0x02,0x10,0x12,0x11,0x00,0x00,0x82,0x88,0x88,0xa8,0xaa,0xaa,0xaa,0xa8,0xaa,0xaa,0xaa,0x88,0x88,
0x88,0x88,0x88,0x88,0x88,0x88,0x88,0x88,0x88,0xec,0x8c,0x6e,0x86,0x8a,0x88,0x55,0x88,0x88,0x88,0x88,0x88,0x5c,0xee,0xec,0xe9,0x69,0x33,0x33,0x23,0x00,0x32,0x33,
0x26,0x32,0x33,0x33,0x22,0x00,0x20,0x12,0x00,0x91,0x01,0x00,0x00,0x40,0x88,0x88,0x88,0x88,0x88,0x88,0x88,0x88,0x88,0x88,0x88,0x88,0x88,0x88,0x88,0x88,0x88,0x88,
0x88,0xa8,0x8c,0xce,0x89,0xcb,0xb9,0x8c,0x86,0x66,0x88,0x88,0x88,0x88,0xa8,0xce,0xcc,0x52,0xee,0x99,0x32,0x33,0x33,0x11,0x32,0x33,0x26,0x32,0x33,0x23,0x22,0x02,
0x00,0x10,0x00,0xe6,0x06,0x10,0x01,0x50,0x88,0x88,0x88,0x88,0x88,0x88,0x88,0x88,0x88,0x88,0x88,0x88,0x88,0x88,0x88,0x88,0x88,0x88,0x68,0xe6,0xcc,0xce,0xcc,0xc9,
0xc9,0x69,0x66,0x66,0x66,0x66,0x56,0x66,0xe8,0xee,0x5c,0x12,0xec,0x9e,0x26,0x20,0x23,0x20,0x33,0x33,0x28,0x22,0x44,0x23,0x22,0x02,0x00,0x00,0x20,0xe9,0x26,0x00,
0x12,0x64,0x68,0x88,0x86,0x66,0x86,0x14,0x41,0x88,0x88,0x88,0x88,0x88,0x88,0x88,0x66,0x88,0x68,0x86,0x66,0xe5,0xce,0xec,0x9e,0x99,0x9e,0x99,0x59,0x55,0x58,0x55,
0x54,0x55,0xca,0xee,0x29,0x49,0xee,0x99,0x06,0x00,0x01,0x20,0x33,0x34,0x4a,0x43,0x44,0x24,0x22,0x21,0x00,0x00,0xc0,0xbe,0x46,0x12,0x52,0x88,0x66,0x45,0x46,0x53,
0x38,0x12,0x00,0x54,0x88,0x88,0x88,0x88,0x68,0x65,0x68,0x56,0xe8,0x56,0x55,0xec,0xee,0x9e,0xc9,0xc9,0xec,0x9c,0x86,0x85,0x59,0x44,0x54,0x43,0xe9,0xce,0x99,0xee,
0xee,0x99,0x09,0x10,0x11,0x22,0x33,0x44,0x48,0x44,0x44,0x23,0x22,0x22,0x11,0x00,0x60,0xbe,0x68,0x00,0x20,0x53,0x24,0x52,0x66,0x55,0x23,0x22,0x01,0x50,0x55,0x55,
0x55,0x55,0x68,0x55,0x53,0x55,0xea,0x59,0x55,0xeb,0x9e,0xcc,0x9c,0xce,0xe9,0x96,0x89,0xe5,0x4c,0x44,0x34,0x22,0xe4,0xce,0xcc,0x96,0xee,0xc9,0x06,0x20,0x22,0x32,
0x32,0x44,0x48,0x44,0x44,0x34,0x23,0x22,0x12,0x00,0x60,0xac,0x4a,0x60,0x00,0x11,0x02,0x40,0x55,0x36,0x22,0x22,0x02,0x51,0x53,0x55,0x55,0x55,0x55,0x55,0x35,0x33,
0xeb,0x49,0x84,0xee,0xce,0xcc,0x48,0xc4,0xe9,0x96,0x99,0xec,0x59,0x44,0x43,0x23,0xe3,0xce,0x6c,0x00,0xee,0x99,0x19,0x22,0x22,0x33,0x33,0x44,0x38,0x44,0x34,0x33,
0x33,0x52,0x29,0x11,0xce,0xab,0x48,0x91,0x02,0x21,0x01,0x10,0x55,0x55,0x33,0x22,0x11,0x00,0x20,0x55,0x55,0x55,0x55,0x55,0x45,0x54,0xec,0x59,0xe8,0xee,0xce,0x8c,
0x44,0x84,0xee,0x99,0xc9,0xe9,0x69,0x43,0x44,0x33,0xe4,0x9e,0x2c,0x22,0xee,0x99,0x2c,0x22,0x22,0x33,0x44,0x44,0x38,0x33,0x33,0x33,0x33,0xe3,0x2c,0x62,0x9a,0xab,
0x44,0xc9,0x44,0x21,0x23,0x01,0x51,0x45,0x35,0x22,0x22,0x10,0x30,0x55,0x35,0x53,0x55,0x44,0x44,0x84,0xee,0xee,0xee,0xee,0x9e,0x59,0x44,0x34,0xee,0x9c,0x99,0xec,
0x9c,0x33,0x33,0x22,0xe3,0x9e,0x29,0x22,0xee,0xc9,0x39,0x33,0x33,0x43,0x44,0x33,0x35,0x33,0x33,0x23,0x92,0xc4,0xec,0xc9,0xdd,0x77,0x77,0x77,0x67,0xc9,0x2c,0x12,
0x00,0x22,0x23,0x22,0x22,0x22,0x11,0x31,0x12,0x00,0x34,0x43,0x34,0x84,0xee,0xee,0xce,0xee,0xae,0x39,0x53,0x33,0xee,0x9a,0x24,0xea,0x9c,0x23,0x22,0x22,0xee,0xce,
0x3a,0x33,0xee,0xc9,0x4b,0x33,0x33,0x33,0x33,0x33,0x28,0x33,0x33,0x63,0xdc,0xdd,0xdd,0xdd,0xdd,0x7d,0x7d,0x77,0x77,0x77,0x77,0x26,0x21,0x22,0x22,0x32,0x33,0x22,
0x22,0x22,0x22,0x01,0x11,0x33,0x33,0x83,0xee,0xee,0x34,0xee,0xae,0x39,0xa3,0x34,0xee,0x9a,0x24,0xe8,0x9c,0x22,0x33,0x33,0xee,0xce,0x3a,0x53,0xee,0xc9,0x5c,0x33,
0x33,0x23,0x23,0x12,0x28,0x22,0x23,0xe2,0xee,0xee,0xee,0xee,0xee,0xef,0xee,0xec,0xee,0xe7,0xdd,0x67,0x22,0x22,0x22,0x32,0x33,0x23,0x33,0x33,0x33,0x33,0x33,0x33,
0x33,0x83,0xee,0x6e,0x33,0xcc,0xbe,0x16,0xc2,0x26,0xee,0x9a,0x34,0xe8,0x9c,0x33,0x33,0x33,0xee,0xce,0xcc,0xec,0xee,0xc9,0x5b,0x33,0x22,0x22,0x32,0x22,0x11,0x22,
0x22,0x22,0xee,0xee,0xee,0xee,0xee,0xee,0xc9,0xc9,0xe9,0x9e,0xec,0x3b,0x33,0x33,0x33,0x33,0x33,0x33,0x33,0x33,0x33,0x33,0x33,0x33,0x33,0x83,0xee,0x5e,0x53,0xcc,
0xae,0x29,0xe3,0x2a,0xee,0x99,0x64,0xe9,0xcc,0x33,0x6a,0x33,0xee,0xce,0xec,0xee,0xee,0xb9,0x5c,0x23,0x32,0x33,0x32,0x22,0x00,0x20,0x22,0x12,0xe8,0xee,0xee,0xec,
0xee,0xee,0xc9,0x99,0xc9,0xce,0xe9,0x24,0x33,0x32,0x33,0x33,0x33,0x33,0x33,0x33,0x33,0x33,0x33,0x33,0x43,0x83,0xee,0x4e,0xc5,0xce,0x9e,0x29,0xb2,0x26,0xee,0x69,
0xc4,0xe9,0xce,0x59,0x9c,0x83,0xce,0xcc,0xec,0xb8,0xee,0xa9,0x5b,0x33,0x33,0x33,0x33,0x33,0x00,0x20,0x22,0x12,0xc1,0xee,0xee,0xee,0xee,0xee,0x99,0x99,0xcc,0x9e,
0xc9,0x10,0x12,0x00,0x21,0x33,0x33,0x33,0x33,0x33,0x33,0x33,0x33,0x33,0xe3,0x83,0xee,0x6c,0xc2,0xee,0x7e,0x49,0xc6,0x69,0xcc,0x77,0x77,0x77,0xee,0x6c,0x9c,0xc9,
0xbe,0xee,0xec,0x96,0xee,0x94,0x5b,0x33,0x33,0x33,0x33,0x33,0x01,0x00,0x21,0x12,0x91,0xee,0xee,0xee,0xee,0xee,0x69,0x99,0xc9,0x9e,0x66,0x00,0x00,0x00,0x00,0x33,
0x33,0x33,0x33,0x33,0x33,0x33,0x83,0x86,0xc2,0xc8,0xec,0xee,0xde,0x77,0x77,0x77,0x77,0x77,0x77,0x77,0x77,0x77,0x77,0x77,0x77,0x77,0x77,0xc7,0xe7,0xce,0xce,0x69,
0x69,0x96,0x33,0x33,0x33,0x33,0x21,0x11,0x21,0x22,0x62,0xcc,0xc9,0xee,0xee,0xee,0x6c,0x99,0xc9,0x9e,0x05,0x00,0x00,0x00,0x00,0x32,0x33,0x33,0x33,0x33,0x33,0x55,
0xce,0xee,0xd7,0xdd,0xdd,0xd7,0x77,0x7d,0x77,0xdd,0xdd,0x7d,0x77,0x77,0x77,0x77,0x77,0x77,0x7d,0x77,0x77,0x77,0x77,0x77,0x77,0x77,0x77,0xcc,0x35,0x33,0x33,0x33,
0x22,0x01,0x10,0x22,0x52,0xce,0xc4,0xee,0xee,0xec,0x69,0x99,0xc6,0xce,0x00,0x00,0x00,0x00,0x00,0x32,0x33,0x33,0x33,0x33,0x83,0xdd,0xdd,0xdd,0xdd,0xdd,0xfd,0xdf,
0xee,0xef,0xee,0xdf,0xdd,0xdd,0x7d,0xdd,0xdd,0x7d,0x77,0x77,0xdd,0xdd,0xd7,0xd7,0x77,0xde,0x77,0x7d,0x77,0x77,0x77,0x33,0x33,0x13,0x22,0x12,0x01,0x01,0x10,0x9c,
0xc0,0xce,0xce,0xec,0xcc,0x9c,0x89,0xce,0x11,0x22,0x00,0x00,0x20,0x33,0x33,0x33,0x33,0x33,0x63,0xee,0xee,0xee,0xee,0xee,0xee,0xee,0xee,0xce,0xee,0xfe,0xed,0xee,
0xde,0xfe,0xdd,0x9e,0x99,0x99,0xec,0xee,0x9c,0xcc,0xe9,0xee,0x97,0xce,0xec,0xee,0xce,0x33,0x33,0x12,0x22,0x22,0x11,0x01,0x00,0x59,0x10,0xec,0xce,0xcc,0x9e,0x96,
0x19,0x4c,0x22,0x01,0x01,0x00,0x20,0x32,0x23,0x00,0x32,0x23,0x22,0xe5,0xee,0xee,0xee,0xee,0xee,0xee,0xee,0xee,0xec,0xfe,0xee,0xee,0xce,0xec,0xed,0x9e,0xc5,0x9c,
0xec,0xce,0x9c,0x9c,0xe9,0xce,0x99,0x9e,0xec,0xce,0x2c,0x22,0x22,0x11,0x22,0x22,0x12,0x11,0x12,0x26,0x40,0xee,0xee,0xcc,0x99,0x96,0x14,0x29,0x22,0x12,0x00,0x00,
0x00,0x20,0x12,0x00,0x20,0x22,0x22,0x94,0xee,0xcc,0xee,0xce,0xee,0xee,0xee,0xee,0xec,0xfe,0xee,0xee,0x8e,0xc9,0xee,0x9e,0x96,0x89,0xee,0xce,0x99,0x89,0xec,0xee,
0xc9,0x9c,0xcc,0x9e,0x23,0x22,0x22,0x22,0x23,0x32,0x23,0x21,0x22,0x11,0x21,0xc5,0xee,0xcc,0xc9,0x99,0x15,0x22,0x22,0x12,0x00,0x00,0x00,0x00,0x00,0x00,0x10,0x22,
0x22,0x42,0x5e,0xcc,0xee,0xce,0xec,0xee,0xee,0xee,0xee,0xee,0xee,0xee,0xce,0x68,0xec,0x9e,0x86,0x98,0xee,0xee,0x69,0x69,0xec,0xec,0xc9,0x99,0x9c,0x59,0x22,0x22,
0x22,0x22,0x33,0x33,0x33,0x22,0x22,0x22,0x12,0x92,0xce,0xce,0xec,0x68,0x11,0x22,0x22,0x12,0x11,0x00,0x00,0x00,0x00,0x00,0x00,0x10,0x22,0x21,0x4c,0xc5,0xec,0xee,
0xcc,0xec,0xee,0xee,0xcc,0xee,0xee,0xee,0xee,0x99,0xe9,0xee,0x8c,0xc8,0xee,0x9e,0x68,0x99,0xee,0xee,0xe9,0x99,0xac,0x55,0x22,0x11,0x10,0x21,0x33,0x33,0x44,0x33,
0x23,0x22,0x32,0x83,0xcc,0xcc,0xec,0x5c,0x22,0x22,0x22,0x22,0x11,0x01,0x10,0x01,0x00,0x00,0x00,0x00,0x10,0x21,0x29,0xc2,0xec,0xee,0xec,0xee,0xee,0xee,0xcc,0xee,
0xee,0xee,0xee,0x9c,0x99,0x9e,0x99,0xc6,0xee,0x9e,0x69,0xec,0xee,0xee,0x9c,0x89,0x6a,0x22,0x01,0x10,0x22,0x11,0x33,0x33,0x33,0x33,0x43,0x33,0x33,0x43,0xcc,0xcc,
0x99,0x38,0x33,0x33,0x23,0x11,0x11,0x21,0x10,0x21,0x64,0x00,0x11,0x01,0x00,0x00,0x01,0xc1,0xec,0x9c,0xcb,0xee,0xee,0xcc,0xcc,0xee,0xee,0xee,0xee,0xec,0x66,0xce,
0x89,0xe6,0xee,0xee,0x99,0xce,0xcc,0xec,0xce,0x29,0x69,0x22,0x11,0x22,0x22,0x22,0x33,0x33,0x33,0x33,0x33,0x33,0x22,0x33,0xea,0xcc,0x99,0x38,0x33,0x32,0x23,0x11,
0x12,0x11,0x12,0x22,0x9c,0x12,0x12,0x21,0x22,0x22,0x01,0x51,0xec,0x19,0xc9,0xeb,0xee,0xcc,0xce,0xee,0xee,0xec,0xee,0xcc,0x88,0xee,0x9e,0xc9,0xee,0xee,0xcc,0x99,
0xcc,0xec,0xce,0x18,0x89,0x22,0x22,0x22,0x02,0x20,0x23,0x23,0x32,0x22,0x22,0x21,0x01,0x21,0xe3,0xbe,0xc9,0x35,0x33,0x23,0x22,0x12,0x22,0x22,0x11,0x81,0xce,0x16,
0x22,0x21,0x22,0x22,0x22,0x22,0xbc,0x24,0xc6,0xcc,0xec,0xec,0xcc,0xee,0xee,0xee,0xee,0xcc,0x69,0xec,0xee,0xe8,0xee,0xcc,0xc9,0x99,0xcc,0xce,0x9c,0x11,0x88,0x22,
0x22,0x01,0x00,0x00,0x10,0x92,0x22,0x02,0x21,0x11,0x01,0x10,0x90,0xce,0x9c,0x22,0x33,0x33,0x33,0x33,0x33,0x23,0x22,0x92,0xbe,0x2a,0x12,0x21,0x22,0x22,0x22,0x22,
0xca,0x12,0xe4,0xce,0x6c,0xcc,0xee,0xee,0xee,0xcc,0xee,0xce,0x99,0xc9,0xcc,0xec,0xee,0xce,0x9c,0x99,0x9c,0xc6,0x6c,0x11,0x44,0x01,0x00,0x00,0x00,0x00,0x00,0xc9,
0x16,0x22,0x11,0x11,0x01,0x00,0x40,0xce,0x19,0x20,0x22,0x32,0x23,0x22,0x22,0x22,0x22,0xeb,0xae,0x4a,0x10,0x21,0x21,0x22,0x11,0x21,0xc6,0x11,0x91,0xcc,0x4c,0xec,
0xee,0xee,0xee,0xcc,0xee,0xee,0x9c,0x9c,0x8c,0xec,0xee,0xee,0x9c,0x59,0x66,0xe2,0x6c,0x00,0x22,0x00,0x00,0x00,0x01,0x00,0x11,0xce,0x19,0x11,0x11,0x11,0x01,0x00,
0x00,0xec,0x06,0x20,0x33,0x23,0x00,0x21,0x01,0x10,0x00,0xce,0x6e,0x6a,0x00,0x00,0x00,0x00,0x00,0x00,0x91,0x10,0x00,0x6c,0x09,0xc6,0xee,0xee,0xee,0xec,0xee,0xee,
0xce,0x69,0x69,0xcc,0xee,0xcc,0x99,0x09,0x41,0xe1,0x09,0x00,0x00,0x00,0x00,0x00,0x00,0x00,0xc0,0x9c,0x66,0x11,0x11,0x11,0x01,0x00,0x00,0x91,0x00,0x20,0x33,0x23,
0x01,0x10,0x00,0x00,0x40,0xee,0x9e,0x9a,0x06,0x00,0x00,0x00,0x00,0x00,0x20,0x00,0x00,0x6c,0x01,0xc1,0xec,0xee,0xee,0xee,0xee,0xee,0x8e,0x69,0x69,0xcc,0xee,0x9c,
0x99,0x04,0x00,0x90,0x04,0x00,0x00,0x00,0x00,0x00,0x00,0x00,0xe0,0x6e,0xc4,0x11,0x22,0x11,0x01,0x00,0x00,0x00,0x00,0x00,0x21,0x22,0x22,0x00,0x00,0x00,0xe0,0xee,
0x4e,0xb6,0x06,0x00,0x00,0x00,0x00,0x00,0x00,0x00,0x11,0x4c,0x11,0x61,0xeb,0xec,0xee,0xee,0xee,0xce,0x9c,0x99,0x89,0x9c,0xee,0x9c,0x99,0x00,0x00,0x90,0x02,0x00,
0x00,0x40,0x02,0x00,0x00,0x00,0xe0,0xee,0xc9,0x21,0x22,0x11,0x01,0x01,0x00,0x00,0x00,0x00,0x10,0x12,0x22,0x02,0x00,0x01,0xe1,0xce,0x6c,0xb9,0x19,0x00,0x00,0x10,
0x10,0x41,0x26,0x10,0x11,0x29,0x11,0x51,0xcb,0xcc,0xee,0xee,0xee,0xee,0x9e,0xc9,0x99,0x99,0xee,0x9c,0x99,0x00,0x10,0x40,0x00,0x00,0x10,0xa6,0x44,0x01,0x00,0x10,
0xe0,0xee,0xcb,0x22,0x22,0x22,0x11,0x11,0x01,0x01,0x10,0x00,0x00,0x00,0x21,0x02,0x00,0x4c,0xe4,0xee,0x9e,0xc9,0x6a,0x00,0x00,0x00,0x21,0xaa,0x4a,0x12,0x11,0x12,
0x11,0x21,0xce,0xce,0xee,0xcc,0xec,0xee,0xee,0xee,0x99,0x96,0xce,0x99,0x49,0x00,0x00,0x00,0x00,0x00,0x62,0xaa,0x44,0x24,0x10,0x11,0xe1,0xee,0xba,0x22,0x22,0x22,
0x22,0x12,0x22,0x21,0x12,0x11,0x00,0x00,0x10,0x00,0x00,0x9e,0xe4,0xee,0xce,0x99,0x69,0x10,0x06,0x00,0xa4,0xaa,0x46,0x44,0x12,0x11,0x11,0x11,0xb4,0xcc,0xce,0xcc,
0xec,0xec,0xee,0xc9,0x99,0x98,0xce,0x9c,0x09,0x00,0x10,0x00,0x00,0x10,0xaa,0xaa,0x46,0x46,0x24,0x11,0xe1,0xbb,0xb8,0x12,0x21,0x22,0x22,0x11,0x21,0x64,0x44,0x13,
0x11,0x11,0x00,0x10,0x60,0xac,0xc6,0xec,0xee,0x99,0x69,0x90,0x1b,0x64,0xaa,0xaa,0x4a,0x64,0x24,0x11,0x11,0x11,0xc4,0xcc,0xee,0xee,0xec,0xec,0xc9,0xe9,0x99,0x69,
0xc9,0x9c,0x02,0x00,0x00,0x00,0x44,0x64,0xaa,0xaa,0x44,0x46,0x44,0x14,0xb1,0xab,0xa5,0x11,0x11,0x21,0x12,0x11,0x64,0x66,0x64,0x44,0x11,0x11,0x00,0x11,0x92,0xae,
0xb6,0xcc,0xce,0x9c,0x66,0xc5,0x96,0xa6,0xaa,0xaa,0x6a,0x64,0x44,0x14,0x12,0x11,0x91,0xca,0xce,0xec,0xec,0xcc,0x99,0xc9,0x99,0x0c,0xc6,0x9c,0x00,0x00,0x10,0x40,
0xaa,0xaa,0xaa,0x6a,0x46,0x44,0x44,0x44,0xb1,0xe9,0x81,0x11,0x11,0x11,0x41,0x64,0x66,0x66,0x66,0x44,0x44,0x12,0x00,0x00,0xe6,0xae,0xbc,0xbb,0xce,0xac,0x96,0xee,
0x9c,0x66,0x66,0xaa,0x6a,0x64,0x46,0x44,0x44,0x24,0x41,0xeb,0x4c,0xca,0xcc,0xec,0x9c,0x9c,0xcc,0x06,0x90,0x4c,0x24,0x10,0x44,0x66,0xab,0xa6,0xaa,0x46,0x46,0x44,
0x44,0x44,0x90,0xce,0x69,0x44,0x14,0x42,0x66,0x66,0x66,0x66,0x44,0x46,0x44,0x44,0x02,0x20,0xe9,0xce,0xbc,0x58,0xbc,0x49,0xba,0xec,0xac,0x66,0x66,0x6a,0xa6,0x44,
0x46,0x44,0x46,0x44,0x34,0xc9,0x29,0xc4,0xcc,0xee,0xce,0x99,0xc9,0x22,0x64,0x4a,0x44,0x44,0x64,0x66,0x6c,0x66,0xa6,0x66,0x66,0x66,0x46,0x44,0x42,0xce,0x49,0x44,
0x44,0x64,0x46,0x64,0x66,0x66,0x46,0x46,0x44,0x44,0x44,0x44,0xb4,0xcc,0xab,0x58,0xab,0x6a,0xaa,0xea,0x9a,0x66,0x66,0x66,0x66,0x46,0x64,0x64,0x44,0x44,0x44,0xc4,
0x44,0xc4,0xec,0xce,0x9c,0x99,0x69,0x44,0x44,0x44,0x44,0x64,0x44,0xa4,0xab,0x66,0x66,0x46,0x64,0x66,0x44,0x44,0x44,0x9c,0x49,0x46,0x44,0x44,0x44,0x44,0x64,0x66,
0x44,0x44,0x44,0x44,0x64,0x66,0xb4,0xac,0xa6,0x9b,0xac,0xa5,0xbb,0xe6,0x99,0x64,0x44,0x24,0x41,0x66,0x64,0x44,0x44,0x44,0x44,0x44,0x44,0x94,0xec,0xce,0x9c,0x99,
0x99,0x44,0x42,0x44,0x44,0x44,0x44,0xb4,0x6c,0x6a,0x66,0x46,0x44,0x44,0x44,0x44,0x44,0xc9,0x66,0x66,0x66,0x66,0x46,0x44,0x44,0x44,0x44,0x44,0x43,0x44,0x44,0x46,
0x64,0xac,0xa6,0xbb,0x8b,0xb4,0xab,0xc4,0x4b,0x44,0x24,0x11,0x00,0x41,0x46,0x46,0x44,0x64,0x46,0x44,0x44,0x44,0xcc,0xec,0x9e,0x99,0x4c,0x44,0x44,0x44,0x44,0x44,
0x64,0xb6,0xab,0x6a,0x44,0x44,0x24,0x11,0x44,0x24,0x11,0x91,0x66,0x66,0x66,0xaa,0x66,0x44,0x44,0x44,0x44,0x24,0x42,0x44,0x44,0x44,0x44,0x6c,0xa4,0xba,0x1b,0xa4,
0xab,0xa4,0x4b,0x44,0x14,0x11,0x00,0x40,0x44,0x44,0x66,0xa6,0x66,0x42,0x44,0x44,0xcb,0xee,0x9c,0xcc,0x49,0x24,0x44,0x44,0x44,0x64,0x66,0xb6,0x6b,0x6a,0x44,0x44,
0x22,0x23,0x41,0x22,0x01,0x00,0x64,0x66,0xaa,0xaa,0x6a,0x66,0x46,0x44,0x64,0x46,0x44,0x94,0x6a,0x44,0x44,0x4a,0xb4,0xbb,0x4b,0xaa,0x6b,0x64,0x4a,0x04,0x12,0x11,
0x01,0x10,0x00,0x64,0xa6,0xaa,0x66,0x66,0x44,0x44,0xe6,0xcc,0x9c,0xcc,0x44,0x13,0x21,0x22,0x62,0x66,0x66,0x92,0x6a,0x2a,0x24,0x42,0x44,0x44,0x44,0x44,0x9c,0x00,
0x14,0x40,0x66,0xaa,0xaa,0xaa,0x66,0x66,0x66,0x46,0x44,0xba,0xaa,0x46,0x14,0x44,0xb2,0xaa,0x4b,0xaa,0x4b,0x21,0x21,0x21,0x22,0x12,0xa6,0x01,0x00,0x40,0x66,0x66,
0x66,0x66,0x46,0x22,0x42,0xcc,0x9e,0x4c,0x22,0x22,0x24,0x22,0x42,0x44,0x44,0x64,0x66,0x46,0x44,0x44,0x66,0x66,0x44,0x64,0x9e,0x04,0x10,0x00,0x60,0x66,0xa6,0xaa,
0xaa,0x46,0x64,0x66,0xaa,0xaa,0xaa,0x6a,0x44,0x44,0x64,0xab,0x6a,0xaa,0x4a,0x44,0x44,0x44,0x24,0x42,0x9c,0x16,0x11,0x00,0x20,0x41,0x66,0x66,0x66,0x46,0x44,0xcb,
0xce,0x6a,0x46,0x44,0x66,0x66,0x44,0x44,0x64,0x44,0xab,0x66,0x66,0x66,0x66,0x46,0x00,0x40,0x6e,0x09,0x10,0x00,0x00,0x66,0xa6,0x66,0x14,0x01,0x00,0xa6,0xaa,0xaa,
0x6a,0x66,0x66,0x66,0x66,0xa6,0xcb,0xab,0x6b,0x44,0x44,0x44,0x44,0xc2,0x6e,0x4a,0x22,0x21,0x44,0x11,0x41,0x64,0x64,0x66,0x66,0xe9,0xce,0x66,0x66,0x66,0x66,0x66,
0x66,0x66,0x66,0x66,0xaa,0x66,0x66,0x66,0x66,0x11,0x00,0x00,0x6e,0x49,0x11,0x01,0x10,0x66,0x66,0x26,0x11,0x11,0x00,0x60,0xaa,0xaa,0x6a,0x66,0x66,0x66,0x66,0xaa,
0xab,0xaa,0x46,0x12,0x64,0x66,0x96,0xc9,0x4e,0x69,0x26,0x44,0x66,0x44,0x66,0x66,0x66,0x66,0x66,0x66,0x6c,0x66,0x66,0x66,0x66,0x02,0x10,0x66,0x66,0x66,0xaa,0xaa,
0x66,0x66,0x46,0x00,0x00,0x00,0x4c,0xa6,0x11,0x11,0x01,0x00,0x64,0x46,0x11,0x11,0x00,0x40,0x66,0x66,0x66,0x66,0x66,0x46,0x01,0xa6,0xab,0xaa,0x14,0x01,0x40,0x40,
0xb6,0xee,0xae,0xa6,0x66,0x66,0x66,0x46,0x64,0x66,0x66,0x46,0x44,0x66,0x66,0x46,0x66,0x66,0x46,0x01,0x00,0x01,0x64,0x66,0x66,0x66,0x16,0x61,0x44,0x60,0x06,0x01,
0x4a,0xbb,0x11,0x11,0x01,0x00,0x40,0x42,0x22,0x11,0x01,0x41,0x46,0x66,0x66,0x66,0x04,0x12,0x00,0xa4,0xaa,0x6a,0x10,0x01,0x00,0x10,0xb6,0xcb,0x6e,0xba,0x6a,0x66,
0x66,0x66,0x66,0x66,0x64,0x04,0x00,0x64,0x66,0x66,0x66,0x46,0x11,0x11,0x00,0x01,0x60,0x66,0x66,0x66,0x11,0x10,0x01,0xe0,0x99,0x01,0xae,0xbb,0x11,0x41,0x16,0x10,
0x01,0x11,0x11,0x21,0x00,0x00,0x01,0x64,0x46,0x11,0x11,0x11,0x00,0xa1,0xaa,0x1a,0x11,0x01,0x00,0x01,0x91,0xbb,0x6c,0xb6,0x66,0x66,0x66,0x66,0x66,0x66,0x11,0x01,
0x00,0x40,0x66,0x66,0x66,0x22,0x11,0x11,0x12,0x12,0x21,0x16,0x40,0x16,0x00,0x11,0x01,0xe6,0x69,0x0a,0xab,0xbb,0x22,0xe4,0x49,0x21,0x22,0x11,0x00,0x10,0x00,0x00,
0x00,0x40,0x46,0x11,0x11,0x11,0x00,0x60,0xab,0x16,0x11,0x11,0x01,0x00,0x60,0xbc,0x6b,0xb6,0x19,0x66,0x64,0x66,0x46,0x44,0x11,0x01,0x01,0x00,0x44,0x01,0x44,0x22,
0x21,0x11,0x22,0x22,0x22,0x12,0x00,0x11,0x11,0x11,0x11,0xe6,0xbe,0x1e,0x8b,0xba,0x42,0xec,0x66,0x24,0x22,0x11,0x00,0x00,0x10,0x11,0x11,0x11,0x11,0x11,0x12,0x12,
0x11,0x10,0xaa,0x14,0x22,0x21,0x11,0x11,0x40,0xbb,0x9a,0xaa,0x46,0x14,0x10,0x64,0x14,0x00,0x11,0x11,0x00,0x00,0x11,0x00,0x10,0x12,0x22,0x22,0x22,0x22,0x02,0x10,
0x11,0x11,0x11,0x22,0x12,0xe6,0xbe,0xab,0x6a,0xa8,0x62,0xee,0xb6,0x24,0x22,0x12,0x11,0x60,0x49,0x14,0x11,0x01,0x10,0x01,0x11,0x22,0x21,0x11,0xa6,0x11,0x11,0x22,
0x11,0x11,0x41,0xba,0x6b,0xaa,0x1a,0x00,0x00,0x40,0x11,0x11,0x22,0x11,0x00,0x10,0x00,0x00,0x00,0x00,0x21,0x12,0x12,0x11,0x10,0x10,0x11,0x11,0x21,0x22,0x44,0xe6,
0xbe,0xbb,0x59,0x88,0x6b,0xee,0xba,0x04,0x21,0x12,0x41,0xfe,0x9f,0x49,0x01,0x10,0x10,0x01,0x10,0x21,0x22,0x11,0x22,0x21,0x11,0x10,0x11,0x11,0x41,0xba,0x6b,0xb6,
0x2a,0x11,0x01,0x20,0x22,0x12,0x12,0x11,0x10,0x11,0x10,0x00,0x00,0x10,0x21,0x12,0x22,0x11,0x00,0x11,0x21,0x22,0x11,0x21,0xbb,0xb4,0xbb,0xa8,0x37,0xa3,0xae,0xbb,
0xbb,0x04,0x00,0x01,0xf1,0xff,0xcf,0x69,0x05,0x00,0x11,0x11,0x00,0x10,0x22,0x22,0x22,0x22,0x11,0x11,0x41,0x01,0x10,0xa4,0xab,0x66,0x14,0x11,0x01,0x00,0x21,0x00,
0x11,0x21,0x12,0x12,0x11,0x11,0x11,0x11,0x11,0x11,0x10,0x11,0x11,0x54,0x44,0x11,0x00,0x10,0xbe,0xbb,0xbb,0x55,0x77,0x86,0xab,0xaa,0xaa,0x14,0x01,0x40,0xfc,0xff,
0xff,0xec,0xce,0x11,0x41,0x46,0x24,0x42,0x66,0x24,0x22,0x22,0x22,0x42,0x66,0x14,0x11,0x61,0x6a,0x46,0x11,0x11,0x00,0x00,0x00,0x00,0x10,0x22,0x22,0x22,0x11,0xa1,
0x2a,0x11,0x11,0x11,0x11,0x00,0x71,0x9e,0x99,0x49,0x10,0x11,0xbe,0xab,0xaa,0x24,0xdd,0x97,0xa8,0x44,0x88,0x44,0x14,0xf5,0xff,0xff,0xcf,0xee,0x9e,0x25,0x44,0x44,
0x66,0x64,0x66,0x66,0x44,0x44,0x44,0x66,0x66,0x44,0x46,0x41,0xaa,0x06,0x11,0x11,0x01,0x11,0x11,0x11,0x10,0x11,0x21,0x22,0x22,0xe4,0x6a,0x11,0x21,0x22,0x22,0x11,
0xee,0xcf,0x9e,0xec,0x11,0x77,0xbc,0xcc,0x48,0x74,0xfd,0x7d,0x47,0x36,0x88,0x77,0x17,0xfe,0xff,0xff,0xcf,0xc9,0xce,0x49,0x44,0x49,0x64,0x46,0x44,0x66,0x66,0x66,
0x66,0x66,0x66,0x66,0x66,0x44,0xaa,0x24,0x12,0x12,0x11,0x11,0x11,0x11,0x01,0x10,0x10,0x41,0x12,0xcc,0x66,0x24,0x42,0x44,0x44,0x92,0xff,0xcf,0x9e,0xcc,0x69,0x77,
0xef,0xdd,0x57,0x77,0x7d,0x77,0x77,0x77,0xd7,0xdd,0xdd,0xff,0xff,0xff,0xde,0x9e,0xe9,0x49,0x74,0x6d,0x44,0x44,0x44,0x64,0x44,0x44,0x66,0x66,0x64,0x66,0x66,0x44,
0xa6,0x42,0x44,0x24,0x22,0x22,0x22,0x22,0x12,0x21,0x42,0x44,0x46,0xee,0xbb,0x44,0x44,0x44,0x64,0xe4,0xff,0xfe,0xee,0xcf,0xec,0xff,0x7d,0x7d,0x77,0xd7,0xdd,0x7d,
0x77,0x77,0x7d,0xd7,0x77,0xfd,0x7f,0xff,0xdd,0xde,0xec,0x9e,0x77,0x4d,0x49,0x44,0x64,0x44,0x44,0x44,0x64,0x46,0x66,0x66,0x66,0x46,0x44,0x44,0x44,0x44,0x22,0x22,
0x22,0x42,0x44,0x44,0x44,0x46,0xab,0xbb,0xbb,0x46,0x44,0x44,0x79,0xff,0xfe,0xff,0xef,0xed,0xdd,0x77,0x77,0x77,0xdd,0xfd,0x77,0xfd,0x7d,0x7d,0x77,0x77,0x77,0x77,
0xd7,0xff,0x17,0xdf,0xed,0xed,0xfd,0xdd,0x47,0x47,0x6d,0x44,0x44,0x44,0x44,0x44,0x44,0x46,0x44,0x44,0x44,0x44,0x44,0x44,0x44,0x24,0x42,0x44,0x9a,0x44,0x44,0x44,
0xbb,0xbb,0xaa,0x76,0xd4,0x69,0xf7,0xff,0xfe,0xff,0x77,0xdf,0x77,0x77,0xd7,0xdd,0xdd,0xdd,0x47,0xd7,0xdd,0x77,0x77,0x77,0x7d,0x77,0x77,0x77,0x57,0xd4,0x7d,0xdd,
0xdf,0xff,0x7d,0x7d,0x77,0x4d,0x44,0x8c,0x44,0x44,0x64,0x6e,0x46,0x44,0x44,0x44,0x44,0x44,0x46,0x44,0x44,0xa4,0xab,0x46,0x44,0x49,0xbb,0x66,0x66,0x76,0x94,0xd7,
0xff,0xff,0xd9,0x7d,0x75,0x77,0xdd,0xd7,0xdd,0xdd,0xdf,0xd7,0x77,0xd7,0xdf,0x77,0xd7,0x7d,0xdd,0xdd,0x7d,0x77,0x77,0x77,0x77,0xdd,0x77,0x7d,0xdd,0xdd,0xdd,0x58,
0x46,0xe6,0x69,0x64,0xca,0xac,0x79,0x46,0x44,0x44,0x44,0x66,0x77,0x96,0x69,0xc9,0xbe,0x99,0xd9,0xd7,0x6a,0x26,0x61,0x77,0xfd,0xff,0xfd,0xcd,0xd7,0x77,0x77,0x77,
0xdd,0xdd,0xff,0xdf,0x7d,0x88,0x9d,0xff,0xdd,0xdd,0xdd,0x6d,0xdd,0x7d,0x76,0xd7,0x77,0x7d,0x75,0x77,0x77,0x77,0x77,0x77,0xdd,0xdd,0x77,0xd7,0x77,0xdc,0x77,0xe7,
0xd7,0x7d,0x97,0x99,0x77,0xd7,0x7d,0xd7,0x7c,0xde,0xc9,0xdd,0x7d,0xdd,0x9e,0x99,0xec,0xdd,0xdd,0xd4,0x55,0x97,0x76,0x77,0x7d,0xdd,0xdd,0x7d,0x77,0x7d,0x32,0x35,
0xb8,0xdb,0xdd,0xfd,0xfd,0x9d,0x6d,0x7d,0x57,0xdd,0x7d,0x7d,0x75,0xc5,0x7d,0xdd,0x7d,0x7d,0xd7,0xdd,0x77,0x67,0x66,0x67,0x76,0x77,0x67,0x77,0x77,0x87,0x79,0x77,
0x77,0x77,0x77,0x97,0x69,0x67,0x66,0x77,0x77,0xd7,0xdd,0xdd,0x77,0xd8,0x75,0x7d,0xd7,0xdd,0x4d,0x77,0xdd,0x77,0x77,0x58,0x35,0x58,0xbd,0x88,0x84,0x7e,0xd4,0xdf,
0xdf,0xff,0xf7,0xff,0xdd,0xdf,0x77,0x97,0x89,0xd9,0x77,0xd7,0x77,0x97,0x99,0x77,0x65,0x57,0x55,0x35,0x33,0x33,0x55,0x88,0x55,0x55,0x55,0x55,0x55,0x55,0x76,0x67,
0x67,0x99,0x99,0x88,0x98,0x77,0x77,0xd7,0xdd,0x7d,0xd7,0x9d,0x83,0xd3,0xed,0xfe,0xdf,0xbc,0xbb,0x38,0xfd,0x8e,0x75,0x3e,0x45,0x77,0xcd,0xdd,0xd7,0x7d,0x7d,0xdd,
0x7d,0x79,0x59,0x55,0x55,0x55,0x55,0x55,0x55,0x75,0x77,0x77,0x77,0x77,0x58,0x55,0x55,0x35,0x33,0x55,0x55,0x55,0x23,0x53,0x55,0x55,0x55,0x35,0x33,0x55,0x55,0x95,
0x89,0x88,0x99,0x77,0xd7,0xdd,0xd7,0xde,0xd7,0xdd,0xcd,0x76,0xce,0x35,0xdf,0x7f,0x7d,0x7d,0x76,0x77,0x99,0x88,0x88,0x58,0x55,0x58,0x85,0x88,0x88,0x58,0x55,0x55,
0x55,0x55,0x55,0x35,0x53,0x55,0x55,0x55,0x55,0x55,0x55,0x35,0x33,0x32,0x33,0x53,0x35,0x33,0x53,0x53,0x53,0x55,0x55,0x35,0x33,0x55,0x53,0x55,0x55,0x88,0x99,0x97,
0x9c,0x77,0x98,0x99,0x9c,0x9c,0x77,0x8e,0xdd,0xdd,0xdd,0x7d,0x77,0x77,0x77,0x87,0x58,0x55,0x98,0x55,0x55,0x55,0x55,0x55,0x55,0x55,0x55,0x55,0x55,0x53,0x33,0x53,
0x33,0x23,0x53,0x33,0x53,0x55,0x55,0x68,0x55,0x76,0x67,0x59,0x55,0x55,0x33,0x32,0x33,0x35,0x33,0x32,0x35,0x33,0x53,0x35,0x33,0x33,0x35,0x55,0x55,0x78,0x77,0xdd,
0xdd,0xdd,0xe7,0xee,0xde,0x77,0x77,0x79,0xe7,0xc7,0x77,0xe9,0x7e,0x77,0x99,0x97,0x89,0x89,0x88,0x89,0x88,0x55,0x55,0x55,0x55,0x55,0x55,0x55,0x85,0x55,0x88,0x99,
0x79,0x69,0x56,0x55,0x32,0x33,0x35,0x33,0x33,0x33,0x55,0x95,0x66,0x56,0x85,0x58,0x85,0x58,0x55,0x88,0x89,0x88,0x99,0x99,0xcc,0xc9,0xcc,0xcc,0x58,0x58,0x88,0xa8,
0x88,0x85,0x88,0x88,0x55,0x58,0x55,0x55,0x55,0x55,0x55,0x65,0x77,0x77,0x77,0x89,0xc9,0xcd,0x99,0x79,0x97,0x97,0x99,0x88,0x88,0x58,0x55,0x55,0x35,0x53,0x35,0x55,
0x35,0x85,0x85,0x55,0x55,0x98,0x99,0xc7,0x79,0x9c,0x79,0x99,0x98,0x89,0x58,0x55,0x55,0x55,0x55,0x53,0x55,0x55,0x55,0x55,0x55,0x55,0x55,0x55,0x55,0x85,0x55,0x85,
0x88,0x88,0x58,0x55,0x88,0x98,0x88,0x88,0x98,0x99,0x99,0x99,0x99,0x7c,0x77,0x77,0x99,0x99,0x98,0x98,0x88,0x88,0x88,0x88,0x88,0x88,0x55,0x55,0x55,0x55,0x55,0x55,
0x33,0x55,0x85,0x55,0x85,0x58,0x55,0x85,0x58,0x55,0x33,0x43,0x55,0x55,0x88,0x88,0x59,0x55,0x55,0x98,0x55,0x55,0x58,0x53,0x55,0x55,0x58,0x55,0x55,0x55,0x55,0x55,
0x55,0x55,0x55,0x55,0x33,0x55,0x55,0x55,0x55,0x55,0x55,0x55,0x58,0x85,0x88,0x88,0x89,0x88,0x55,0x88,0x55,0x55,0x53,0x35,0x33,0x33,0x55,0x55,0x55,0x55,0x35,0x55,
0x55,0x53,0x55,0x55,0x85,0x55,0x55,0x55,0x55,0x55,0xc9,0x58,0x88,0xdc,0x9c,0x78,0x89,0x59,0x55,0x55,0x55,0x55,0x55,0x55,0x55,0x58,0x85,0x88,0x88,0x88,0x58,0x58,
0x88,0x85,0x55,0x55,0x55,0x55,0x55,0x55,0x55,0x55,0x55,0x33,0x53,0x55,0x55,0x55,0x55,0x55,0x55,0x55,0x55,0x55,0x58,0x55,0x55,0x35,0x33,0x55,0x85,0x53,0x75,0x55,
0x56,0x59,0x58,0xe8,0xc9,0x88,0x98,0x8c,0x67,0xd7,0x8c,0x55,0x55,0x78,0x58,0x55,0x88,0x88,0x88,0x88,0x88,0x88,0x88,0x98,0x88,0x88,0x88,0x98,0x88,0x89,0x99,0x88,
0x88,0x88,0x58,0x55,0x55,0x55,0x35,0x53,0x55,0x55,0x88,0x58,0x58,0x85,0x88,0x58,0x55,0x55,0x75,0x59,0x55,0xd8,0x57,0x78,0x87,0x77,0x77,0x79,0x77,0xef,0x77,0x79,
0x77,0x77,0x77,0xdd,0x57,0x77,0x76,0xcd,0x57,0x98,0x99,0x88,0x99,0x99,0xaa,0x88,0x88,0x98,0x97,0x88,0x88,0x88,0x88,0x55,0x88,0x88,0x98,0x88,0x88,0x88,0x88,0x88,
0x88,0x55,0x55,0x55,0x55,0x58,0x55,0x55,0x55,0x55,0x55,0x89,0x87,0x75,0x75,0xd7,0x7d,0x77,0x77,0x7d,0x77,0x77,0xfd,0xff,0x77,0xdd,0x77,0xd7,0xd7,0x77,0x77,0x77,
0x77,0xd7,0x77,0x77,0x77,0x87,0xc7,0x99,0xea,0xcb,0x77,0xd7,0x77,0x77,0x55,0x55,0x55,0x55,0x55,0x55,0x88,0x85,0x89,0x99,0x99,0x99,0x98,0x59,0x78,0x89,0x69,0x99,
0x77,0x98,0x98,0x88,0x78,0xd9,0x77,0x7d,0x77,0x7d,0x77,0x77,0x77,0x77,0x77,0xd7,0xff,0xff,0xd7,0xdd,0xdd,0xdd,0xdd,0xdd,0xdd,0xdd,0xdd,0xff,0xdf,0xdd,0xfd,0xdd,
0xdd,0x97,0x89,0x85,0x85,0x85,0x89,0x88,0x88,0x89,0x88,0x98,0x89,0x89,0x78,0x67,0x77,0xd9,0x99,0x89,0xe9,0x9c,0x9d,0xcc,0x7c,0xd7,0x7d,0x77,0x8c,0x9e,0xc7,0xdd,
0xdd,0xdf,0xdd,0xdd,0xdd,0xdd,0xdd,0xd7,0xd7,0xfd,0xff,0xff,0x47,0x77,0xd7,0xdd,0xdd,0xdd,0xdd,0xfd,0xdd,0xed,0xdd,0x77,0xcd,0x99,0x89,0x89,0x58,0x55,0x85,0x88,
0x88,0x88,0x88,0x88,0x98,0xdc,0x7d,0x7d,0xdd,0x7d,0x77,0x77,0x7d,0x77,0xa7,0x98,0x8a,0x88,0x89,0x89,0x55,0x55,0x55,0x55,0x55,0x55,0x98,0x99,0x7c,0xd7,0x77,0xdd,
0xdd,0xdd,0xdd,0xff,0xff,0xff,0x13,0x01,0xc0,0xcc,0x7c,0x7c,0x77,0x97,0xc9,0xcc,0x99,0x88,0x88,0x58,0x55,0x55,0x55,0x55,0x55,0x55,0x55,0x55,0x55,0x55,0x55,0x55,
0x85,0x98,0xc8,0xde,0xdd,0xdd,0xde,0xee,0xee,0xcc,0xbb,0x89,0x89,0x88,0x55,0x88,0x88,0x88,0x55,0x55,0x55,0x55,0x85,0x99,0x99,0x99,0x78,0xdd,0xfd,0xff,0xff,0xff,
0x38,0x13,0x90,0xaa,0x89,0x99,0x99,0x89,0x88,0x88,0x85,0xc9,0xcc,0xac,0x89,0x89,0x58,0x58,0x85,0x55,0x55,0x55,0x55,0x55,0x55,0x55,0x85,0x58,0x85,0x85,0x89,0xbc,
0x9a,0xcc,0xbb,0xbc,0xab,0xba,0xaa,0x9b,0x9a,0xa8,0x9a,0x8a,0x8a,0x88,0x88,0x85,0x58,0x88,0x56,0xe5,0xe9,0xef,0xf8,0xff,0xff,0xff,0x8b,0x38,0x38,0x81,0xaa,0x9a,
0xaa,0x99,0x88,0x88,0x88,0x88,0xa8,0x88,0x88,0x88,0x55,0x55,0x55,0x55,0x55,0x55,0x55,0x88,0x88,0x89,0x89,0x8a,0x98,0xa9,0x99,0x9a,0x98,0x89,0xa9,0x99,0xba,0xa9,
0x9a,0xca,0xa9,0xbb,0xab,0xab,0xaa,0xaa,0xaa,0x99,0x88,0x7e,0x85,0x77,0xef,0xff,0xdf,0xd4,0xff,0xff,0xdb,0xe7,0x35,0x10,0xc8,0x99,0x99,0x8c,0x88,0x88,0x88,0x89,
0x98,0x88,0x88,0x88,0x58,0x55,0x85,0x88,0x88,0x88,0x89,0x8a,0xaa,0xaa,0xbb,0xa9,0x88,0x88,0x88,0x58,0x85,0x88,0x85,0x58,0x88,0x88,0x98,0x9a,0xa9,0xa9,0xab,0xba,
0xbb,0xea,0xcb,0x9b,0xca,0xfe,0x77,0xff,0xff,0xff,0x5f,0x77,0xff,0xff,0x53,0x8b,0x33,0xc5,0xdd,0xc7,0xdd,0xcc,0xdc,0xcd,0x88,0xce,0x99,0x99,0x98,0xa8,0x9a,0x9b,
0xaa,0xba,0xac,0xba,0x9a,0xa9,0x9a,0xa9,0x9a,0x58,0x58,0x55,0x88,0x55,0x55,0x55,0x85,0x55,0x55,0x55,0x85,0x89,0x88,0x79,0x88,0x88,0x9a,0x78,0xdd,0x7c,0xdc,0xfd,
0xdd,0xdd,0xff,0xdf,0xdd,0xff,0xff,0x7f,0x33,0x60,0x3b,0x62,0xdd,0x77,0xdd,0xc7,0xdc,0x9d,0xd7,0xdc,0x97,0xc7,0x97,0xcc,0xcc,0xce,0x99,0x7c,0x97,0x58,0x98,0x99,
0x88,0x89,0x88,0x88,0x88,0x58,0x58,0x55,0x55,0x88,0x58,0x55,0x85,0x58,0x88,0x7d,0xc8,0x78,0x58,0x85,0x89,0x99,0x77,0x77,0x97,0xc7,0x77,0xd7,0xd7,0xdd,0xdd,0xdd,
0xdd,0xdd,0xb8,0x83,0xee,0x85,0x7d,0x77,0x7d,0x76,0xcd,0x97,0xbb,0xde,0xdd,0xdd,0xdd,0xdc,0xde,0x77,0x77,0xdd,0xcc,0x88,0xd8,0x97,0xbc,0xcc,0x98,0x88,0x88,0x85,
0x55,0x58,0x55,0x88,0x58,0x55,0x98,0x56,0x98,0xd9,0xe7,0xcd,0x77,0x97,0x97,0x77,0x77,0x17,0x60,0x79,0x77,0x9c,0x99,0x97,0x77,0x7d,0x7d,0xfd,0xef,0xdb,0xed,0xde,
0xdd,0x7d,0x36,0x71,0x77,0x7d,0xd7,0xdd,0xdd,0xdd,0xee,0xcc,0xdd,0xdd,0xdd,0xdf,0xdd,0x77,0xdd,0xd7,0x77,0xc9,0x89,0x99,0xca,0x89,0x88,0x88,0x88,0x89,0x8a,0x88,
0x78,0x7d,0xc7,0xdd,0xdd,0xd7,0xdd,0x7d,0x77,0x77,0x77,0x47,0x62,0x77,0x77,0x77,0x77,0x97,0x77,0x88,0x75,0xd7,0xdd,0xdd,0xdd,0xdd,0xd7,0xdd,0x2b,0x51,0x00,0xd7,
0xce,0xcc,0xbc,0x89,0x88,0xba,0x95,0xfe,0xdd,0xfd,0xdd,0xdd,0x7d,0x99,0x58,0x55,0x85,0x55,0x98,0x99,0x89,0x89,0x88,0x88,0x97,0x99,0x77,0xdd,0x7d,0xd7,0x77,0x77,
0xd7,0x7d,0xd7,0x77,0x06,0x83,0x57,0x21,0x77,0x97,0x72,0x7d,0x77,0x77,0x77,0xdd,0xdd,0xdf,0xdd,0xdd,0x7d,0xdd,0x3e,0x55,0x13,0xc9,0xcc,0x77,0xbc,0xab,0x8a,0xbb,
0x58,0xcc,0xce,0xe9,0xc9,0xa9,0xba,0x9a,0x99,0x88,0x89,0x88,0x88,0x88,0x88,0x98,0x99,0x87,0x77,0x77,0x77,0xdd,0xd7,0xd7,0x77,0xdd,0xdd,0x77,0xdd,0xd7,0x69,0x25,
0x08,0x7c,0xdd,0x87,0x58,0x7d,0x77,0xdd,0x7d,0x76,0xdd,0xdd,0xdd,0xed,0x38,0x63,0xbe,0x8e,0xb8,0x77,0x77,0xcc,0x77,0xed,0xab,0x7b,0x8e,0xb8,0x8b,0x88,0x88,0x98,
0x89,0x88,0x88,0x9a,0xbb,0xcb,0xba,0x9a,0x85,0xdc,0xd7,0xd7,0xdd,0xdd,0xdd,0xdd,0xdd,0x97,0xdd,0xdd,0xdd,0xdd,0x7d,0xd7,0xdd,0x85,0x5f,0xd7,0xdd,0xdd,0xdd,0xdd,
0xdd,0xdd,0x0d,0x42,0x77,0xdd,0xdd,0x8b,0x3a,0x85,0xf8,0xe7,0x8b,0x03,0x71,0xdd,0xdd,0xfd,0xae,0xb8,0xba,0x83,0x83,0xa9,0x89,0x89,0x99,0x88,0x79,0x88,0xd9,0x89,
0x88,0x79,0xec,0xdd,0xdd,0xdd,0xdd,0xdf,0xff,0xff,0xff,0xdd,0xdf,0xdf,0xdf,0xdd,0xdd,0xdd,0xdd,0xdd,0xdf,0x77,0xdd,0xdd,0x7d,0xd7,0xdd,0xdd,0x3d,0x55,0xfd,0xff,
0xdd,0xbe,0x35,0x82,0xfa,0xef,0x58,0x55,0x85,0xfd,0xcf,0xfe,0xee,0xee,0xc8,0x8b,0x58,0xbb,0xba,0x99,0xd8,0xc7,0xdc,0x89,0x7d,0x98,0xbb,0xc9,0xbc,0x8a,0xcc,0xee,
0xed,0xdd,0xdf,0xdd,0xfd,0xdd,0xdf,0xdf,0xfd,0xdd,0xfd,0xdd,0xdd,0xdd,0xdf,0x85,0xff,0xfd,0xdd,0xdd,0xdd,0x12,0x85,0xb7,0xff,0xfd,0xff,0xed,0xee,0x5e,0x51,0xb1,
0x5b,0x32,0xd6,0xfd,0xdd,0xdf,0xde,0xff,0xee,0x8e,0x88,0xc8,0xbc,0xec,0xcc,0xdf,0xfd,0xfd,0x7f,0xe7,0xcc,0xcc,0x9a,0x99,0x99,0x99,0xec,0xcd,0xcc,0xcc,0xfc,0xde,
0xdd,0xcc,0xfe,0xde,0xfe,0xfd,0xdd,0xdd,0xdf,0xfd,0xdf,0xf7,0xdd,0xdf,0x58,0x33,0xe8,0x57,0xff,0xfd,0xff,0xdf,0xff,0x3b,0x55,0x83,0xef,0x58,0xf8,0xdd,0xff,0xdd,
0xdd,0xdf,0x7d,0xfe,0xeb,0xee,0xce,0xed,0xff,0xff,0xff,0xff,0xdf,0xdf,0x7e,0x99,0x88,0x89,0x99,0xba,0xec,0x9c,0xb9,0x8b,0xcc,0xcc,0xcc,0xcc,0xde,0xde,0xdd,0xfd,
0xff,0xfd,0xdf,0xff,0xdf,0xff,0xdd,0xee,0xb8,0x3a,0x53,0x33,0xff,0xff,0xff,0xfd,0xff,0x8a,0xab,0xb8,0xff,0xff,0xff,0xdf,0xfd,0xdd,0xfd,0xdd,0xdd,0xfd,0xee,0xff,
0xec,0xee,0xdd,0xfe,0xef,0xdd,0xed,0xed,0xcc,0xcc,0x9b,0xbb,0xac,0xcc,0xcc,0xbb,0x9b,0x8e,0x9c,0xa9,0xbc,0x99,0xee,0xcc,0xee,0xfe,0xff,0xfd,0xff,0xff,0xfd,0xdf,
0xef,0x88,0xec,0x33,0x8e,0xbb,0xdf,0x77,0xfd,0xff,0xff,0xbe,0xbf,0xfb,0xff,0xdf,0xfd,0xfd,0xff,0xff,0xff,0xfd,0xdd,0xdf,0xdd,0xdf,0xde,0xde,0xed,0xee,0xec,0xdd,
0xed,0xee,0xee,0xce,0xcc,0xcc,0xcc,0xcc,0xcc,0xcc,0xee,0xee,0xbc,0xcc,0xcc,0xce,0xdd,0xef,0xfe,0xdd,0xfd,0xff,0xff,0xff,0xdf,0xff,0xff,0xbf,0xef,0xb8,0xff,0xff,
0xdd,0xff,0xff,0xff,0xff,0xff,0xff,0xff,0xff,0xff,0xff,0xcb,0xff,0xff,0xfd,0xff,0xff,0xdd,0xff,0xdf,0xee,0xff,0xdd,0xee,0x9c,0xfe,0xdd,0xee,0xdd,0xed,0xee,0xee,
0xee,0xee,0xee,0xce,0xcb,0xcc,0xee,0xee,0xee,0xee,0xee,0xfd,0xdf,0xdf,0xfd,0xff,0xff,0xff,0xdf,0xdd,0xff,0xff,0xff,0xff,0xff,0xff,0xfd,0xff,0x7f,0xfd,0xff,0xff,
0xff,0xfd,0xff,0xff,0xae,0xce,0xea,0xff,0xff,0xff,0xff,0xfd,0xff,0xdd,0xdd,0xff,0xfd,0xff,0xfc,0xfd,0xdd,0xdd,0xed,0xee,0xed,0xee,0xdd,0xde,0xee,0xee,0xcc,0xcc,
0xee,0xee,0xee,0xef,0xed,0xfd,0xdf,0xff,0xdd,0xff,0xff,0xff,0xff,0xdf,0xfd,0xff,0xff,0xdf,0xfd,0xff,0xff,0xff,0xdf,0xff,0xff,0xff,0xdf,0xfd,0xff,0xff,0xff,0xbe,
0xff,0xff,0xff,0xff,0xff,0xff,0xff,0xff,0xff,0xff,0xff,0xfd,0xff,0xff,0xff,0xff,0xff,0xfd,0xdd,0xdd,0xdd,0xdd,0xdd,0xde,0xed,0xee,0xde,0xdd,0xfd,0xfd,0xff,0xff,
0xff,0xff,0xff,0xff,0xff,0xff,0xff,0xff,0xff,0xff,0xff,0xff,0xfd,0xff,0xff,0xff,0xff,0xff,0xff,0xff,0xff,0xff,0xff,0xff,0xff,0xff,0xff,0xff,0xff,0xff,0xff,0xff,
0xff,0xff,0xff,0xff,0xff,0xff,0xff,0xff,0xff,0xff,0xff,0xff,0xff,0xdd,0xdd,0xdd,0xdd,0xdd,0xdd,0xdd,0xdd,0xdd,0xdd,0xff,0xff,0xff,0xff,0xff,0xff,0xff,0xff,0xff,
0xff,0xff,0xff,0xff,0xff,0xff,0xff,0xff,
},
{ // bug
0xff,0xff,0xff,0xff,0xcf,0xcc,0xad,0x9b,0x96,0x99,0x9c,0x66,0xaa,0xaa,0x9a,0x5b,0x69,0xa5,0xaa,0xaa,0xaa,0xaa,0xaa,0xaa,0xaa,0xaa,0xaa,0xaa,0xaa,0xaa,0xaa,0xaa,
0xaa,0xaa,0xaa,0xaa,0xaa,0xaa,0xaa,0xaa,0xaa,0x9a,0x99,0x9c,0xc9,0xdd,0xcb,0xff,0xbf,0xaa,0xaa,0xfd,0xff,0xff,0xff,0xfc,0xff,0xff,0xff,0xff,0xff,0xff,0xcc,0xcc,
0xa7,0xba,0x99,0x99,0x96,0x99,0xa9,0xaa,0xaa,0x7a,0x69,0xa5,0xaa,0xaa,0xaa,0xaa,0xaa,0xaa,0xaa,0xaa,0xaa,0xaa,0xaa,0xaa,0xaa,0xaa,0xaa,0xaa,0xaa,0xaa,0xaa,0xaa,
0xaa,0xaa,0xaa,0x99,0xcc,0x99,0xc9,0xaf,0xfa,0xff,0xab,0xaa,0xaa,0xda,0xff,0xff,0xff,0xfd,0xff,0xff,0xff,0xff,0xff,0xff,0xcf,0xcb,0x70,0xaa,0xba,0x99,0x96,0x66,
0x76,0xaa,0xaa,0xaa,0x49,0x76,0xaa,0xaa,0xaa,0xaa,0xaa,0xaa,0xaa,0xaa,0xaa,0xaa,0xaa,0xaa,0xaa,0xaa,0xaa,0xaa,0xaa,0xaa,0xaa,0xaa,0xaa,0xaa,0x7a,0x99,0x99,0x9c,
0xc9,0xaa,0xfa,0xdf,0xaa,0xaa,0xaa,0xaa,0xfd,0xff,0xff,0xff,0xff,0xff,0xff,0xcf,0xfc,0xcf,0xcc,0x4c,0x00,0xa7,0xaa,0x9a,0x96,0x65,0x65,0xaa,0xaa,0xaa,0xaa,0x65,
0xaa,0xaa,0xaa,0xaa,0xaa,0xaa,0xaa,0xaa,0xaa,0xaa,0xaa,0xaa,0xaa,0xaa,0xaa,0xaa,0xaa,0xaa,0xaa,0xaa,0xaa,0xaa,0x9a,0x99,0x96,0x9c,0xab,0xaa,0xba,0xab,0xaa,0xaa,
0x9a,0x99,0x99,0xdd,0xfd,0xff,0xff,0xff,0xff,0xcf,0xfc,0xcc,0xcf,0x07,0x04,0xa0,0xaa,0xaa,0x7b,0x65,0x56,0xaa,0xaa,0xaa,0xaa,0x6b,0xaa,0xaa,0xaa,0xaa,0xaa,0xaa,
0xaa,0xaa,0xaa,0xaa,0xaa,0xaa,0xaa,0xaa,0xaa,0xaa,0xaa,0xaa,0xaa,0xaa,0xaa,0xaa,0x8a,0x99,0xc9,0xab,0xaa,0xaa,0xaa,0xaa,0x7a,0x68,0xc9,0xcc,0x9c,0xd9,0xdd,0xfd,
0xff,0xff,0xff,0xfd,0xff,0xff,0x7c,0x00,0x40,0xa7,0xaa,0xaa,0x7a,0x56,0x66,0xa7,0x00,0xaa,0xaa,0x7a,0xaa,0xaa,0xaa,0xaa,0xaa,0xaa,0xaa,0xaa,0xaa,0xaa,0xaa,0xaa,
0xaa,0xaa,0xaa,0xaa,0xaa,0xaa,0xaa,0xaa,0xaa,0xaa,0x67,0x99,0xab,0xaa,0xaa,0xaa,0xaa,0xaa,0x99,0x66,0x96,0xcc,0xcd,0xc9,0xff,0xff,0xdf,0xdd,0xff,0xff,0xcf,0x9c,
0x99,0x9c,0x8c,0xd4,0xee,0xef,0x4b,0x40,0x66,0x01,0x00,0xa0,0xaa,0xaa,0xaa,0xaa,0xaa,0xaa,0xaa,0xaa,0xaa,0xaa,0xaa,0xaa,0xaa,0xaa,0xaa,0xaa,0xaa,0xaa,0xaa,0xaa,
0xaa,0xaa,0xaa,0xaa,0x99,0xb9,0xaa,0xaa,0xaa,0xaa,0xaa,0x68,0x66,0x99,0xcc,0xcc,0xcc,0xcc,0xc9,0xdc,0xdd,0xdd,0xff,0xcf,0xcc,0xcc,0xcc,0x9c,0x69,0x96,0xfc,0xee,
0xcb,0x09,0x64,0x04,0x00,0x00,0x74,0xaa,0xaa,0xaa,0xaa,0xaa,0xaa,0xaa,0xaa,0xaa,0xaa,0x7a,0xa7,0xaa,0xaa,0xaa,0xaa,0xaa,0xaa,0xaa,0xaa,0xaa,0xaa,0xaa,0x97,0xaa,
0xaa,0xaa,0xaa,0xaa,0x6a,0x55,0x55,0x65,0xc6,0x9c,0x99,0x69,0xc9,0xc9,0xdd,0xdc,0xfc,0xfc,0xff,0x99,0x99,0x99,0x6c,0x55,0x95,0xef,0xdd,0xbd,0x00,0x04,0x07,0x77,
0x77,0x7a,0xaa,0xaa,0xaa,0xaa,0xaa,0xaa,0xaa,0xaa,0x7a,0x04,0x00,0xa7,0xaa,0xaa,0xaa,0xaa,0xaa,0xaa,0xaa,0xaa,0xaa,0xaa,0xb9,0xaa,0xaa,0xaa,0xaa,0xaa,0x56,0x66,
0x99,0xc9,0x69,0x66,0x99,0x69,0x96,0x99,0xdc,0xcc,0x99,0xfc,0xcd,0x6c,0x55,0x65,0x65,0x69,0x55,0xc5,0xde,0xbd,0x49,0x00,0x70,0xaa,0xaa,0xaa,0xaa,0xaa,0xaa,0xaa,
0xaa,0xaa,0xaa,0xaa,0x07,0x00,0x00,0x70,0xaa,0xaa,0xaa,0xaa,0xaa,0xaa,0xaa,0xaa,0xaa,0xaa,0xaa,0xaa,0xaa,0xaa,0xaa,0x7a,0x68,0x55,0xc6,0x99,0x56,0x66,0x96,0x69,
0x66,0x66,0xdc,0x7c,0x96,0xc9,0xcc,0xcc,0x58,0x55,0x25,0x55,0x25,0x22,0xdc,0xdb,0x7b,0x00,0x40,0xa0,0xaa,0xaa,0xaa,0xaa,0xaa,0xaa,0xaa,0xaa,0x4a,0x70,0x07,0x00,
0x00,0x00,0xa4,0xaa,0xaa,0xaa,0xaa,0xaa,0xaa,0xaa,0xaa,0xaa,0xaa,0xaa,0xaa,0xaa,0xaa,0x57,0x55,0x65,0x69,0x66,0x66,0x66,0x66,0x65,0x66,0x69,0xfc,0x77,0x66,0x96,
0xc9,0xdd,0xcc,0x52,0x25,0x52,0x52,0x55,0xd5,0xbd,0x00,0x00,0x00,0x70,0xaa,0xaa,0xaa,0xaa,0xaa,0xaa,0xaa,0xaa,0x07,0x00,0x00,0x00,0x00,0x00,0xa4,0xaa,0xaa,0xaa,
0xaa,0xaa,0xaa,0xaa,0xaa,0xaa,0xaa,0xaa,0xaa,0xaa,0x47,0x55,0x66,0x5c,0x65,0x55,0x66,0x66,0x56,0x66,0xc6,0xcc,0xff,0x77,0x55,0x55,0xc5,0x99,0xcc,0xf9,0x25,0x52,
0x22,0x22,0x52,0x4b,0x00,0x44,0x44,0x04,0xa7,0xaa,0xaa,0xaa,0xaa,0xaa,0xaa,0x7a,0x00,0x00,0x00,0x00,0x00,0x00,0x47,0xa0,0xaa,0xaa,0xaa,0xaa,0xaa,0xaa,0xaa,0xaa,
0xaa,0xaa,0xaa,0x7a,0x54,0x66,0x96,0x56,0x55,0x55,0x55,0x66,0x45,0x68,0xfc,0xff,0xff,0xbd,0x25,0x65,0x66,0x69,0x96,0xf9,0x8c,0x22,0x25,0x22,0x22,0x00,0xb7,0x9d,
0x99,0x66,0x76,0xa7,0x7a,0x00,0xa0,0xaa,0xaa,0x7a,0x00,0x00,0x00,0x00,0x00,0x00,0x00,0x00,0xaa,0xaa,0xaa,0xaa,0xaa,0xaa,0xaa,0xaa,0xaa,0xaa,0x77,0x44,0x64,0x66,
0x59,0x56,0x55,0x55,0x55,0x56,0x76,0x47,0xf7,0xff,0xff,0xbf,0x6c,0x55,0x55,0x96,0x66,0x99,0xff,0x8f,0x28,0x25,0x22,0xc2,0xbe,0xb9,0x9b,0x69,0x55,0x74,0x04,0x00,
0x00,0xa7,0xaa,0xaa,0x07,0x00,0x00,0x00,0x00,0x00,0x00,0x00,0xa7,0xaa,0xaa,0xaa,0xaa,0xaa,0xaa,0xaa,0xaa,0x7a,0xaa,0xaa,0x56,0x66,0x55,0x55,0x55,0x54,0x55,0xc9,
0xfe,0x7d,0x44,0xfd,0xff,0xdf,0x58,0x65,0x55,0x85,0x55,0x55,0xc6,0xff,0xcf,0x28,0x22,0x62,0xde,0xdd,0x99,0x96,0xc9,0x66,0x00,0x00,0x00,0x77,0xaa,0x47,0x07,0x00,
0x00,0x00,0x00,0x00,0x00,0x00,0xa7,0xaa,0xaa,0x7a,0x77,0xaa,0xaa,0xaa,0xaa,0xaa,0xaa,0x7a,0x66,0x59,0x65,0x55,0x76,0x67,0xc8,0xfe,0xef,0xff,0x7b,0xd4,0xff,0xff,
0x56,0x65,0x25,0x22,0x59,0x55,0x52,0xff,0xbd,0xba,0x2c,0x52,0xef,0xdd,0x69,0x59,0x56,0x66,0x05,0x00,0x00,0x00,0x77,0x00,0x00,0x00,0x00,0x00,0x00,0x00,0x00,0x00,
0xaa,0xa7,0x7a,0x04,0x00,0xa7,0xaa,0xaa,0xaa,0xaa,0xaa,0x6a,0x65,0x55,0x46,0x72,0x7a,0x77,0x77,0xed,0xfe,0xff,0xff,0x7f,0xff,0xff,0x2c,0x52,0x22,0x22,0x56,0x25,
0x92,0xdf,0xab,0xfb,0xff,0x28,0xfc,0xee,0x9d,0x6c,0x85,0x55,0x55,0x00,0x00,0x00,0x70,0x00,0x00,0x00,0x00,0x00,0x00,0x00,0x00,0x70,0xaa,0xaa,0x07,0x00,0x00,0x70,
0xa7,0x77,0x7a,0x00,0x77,0x57,0x59,0x55,0x79,0x77,0xaa,0x7a,0xb7,0xfe,0xff,0xff,0xff,0xff,0xcb,0xfc,0x6f,0x28,0x22,0x52,0x55,0x52,0x22,0xa8,0xea,0xff,0xff,0x6f,
0xf8,0xdf,0x9d,0x4c,0x98,0x66,0x55,0x04,0x00,0x00,0x00,0x74,0x04,0x00,0x00,0x00,0x00,0x00,0x00,0xaa,0x07,0xa0,0x47,0x00,0x00,0x00,0x70,0x77,0x00,0x00,0x70,0x64,
0x56,0x74,0xa7,0x7a,0x77,0x77,0xaa,0xeb,0xfe,0xff,0xff,0x9c,0x99,0xc9,0xff,0x28,0x22,0x52,0x62,0x22,0x25,0x70,0xff,0xff,0xdd,0xcd,0x99,0x4c,0x47,0x07,0x70,0x47,
0x66,0x06,0x00,0x00,0xa4,0xaa,0x47,0x00,0x00,0x00,0x00,0x00,0x00,0x40,0x00,0x00,0x00,0x00,0x00,0x00,0x70,0x07,0x00,0x00,0x00,0x63,0x46,0x77,0xaa,0x7a,0x77,0xd9,
0xee,0xde,0xfd,0xff,0xcf,0xc6,0x9c,0xc9,0xff,0x2f,0x22,0x55,0x52,0x22,0x52,0xd8,0xdd,0xcd,0xcc,0xcc,0x9c,0x66,0x89,0x04,0x00,0x00,0x40,0x48,0x40,0x47,0xaa,0xaa,
0x77,0x04,0x00,0x00,0x00,0x00,0x00,0x00,0x00,0x00,0x00,0x00,0x00,0x00,0x00,0x07,0x00,0x00,0x00,0x43,0x00,0x70,0xaa,0xba,0x9b,0xbb,0xee,0xff,0xff,0xcf,0x66,0x56,
0xc9,0x9c,0xff,0xcf,0x52,0x2c,0x22,0x25,0x22,0xfc,0xdf,0x9c,0xc9,0x66,0x99,0x6c,0x69,0x66,0x00,0x77,0x07,0x40,0xaa,0x7a,0xaa,0xaa,0x77,0x07,0x00,0x00,0x00,0x00,
0x00,0x00,0x00,0x00,0x00,0x00,0x00,0x74,0x47,0x00,0x00,0x00,0x00,0x04,0x70,0x47,0x7a,0xbb,0xbb,0xdd,0xde,0xfe,0xff,0x6c,0x65,0x99,0x69,0x99,0xff,0xff,0xfc,0x22,
0x22,0x25,0x22,0xfc,0xfe,0x9f,0x69,0x56,0x69,0x85,0x56,0x55,0x43,0xaa,0x77,0xa4,0xaa,0xaa,0xaa,0xaa,0x77,0x07,0x00,0x00,0x00,0x00,0x00,0x00,0x00,0x00,0x00,0x00,
0x00,0xaa,0x77,0x04,0x00,0x00,0x00,0x00,0xa7,0xaa,0x99,0xb9,0xbb,0xbb,0xee,0xff,0xcf,0x52,0x56,0x96,0x66,0xb9,0xff,0xff,0xff,0x22,0x22,0x25,0x52,0xbf,0xbb,0xcf,
0x55,0x25,0x55,0x22,0x65,0x55,0x25,0xab,0x77,0xaa,0xaa,0xaa,0xaa,0xaa,0x7a,0x47,0x70,0x47,0x04,0x00,0x00,0x00,0x00,0x74,0x44,0xa4,0x7a,0xaa,0x47,0x44,0x00,0x00,
0x00,0x00,0x77,0x9a,0x99,0x9b,0xb9,0xb9,0xfd,0xfd,0x2c,0x52,0x55,0x66,0x65,0xb6,0xff,0xff,0xdf,0x2b,0x22,0x25,0x52,0xbf,0xfe,0xff,0x59,0x22,0x55,0x22,0x25,0x55,
0x55,0xb5,0x7a,0xaa,0xaa,0xaa,0xaa,0xaa,0xaa,0xaa,0xa7,0x7a,0x00,0x00,0x04,0x40,0x00,0x40,0x00,0xaa,0xaa,0xaa,0x77,0x7a,0x07,0x00,0x44,0x00,0xa0,0xb9,0x9b,0x99,
0x9b,0xb9,0xff,0xff,0x23,0x22,0x52,0x59,0xf6,0xff,0xff,0xff,0xbf,0xba,0x25,0x22,0xc2,0xfe,0xef,0xab,0x9b,0x22,0x52,0x22,0x25,0x52,0x25,0x22,0x7a,0xa7,0xaa,0xaa,
0xaa,0xaa,0xaa,0xaa,0xaa,0x7a,0x77,0x00,0x00,0x00,0x00,0x00,0x00,0x44,0xa7,0xaa,0xa7,0x7a,0x47,0x70,0x7b,0x47,0x97,0x99,0x99,0xb9,0xde,0xd7,0xff,0xcf,0x22,0xc2,
0xc3,0xcf,0xff,0xff,0xff,0xff,0xad,0xea,0x2f,0x22,0xf2,0xff,0xad,0xaa,0xaa,0x29,0x53,0x22,0x25,0x22,0x55,0x22,0xa2,0xaa,0xaa,0xaa,0xaa,0xaa,0xaa,0xaa,0xaa,0xaa,
0xaa,0x07,0x00,0x00,0x00,0x00,0x40,0xa7,0xaa,0xaa,0xaa,0x47,0x00,0xb7,0x7b,0x77,0x94,0x66,0x9d,0xe7,0xee,0xfe,0xff,0x6f,0xf9,0xff,0xff,0xff,0xff,0x6f,0xcf,0xcc,
0x7b,0xb7,0xcf,0x22,0xf9,0xab,0xaa,0xaa,0xea,0xae,0x89,0x22,0x29,0x22,0x25,0x22,0xe5,0xeb,0xbb,0xaa,0xaa,0xaa,0xaa,0xaa,0xaa,0xaa,0x74,0x0a,0x00,0x04,0x00,0x00,
0xa4,0xaa,0xab,0xaa,0xaa,0xaa,0x00,0xb7,0x77,0x77,0x96,0xb9,0xae,0xea,0xee,0xee,0x9f,0x99,0xc9,0xdd,0xcc,0xdd,0xdd,0x56,0xcf,0xbc,0xbb,0xb7,0xff,0x56,0xbb,0xba,
0xee,0xae,0xfe,0xbf,0xbb,0x3b,0x2e,0x22,0x25,0x22,0x82,0xbb,0x9b,0xab,0xaa,0xaa,0xaa,0xaa,0xaa,0xaa,0x7a,0x00,0x70,0x7a,0x00,0x40,0x7a,0xa7,0xaa,0xaa,0x7a,0xaa,
0x77,0xb7,0x7b,0x97,0xb9,0x77,0xa7,0xea,0xee,0x69,0x66,0x66,0xcc,0x9c,0xc9,0xcc,0xfd,0xc9,0xcf,0xdf,0xbb,0xdb,0xff,0xbc,0xeb,0xef,0xee,0xee,0xfe,0xde,0xbb,0xbb,
0xbb,0x22,0x22,0x22,0x22,0xbb,0xbb,0xbb,0x7a,0xaa,0xaa,0xaa,0xaa,0xaa,0xaa,0x07,0xa7,0x7a,0x07,0xa7,0x7a,0xaa,0xa7,0xaa,0xaa,0xa4,0xbb,0xbb,0xbb,0xb7,0x7b,0xb7,
0x77,0xbb,0xbe,0x65,0x99,0xc9,0x56,0x9c,0x99,0x9c,0xcf,0x99,0xcc,0xbc,0xba,0xfb,0xff,0xeb,0xff,0xff,0xef,0xee,0xfe,0xdf,0xbb,0xeb,0xbb,0x3b,0x28,0x22,0x22,0xbb,
0xbb,0xbb,0xa7,0xaa,0xaa,0xaa,0xaa,0x7a,0xaa,0x7a,0xaa,0x7a,0x77,0xa7,0xaa,0x7a,0xa7,0xaa,0xaa,0x77,0xba,0xbb,0x7b,0xbb,0x77,0x7b,0xab,0xaa,0x53,0x55,0x96,0x69,
0x65,0x96,0x99,0xcc,0x6f,0x66,0xcf,0xb8,0xbb,0xfb,0xdf,0xfb,0xbd,0xbb,0xdf,0xbb,0xdf,0xef,0xbd,0xeb,0xbb,0xbb,0x8b,0x22,0x22,0xb6,0xbb,0xbb,0xab,0xaa,0xaa,0xaa,
0xaa,0xaa,0xaa,0xaa,0x7a,0xaa,0x77,0x77,0xaa,0xaa,0xaa,0xaa,0xaa,0xaa,0xba,0xbb,0xbe,0x77,0xb7,0xbb,0xbb,0x3a,0x22,0x52,0x69,0x65,0x65,0x65,0x66,0xf9,0x2c,0x22,
0x9f,0xd6,0xbb,0xfe,0xdf,0xdf,0xaa,0xbb,0xea,0xdd,0xdf,0xdc,0xbc,0xbb,0xbb,0xbb,0xbb,0x6b,0x22,0xb5,0xbe,0xee,0xae,0x47,0xa7,0xaa,0xaa,0xaa,0xaa,0xaa,0x7a,0xa7,
0x77,0xa7,0xaa,0xaa,0xaa,0xaa,0xaa,0x7a,0x77,0x7b,0x7b,0xb7,0xbb,0xbb,0xbb,0x53,0x65,0x66,0x55,0x55,0x65,0x55,0x96,0xff,0x22,0x66,0xcf,0xe9,0xbe,0xff,0xff,0xbd,
0xeb,0xbe,0xff,0xef,0xcf,0xbc,0x9c,0xbb,0xbb,0xbb,0xeb,0xbb,0x2b,0xb6,0xeb,0xbe,0x77,0x47,0x74,0xaa,0xaa,0xaa,0xaa,0xbb,0xaa,0x7a,0xaa,0x7a,0xaa,0xaa,0xaa,0xaa,
0xaa,0xbb,0x47,0x77,0x7b,0xeb,0xbb,0xbb,0x9b,0x25,0x52,0x26,0x26,0x55,0x55,0x55,0xf6,0xff,0x6c,0x66,0xfc,0x9c,0xee,0xff,0xcc,0xbb,0x74,0xee,0xff,0xff,0xff,0x9b,
0xcc,0xee,0xbb,0xbb,0xbb,0xbb,0xbb,0xb6,0xb9,0xbe,0x77,0x47,0x74,0x7a,0x74,0x7a,0xaa,0xab,0xaa,0xaa,0xaa,0xaa,0xaa,0xba,0x7b,0xa7,0x7a,0x7b,0x7b,0x77,0x77,0xbb,
0xee,0xbb,0x28,0x22,0x62,0x25,0x25,0x55,0x95,0x55,0xff,0xff,0x66,0x66,0xcc,0x6c,0xfb,0xcf,0xbc,0xfe,0xbb,0xd9,0xcf,0xf9,0xef,0xee,0xcd,0xee,0xee,0xbb,0x66,0xbb,
0xbb,0xbb,0x66,0xb9,0x7a,0x77,0x77,0x77,0x74,0x44,0xa7,0xbb,0xab,0xaa,0x7a,0xa7,0xaa,0xbb,0x7b,0x7b,0xa7,0xbb,0xbb,0x7b,0x77,0xb7,0xeb,0xbb,0x22,0x22,0x55,0x55,
0x22,0x52,0xc5,0xff,0xfe,0x8f,0x55,0x25,0xcc,0x66,0xfe,0xcf,0xec,0xef,0xeb,0xdf,0xff,0x56,0xc6,0xee,0xfe,0xee,0x6e,0x22,0xb2,0xbb,0xeb,0xbb,0x88,0x76,0x77,0xa7,
0xb7,0xbb,0x47,0x44,0xb4,0xaa,0xab,0xaa,0x77,0xa7,0xba,0xbb,0xbb,0x77,0x77,0xeb,0xbb,0xbb,0xbb,0xbb,0xbe,0x8b,0x53,0x65,0x22,0x52,0x25,0x22,0xf6,0xff,0xee,0x6e,
0x22,0x85,0xcc,0x99,0xff,0x8f,0xeb,0xbe,0xfb,0xff,0xff,0x69,0x55,0xe8,0xfe,0xbf,0x25,0x25,0xe8,0xbb,0xeb,0xbe,0xbb,0x77,0xa7,0x77,0xbb,0xbb,0x77,0x44,0xa7,0xaa,
0xaa,0xaa,0xa7,0x77,0xba,0xbe,0xbb,0x7b,0x77,0xbb,0xbb,0xeb,0xbb,0xbe,0xbe,0xbe,0x22,0x55,0x22,0x62,0x28,0x85,0xff,0xff,0xef,0x8e,0x62,0x69,0xfc,0x6f,0xfc,0x8c,
0xfc,0xbe,0xfe,0xff,0xff,0x6c,0x65,0xd3,0xee,0x5d,0x55,0x82,0xfe,0xbe,0xbb,0xee,0xbe,0xbb,0x77,0xba,0xbe,0xbb,0x77,0x77,0x47,0xa7,0xaa,0xaa,0xbe,0xbb,0xea,0xbe,
0xbb,0x7b,0xbb,0xba,0xee,0xeb,0xbe,0xbb,0xbb,0x2b,0x52,0x52,0x22,0x62,0xbb,0xbe,0xeb,0xff,0xff,0xcf,0xcc,0x66,0xdf,0x6c,0xfd,0xcc,0xef,0xee,0xff,0xff,0xff,0xcc,
0x66,0x82,0xfe,0x58,0x55,0x22,0xed,0xbe,0xbb,0xeb,0xbe,0x69,0x65,0xb4,0xbe,0xbe,0xbb,0xbb,0x77,0xa7,0xa7,0xaa,0xbe,0xbb,0xbb,0xbb,0xbe,0xbb,0xbb,0xeb,0xeb,0xee,
0x2b,0xb9,0xbb,0x28,0x52,0x52,0x22,0xb2,0xbb,0xeb,0xee,0xff,0xfc,0xff,0x5f,0x56,0xcf,0xbd,0xfc,0xcc,0xef,0xcd,0xc3,0x35,0xfc,0x6f,0x56,0x66,0xcd,0x65,0x66,0x86,
0xff,0xee,0x9e,0x96,0xbb,0x69,0x55,0x93,0xbe,0xbb,0xbb,0x77,0x77,0xa7,0xa7,0xea,0xee,0xbb,0xbb,0xbb,0xeb,0xee,0xeb,0xeb,0xee,0xbe,0x25,0xb5,0xb8,0x59,0x25,0x62,
0x32,0xbb,0xbb,0xed,0xef,0xfe,0xdf,0xff,0x5c,0x22,0xdf,0xcd,0xf8,0xcf,0xef,0x25,0x20,0x00,0xc3,0xcf,0x56,0x56,0x9c,0x96,0x55,0xf2,0xef,0xee,0xee,0x69,0xe8,0x99,
0x85,0xeb,0xbb,0xba,0xbb,0xab,0xa7,0xa7,0xba,0xba,0xee,0xbb,0xbb,0xbb,0xeb,0xbe,0xee,0xbe,0xee,0xbe,0x26,0x66,0xb9,0x25,0x25,0x82,0xb8,0xfb,0xbd,0xfe,0xef,0xff,
0xff,0xfd,0x28,0x22,0xef,0x8c,0x25,0xc2,0x9f,0x25,0x25,0x82,0xff,0xff,0x9d,0x96,0x6c,0x99,0x56,0xf9,0xff,0xee,0xee,0x9b,0xb6,0x9b,0x99,0x65,0xab,0xba,0x8b,0xa7,
0xab,0xba,0xbe,0xbb,0xbe,0xeb,0xde,0xeb,0xee,0xeb,0xee,0xeb,0xbb,0xb8,0x5b,0x66,0x99,0x22,0x22,0xb5,0xbb,0xed,0xbf,0xee,0xfe,0xff,0xcf,0xcc,0x28,0x52,0xfd,0x8c,
0x28,0x22,0x6f,0x65,0x22,0xf3,0xff,0xff,0x9d,0x96,0x6d,0x99,0xc9,0xcf,0x96,0x35,0xe9,0xee,0x99,0x9b,0x69,0x96,0xa6,0x9b,0x29,0x95,0xba,0xab,0xee,0xee,0xee,0xee,
0xbe,0xbe,0xee,0xbe,0xbe,0xbb,0x5b,0x22,0x95,0x6b,0x99,0x22,0x92,0xbb,0xcb,0xed,0xff,0xfe,0xfe,0xff,0xff,0xcc,0x5f,0x52,0xff,0x96,0x88,0x22,0x96,0x56,0x22,0xfc,
0xff,0xff,0xbf,0x99,0x9d,0x99,0xf6,0x59,0x56,0x22,0x32,0xed,0xbd,0x8f,0xdb,0xbb,0xab,0x9b,0x56,0xb3,0xbb,0xbb,0xbe,0xbe,0xee,0xbb,0xeb,0xbe,0xbe,0xbb,0xba,0xbb,
0x29,0x55,0x66,0x99,0xbb,0x22,0xb9,0xbb,0xcb,0xde,0xfc,0xef,0xff,0xff,0xcf,0xcf,0xfc,0x25,0xff,0x95,0x86,0x56,0x93,0x69,0x65,0xff,0xff,0xff,0xff,0x9d,0xbd,0x9b,
0x9c,0x66,0x65,0x32,0xb5,0xe8,0xbe,0xee,0xef,0xee,0xbb,0xbb,0x66,0x96,0xb5,0xbb,0xbb,0xeb,0xbe,0xbb,0xeb,0xbe,0xbb,0xbb,0xbb,0xbb,0xb6,0xb8,0x96,0xbc,0xbb,0x83,
0xbb,0xbb,0xdc,0xfe,0xff,0xcf,0x25,0x88,0xcf,0xc8,0xfc,0x28,0xcc,0x66,0x96,0x8c,0xc2,0x59,0xc2,0x8f,0x28,0x9c,0xff,0xbf,0xde,0xdd,0x99,0x69,0x56,0xbc,0xee,0xee,
0xee,0xfe,0xee,0xee,0xbe,0xbb,0x9b,0x56,0x33,0xbb,0xbb,0xee,0xbb,0xbb,0xea,0xbb,0xbb,0x8b,0xb2,0xbb,0xbb,0xbb,0x99,0x8d,0xb9,0xeb,0xeb,0x9b,0xed,0xdf,0xfd,0x2c,
0x22,0x55,0x59,0x9c,0xf9,0x2f,0x9c,0x56,0x55,0xfc,0xc6,0x69,0xfc,0x26,0x22,0x02,0xfc,0xef,0xde,0xfd,0x9b,0x59,0xdf,0xee,0xee,0xfe,0xde,0xee,0xeb,0x9b,0x9b,0xbb,
0x86,0x66,0x86,0xb6,0xbb,0x9b,0x99,0xbb,0xeb,0xbb,0xbb,0x32,0xb2,0xbb,0xbb,0x59,0x99,0xdb,0x66,0xeb,0xeb,0x99,0xfd,0xdd,0xff,0xff,0x28,0x62,0x56,0x9c,0xfc,0xff,
0xcc,0xc9,0x95,0x25,0xc5,0xcc,0x9f,0x56,0x22,0x22,0x32,0xef,0xee,0xef,0x9d,0xfc,0xef,0x9d,0xc9,0xee,0xeb,0xee,0xee,0x69,0x28,0xb3,0xbd,0xb6,0xbb,0xbb,0xbb,0x9b,
0xb8,0xbb,0xba,0xbb,0xbb,0x26,0x35,0xb9,0x9b,0xb9,0xbd,0xeb,0x56,0xd9,0xbe,0xb6,0xff,0xfe,0xcf,0x6c,0xcc,0x65,0xc9,0x9c,0x9c,0xcf,0x96,0x9c,0xc9,0xcc,0x95,0x23,
0x56,0x55,0x52,0x25,0x02,0xd2,0xee,0xef,0xfd,0xff,0xde,0x69,0x65,0xb5,0xed,0xde,0xde,0x6b,0x39,0x95,0xbd,0xbb,0xbb,0xbb,0xb6,0xbb,0xb9,0xbb,0xbb,0x8b,0xb3,0x28,
0x55,0xbb,0xb9,0xeb,0xee,0xee,0x5e,0xc6,0xed,0xd9,0xfd,0xff,0x28,0x22,0x65,0x6c,0xc9,0x99,0xcc,0xcc,0x22,0x22,0xc9,0xfc,0xec,0x8c,0xc9,0x52,0x25,0x6f,0xcf,0xcc,
0xee,0xee,0xff,0xde,0x99,0x56,0x65,0x25,0xe9,0xde,0xc8,0xbe,0x6b,0xb9,0xbb,0xbb,0x8b,0x66,0x99,0xbb,0x9b,0x66,0xa9,0x23,0x22,0x62,0x95,0x28,0xe9,0xeb,0x5e,0xc6,
0xc9,0x96,0xfd,0xbb,0xff,0x8f,0x00,0x22,0x65,0xfc,0x8c,0x96,0xc9,0xcc,0x52,0x85,0x95,0xcf,0xfc,0x9c,0xff,0x28,0xcf,0xff,0xff,0xff,0xfe,0xfe,0xef,0xbe,0x99,0x66,
0x52,0x52,0xb2,0xc9,0x29,0xe8,0xbb,0xd6,0x9b,0x96,0x9b,0x89,0xb8,0xb9,0x9b,0xeb,0xbe,0x6b,0x52,0x85,0xb9,0x55,0xb9,0x6d,0x52,0x65,0x99,0x69,0xfb,0xdd,0xdf,0x5c,
0x6c,0x23,0x26,0xc6,0x28,0xc9,0xcc,0xcc,0xf8,0xff,0x9d,0xfd,0xff,0xc9,0x9c,0xc9,0xff,0xff,0xff,0xff,0xef,0xfe,0xee,0xed,0x6c,0xc6,0x65,0x22,0x55,0x99,0x5c,0xc2,
0x9b,0x9d,0x26,0x62,0xb9,0xdb,0x8e,0xd6,0x66,0x96,0xbe,0xbb,0x8b,0x65,0x6d,0x65,0xbd,0x23,0x22,0x62,0x95,0xd9,0xdd,0xef,0xde,0xff,0xff,0xc5,0x55,0xc6,0xc5,0x99,
0xcc,0xfc,0xff,0xef,0xce,0xfb,0xcc,0xdc,0x99,0xfc,0xff,0xff,0x36,0xfc,0xff,0xfe,0xfc,0xff,0xff,0xff,0xdf,0x6d,0x25,0x9d,0x6c,0x55,0xdd,0x5c,0x55,0xe8,0xbb,0xed,
0x9e,0x6e,0x86,0x9e,0xbb,0xbb,0x26,0x55,0x99,0xb6,0x6d,0x22,0x25,0x66,0x95,0x99,0xdd,0xff,0xfd,0xff,0xcf,0xff,0xff,0xcc,0xcf,0x99,0xfd,0xfc,0x55,0x62,0xf9,0xcd,
0xc9,0xbf,0xc9,0xcf,0x9c,0xc6,0x89,0x82,0xef,0x0c,0xf6,0xff,0xff,0xfe,0xfe,0xee,0x6d,0xe9,0x8f,0x56,0xfb,0x66,0x55,0x9d,0xbb,0xdd,0xee,0x6d,0xb9,0xeb,0xbd,0xbb,
0xeb,0x99,0x99,0xb9,0x29,0xc6,0xcc,0xfc,0xff,0x9c,0xdb,0xfd,0xfd,0x5f,0x52,0x99,0xfc,0xcf,0xfc,0xfc,0xfc,0xfc,0x56,0x56,0x32,0xfc,0x9d,0xdd,0x9d,0x56,0x55,0x25,
0xc5,0x52,0xfc,0x25,0xfc,0x8f,0xfc,0xef,0xee,0xff,0x99,0x6c,0xfc,0x69,0x9f,0x69,0xcc,0x69,0x52,0xbb,0xee,0x99,0xbb,0xdb,0xbb,0x9b,0xb9,0x6b,0xc8,0xd9,0xbb,0xee,
0xfe,0xff,0xff,0xff,0xdf,0xfd,0xff,0x22,0x55,0xc9,0x99,0xfc,0xfc,0xdc,0xfd,0xfc,0x59,0x52,0x22,0x92,0xcd,0xdd,0x99,0x65,0x65,0x6c,0x22,0x28,0xc5,0x25,0xff,0x38,
0xfc,0xcf,0xcd,0xff,0x59,0x66,0xd6,0x6c,0x9c,0xf9,0x9c,0x56,0x25,0xd2,0xbe,0xbb,0xbb,0xbb,0x8b,0x52,0x55,0x99,0xd9,0xdb,0xee,0xde,0xff,0xcc,0x8f,0x96,0x96,0xfb,
0x2f,0x22,0x55,0x69,0x65,0xc9,0xff,0xff,0xff,0xfd,0x95,0x52,0xcc,0x25,0xfd,0x9f,0xdf,0x59,0x5c,0xff,0x28,0x25,0x62,0x66,0xcf,0xf5,0xc8,0xff,0x9d,0xfc,0x9c,0x9c,
0xdb,0xcd,0xbc,0xfd,0xcf,0x8f,0x66,0x95,0xee,0xeb,0xdb,0xbd,0x2b,0x52,0x62,0x99,0xbc,0xed,0x6d,0x66,0x5c,0xc6,0x29,0x55,0xff,0xcd,0x52,0x88,0x9c,0x5c,0x66,0x9c,
0xfd,0x1f,0xf0,0xf8,0xc2,0x8c,0xff,0xce,0xc6,0xcc,0x9c,0xfc,0xff,0xff,0xcf,0x95,0x65,0xc9,0x6f,0x89,0xc3,0xff,0x9c,0xf9,0xef,0xec,0xde,0xde,0xdd,0xdf,0xfc,0xef,
0x9d,0x99,0xee,0xee,0xbb,0xee,0x55,0xb6,0xe9,0xc9,0xd9,0x9e,0x62,0x96,0x25,0x96,0x23,0x65,0xff,0x6f,0xf8,0xff,0xfc,0xff,0xcf,0xc6,0xcc,0x08,0x00,0xc0,0xff,0x3f,
0xd8,0xef,0xcd,0xcc,0xfd,0xff,0xcf,0xff,0xcf,0xc9,0x59,0xf9,0x49,0xc4,0x5f,0xff,0xdc,0xfc,0xff,0xff,0xef,0xed,0xeb,0x9b,0x99,0xfd,0xee,0xbb,0xed,0x6b,0x22,0xbb,
0xb6,0xee,0xee,0xff,0xdd,0x5c,0x25,0x85,0x52,0xc5,0x22,0xf8,0xff,0xcf,0xff,0x5c,0x96,0xfd,0xcf,0xdf,0x0d,0x00,0x02,0xb4,0xff,0x8f,0x80,0xfc,0xdd,0x04,0xfc,0x29,
0x2c,0xfc,0xcc,0xbc,0x59,0xf9,0x8c,0x40,0xcf,0xfc,0xcc,0x4f,0xf4,0xcc,0x2c,0xe9,0xdd,0xdf,0x9c,0xed,0xd9,0xbd,0xbd,0x99,0xd9,0xb6,0xbb,0xbb,0xd9,0xfd,0xbf,0x22,
0x55,0x6f,0x22,0xf6,0x52,0xff,0xff,0xff,0xfc,0x65,0xd6,0xfd,0xf8,0xcc,0x0f,0x40,0x00,0x00,0xf0,0xff,0x5c,0xc9,0x04,0x01,0x00,0xcc,0x6c,0xc2,0x5c,0xc6,0x6d,0xf8,
0x81,0x90,0xc9,0xf8,0x8f,0x40,0x90,0xcd,0xc5,0xcd,0xe4,0xed,0xef,0xef,0x9d,0xee,0x9e,0xbb,0xb9,0x9e,0xbe,0x66,0xc9,0xeb,0x9f,0x82,0xff,0x5f,0xc2,0xff,0xf5,0xff,
0xff,0xc8,0xcc,0xcc,0xff,0x8f,0x40,0x80,0xff,0x0d,0x80,0x84,0xc4,0x9c,0x56,0x52,0x08,0x00,0x40,0xfc,0x99,0x96,0x99,0x6c,0xdd,0xf8,0x9c,0x96,0x59,0x95,0x69,0x04,
0x00,0xc8,0xcf,0x8f,0x90,0xce,0xd8,0xef,0xed,0xeb,0x07,0xeb,0x4b,0xeb,0x9d,0xcd,0xee,0xdf,0x5f,0xfc,0xdf,0x8c,0xf8,0xff,0xcf,0xfc,0xff,0xc3,0xfc,0xff,0xff,0x44,
0x30,0xc4,0xcc,0x8f,0xf4,0xff,0x69,0x9c,0x56,0x52,0x49,0x40,0x40,0x65,0x46,0x96,0x96,0x99,0x99,0xdc,0xdd,0xcc,0x6c,0x66,0x56,0x16,0x49,0x89,0x22,0xc6,0xc4,0x4c,
0xc4,0xc6,0x44,0xbd,0x44,0xb4,0xde,0xbe,0xdb,0xef,0xd8,0xdf,0xcf,0xcf,0x4d,0xc4,0xcf,0xcf,0xcc,0xcc,0xcf,0x4c,0x40,0xcf,0xc9,0x00,0x00,0x80,0x69,0xc9,0xcc,0x8c,
0x9f,0x6c,0x96,0x96,0x85,0x6c,0x64,0x66,0x03,0x03,0x65,0x56,0x66,0x65,0x99,0x8c,0x9c,0x99,0x99,0x66,0x65,0x66,0x66,0x56,0x66,0x55,0x55,0x56,0x35,0x44,0x98,0x99,
0x99,0xdd,0x8d,0x8b,0xc0,0xcc,0x08,0x88,0x0c,0xc1,0xcc,0xc5,0xcc,0x55,0x6c,0x04,0x80,0x5c,0x69,0x09,0xc0,0x94,0x56,0xfc,0xcf,0xcf,0x9f,0xf9,0xcc,0x6c,0x5c,0x9c,
0x55,0x95,0x65,0x01,0x65,0x23,0x66,0x22,0x55,0x25,0x16,0x65,0x95,0x69,0x96,0x49,0x96,0x99,0x9c,0x96,0x89,0x69,0x56,0x55,0x35,0x53,0x66,0x59,0x36,0x63,0x96,0x55,
0x11,0x56,0x65,0x95,0x58,0x95,0x82,0x62,0x96,0xcc,0x98,0x95,0xc9,0x9c,0xcc,0x6f,0xc9,0xcf,0xcf,0x99,0xcf,0xf9,0xff,0xcc,0xcc,0x5c,0x66,0xc2,0x95,0x65,0x99,0x55,
0x69,0x56,0x89,0x66,0x16,0x56,0x55,0x66,0x99,0x69,0x99,0x99,0x99,0x99,0x99,0x69,0x39,0x66,0x66,0x63,0x66,0x55,0x66,0x96,0x56,0x65,0x66,0x56,0x69,0x96,0x95,0x99,
0x99,0x99,0x49,0x65,0x66,0xc9,0xcc,0x55,0x99,0x56,0xfd,0x8c,0xf5,0xc6,0x2c,0x5c,0x8c,0xf5,0xdc,0xcc,0x9c,0x5c,0x68,0x66,0x55,0x66,0x66,0x66,0x88,0x88,0x66,0x55,
0x33,0x33,0x22,0x22,0x33,0x32,0x53,0x65,0x32,0x55,0x35,0x23,0x22,0x22,0x33,0x33,0x55,0x33,0x53,0x55,0x55,0x66,0x66,0x66,0x66,0x96,0x56,0x66,0x55,0x65,0x95,0x89,
0x6c,0xc6,0xc5,0xf6,0xfe,0x60,0xff,0x6c,0x65,0x55,0x25,0x86,0x99,0x96,0x99,0x99,0x99,0x99,0x69,0x56,0x35,0x23,0x22,0x22,0x22,0x22,0x22,0x22,0x22,0x22,0x22,0x22,
0x22,0x22,0x22,0x22,0x23,0x32,0x22,0x22,0x22,0x22,0x22,0x22,0x22,0x22,0x22,0x22,0x22,0x23,0x22,0x32,0x22,0x23,0x23,0x52,0x65,0x55,0x59,0xf6,0xc8,0xef,0x3c,0x88,
0xf6,0xf6,0xc9,0x99,0x66,0x25,0x55,0x55,0x55,0x55,0x55,0x55,0x65,0x66,0x56,0x36,0x23,0x22,0x22,0x22,0x22,0x22,0x22,0x52,0x33,0x35,0x33,0x22,0x22,0x22,0x22,0x22,
0x22,0x22,0x22,0x22,0x22,0x22,0x22,0x22,0x22,0x22,0x22,0x22,0x22,0x22,0x32,0x53,0x66,0x69,0x96,0xc9,0x6c,0xcc,0xdb,0x99,0x99,0x99,0xfd,0xd9,0x66,0x66,0x66,0x66,
0x56,0x32,0x22,0x22,0x22,0x22,0x22,0x22,0x22,0x22,0x22,0x22,0x22,0x22,0x22,0x22,0x22,0x22,0x22,0x22,0x22,0x22,0x22,0x22,0x22,0x22,0x22,0x22,0x22,0x22,0x22,0x22,
0x22,0x23,0x23,0x22,0x33,0x33,0x55,0x65,0x66,0x66,0x66,0x66,0x66,0x66,0x66,0x66,0x66,0x65,0x96,0x99,0x99,0x99,0x33,0x53,0x65,0x66,0x66,0x66,0x53,0x22,0x22,0x22,
0x22,0x22,0x33,0x33,0x33,0x33,0x53,0x35,0x33,0x22,0x22,0x22,0x22,0x22,0x22,0x22,0x22,0x22,0x22,0x22,0x22,0x22,0x22,0x22,0x22,0x33,0x33,0x33,0x53,0x56,0x55,0x66,
0x65,0x56,0x36,0x33,0x23,0x33,0x55,0x33,0x55,0x55,0x55,0x55,0x55,0x35,0x55,0x56,0x55,0x35,0x33,0x33,0x55,0x55,0x55,0x65,0x66,0x35,0x25,0x22,0x23,0x33,0x55,0x56,
0x35,0x33,0x32,0x22,0x22,0x22,0x22,0x22,0x22,0x22,0x22,0x22,0x22,0x32,0x23,0x33,0x53,0x63,0x56,0x53,0x22,0x22,0x22,0x22,0x22,0x22,0x22,0x22,0x22,0x22,0x22,0x22,
0x22,0x22,0x22,0x22,0x32,0x33,0x55,0x65,0x68,0x66,0x35,0x55,0x32,0x35,0x33,0x55,0x35,0x65,0x65,0x66,0x56,0x63,0x53,0x33,0x22,0x22,0x22,0x22,0x22,0x22,0x22,0x22,
0x22,0x22,0x22,0x32,0x33,0x33,0x23,0x22,0x22,0x22,0x22,0x22,0x22,0x22,0x22,0x22,0x22,0x22,0x22,0x22,0x22,0x22,0x22,0x22,0x22,0x22,0x23,0x22,0x22,0x53,0x56,0x66,
0x66,0x56,0x55,0x55,0x22,0x22,0x22,0x22,0x22,0x22,0x22,0x22,0x22,0x22,0x22,0x22,0x22,0x22,0x22,0x22,0x22,0x22,0x22,0x22,0x22,0x22,0x22,0x22,0x22,0x22,0x22,0x22,
0x22,0x22,0x22,0x22,0x22,0x22,0x22,0x22,0x22,0x22,0x22,0x22,0x22,0x22,0x22,0x22,0x22,0x32,0x32,0x33,0x33,0x22,0x22,0x33,0x33,0x22,0x22,0x22,0x22,0x22,0x22,0x22,
0x22,0x22,0x22,0x22,0x22,0x22,0x22,0x22,0x22,0x22,0x22,0x22,0x22,0x22,0x22,0x22,0x22,0x22,0x22,0x22,0x22,0x22,0x22,0x22,0x22,0x22,0x22,0x22,0x22,0x22,0x22,0x22,
0x22,0x22,0x22,0x22,0x22,0x22,0x32,0x32,0x33,0x33,0x33,0x23,0x23,0x22,0x22,0x32,0x53,0x33,0x53,0x22,0x22,0x22,0x22,0x22,0x22,0x22,0x22,0x22,0x22,0x22,0x22,0x22,
0x22,0x22,0x22,0x22,0x22,0x22,0x22,0x22,0x22,0x22,0x22,0x22,0x22,0x22,0x22,0x22,0x22,0x22,0x22,0x22,0x22,0x22,0x22,0x22,0x22,0x22,0x22,0x22,0x22,0x22,0x22,0x22,
0x22,0x22,0x22,0x22,0x22,0x22,0x22,0x22,0x22,0x22,0x22,0x22,0x22,0x22,0x22,0x33,0x33,0x33,0x02,0x30,0x22,0x22,0x21,0x21,0x22,0x22,0x22,0x22,0x22,0x22,0x22,0x22,
0x22,0x22,0x22,0x22,0x22,0x22,0x22,0x22,0x22,0x22,0x32,0x32,0x53,0x55,0x25,0x23,0x33,0x22,0x22,0x22,0x22,0x22,0x22,0x22,0x22,0x22,0x22,0x22,0x22,0x22,0x22,0x22,
0x22,0x22,0x22,0x22,0x22,0x22,0x22,0x22,0x22,0x22,0x22,0x52,0x12,0x21,0x52,0x62,0x22,0x52,0x22,0x23,0x22,0x32,0x22,0x22,0x22,0x22,0x22,0x32,0x25,0x22,0x22,0x22,
0x22,0x22,0x22,0x22,0x22,0x22,0x22,0x22,0x22,0x32,0x32,0x33,0x33,0x22,0x33,0x32,0x33,0x23,0x32,0x22,0x33,0x33,0x53,0x66,0x36,0x33,0x33,0x23,0x22,0x22,0x26,0x32,
0x22,0x23,0x55,0x52,0x53,0xc6,0x6b,0x52,0x55,0x66,0x58,0x68,0x63,0x35,0x22,0x22,0x22,0x33,0x22,0x52,0x82,0x62,0x62,0x22,0x23,0x33,0x33,0x22,0x22,0x22,0x22,0x22,
0x22,0x32,0x52,0x32,0x35,0x65,0x63,0x36,0x36,0x33,0x33,0x32,0x33,0x33,0x53,0x53,0x55,0x35,0x33,0x33,0x33,0x32,0x65,0x63,0x68,0x62,0x66,0x56,0x86,0x66,0x66,0x56,
0xc9,0x8c,0x55,0x66,0x55,0x35,0x56,0x23,0x22,0x23,0x33,0x53,0x56,0x66,0x86,0x98,0x68,0x36,0x53,0x22,0x22,0x22,0x22,0x22,0x22,0x22,0x52,0x33,0x65,0x66,0x66,0x66,
0x66,0x66,0x66,0x55,0x35,0x22,0x22,0x22,0x22,0x22,0x22,0x22,0x22,0x22,0x22,0x55,0x66,0x86,0x68,0x86,0x66,0x86,0x68,0x66,0x55,0x22,0x68,0x85,0x55,0x66,0x65,0x65,
0x53,0x55,0x56,0x55,0x66,0x55,0x55,0x55,0x55,0x53,0x35,0x33,0x32,0x33,0x22,0x22,0x22,0x22,0x22,0x22,0x22,0x22,0x22,0x23,0x22,0x22,0x22,0x32,0x33,0x25,0x35,0x23,
0x23,0x22,0x22,0x22,0x22,0x22,0x22,0x32,0x22,0x22,0x22,0x22,0x22,0x22,0x22,0x33,0x55,0x55,0x33,0x33,0x38,0x53,0x66,0x96,0x99,0x65,0x66,0x66,0x66,0x98,0x99,0x98,
0x68,0x66,0x55,0x55,0x55,0x65,0x55,0x55,0x23,0x33,0x33,0x23,0x22,0x22,0x22,0x22,0x22,0x22,0x22,0x22,0x22,0x22,0x22,0x22,0x22,0x22,0x22,0x22,0x22,0x22,0x22,0x22,
0x22,0x22,0x22,0x22,0x22,0x22,0x22,0x22,0x22,0x22,0x22,0x22,0x22,0x22,0x25,0x96,0x99,0x99,0x69,0x66,0x66,0x66,0x66,0x65,0x66,0x66,0x65,0x56,0x52,0x23,0x32,0x22,
0x22,0x33,0x33,0x22,0x22,0x22,0x22,0x22,0x22,0x22,0x22,0x22,0x22,0x22,0x22,0x22,0x22,0x22,0x22,0x22,0x22,0x22,0x22,0x22,0x22,0x22,0x22,0x22,0x22,0x22,0x22,0x22,
0x22,0x22,0x22,0x22,0x22,0x22,0x22,0x22,0x93,0x9c,0xcc,0x69,0x9c,0xcc,0x36,0x35,0x35,0x33,0x23,0x22,0x22,0x22,0x22,0x22,0x22,0x22,0x22,0x22,0x22,0x33,0x33,0x22,
0x22,0x32,0x33,0x33,0x23,0x23,0x22,0x22,0x22,0x22,0x22,0x22,0x22,0x22,0x32,0x22,0x22,0x22,0x22,0x22,0x22,0x22,0x22,0x22,0x33,0x33,0x22,0x22,0x22,0x22,0x22,0x22,
0x01,0x21,0xcc,0xcc,0x99,0xc9,0x36,0x83,0x2c,0x33,0x32,0x53,0x35,0x23,0x22,0x22,0x22,0x22,0x22,0x22,0x22,0x22,0x32,0x32,0x53,0x55,0x35,0x33,0x33,0x33,0x23,0x22,
0x22,0x22,0x22,0x22,0x22,0x22,0x33,0x53,0x33,0x33,0x22,0x22,0x32,0x33,0x33,0x33,0x33,0x32,0x22,0x22,0x22,0x22,0x22,0x22,0x22,0x02,0x00,0x51,0xfd,0xcc,0x69,0xc6,
0x29,0x22,0x23,0x53,0x53,0x55,0x65,0x66,0x55,0x35,0x32,0x33,0x33,0x33,0x33,0x35,0x66,0x66,0x66,0x68,0x58,0x56,0x55,0x55,0x35,0x33,0x33,0x33,0x33,0x33,0x33,0x33,
0x33,0x33,0x22,0x33,0x33,0x33,0x33,0x33,0x33,0x33,0x33,0x32,0x22,0x63,0x63,0x55,0x53,0x33,0x22,0x02,0x00,0x00,0xdf,0xc9,0xdd,0x25,0x35,0x53,0x25,0x32,0x33,0x23,
0x33,0x55,0x35,0x22,0x22,0x22,0x22,0x33,0x33,0x33,0x33,0x35,0x55,0x56,0x65,0x55,0x55,0x35,0x33,0x53,0x33,0x33,0x33,0x33,0x33,0x33,0x33,0x33,0x33,0x33,0x33,0x33,
0x33,0x55,0x53,0x65,0x65,0x66,0x66,0x86,0x98,0x66,0x66,0x56,0x56,0x00,0x30,0x00,0xef,0x9d,0xc8,0x25,0x55,0x33,0x23,0x12,0x22,0x22,0x22,0x22,0x22,0x32,0x22,0x22,
0x22,0x22,0x22,0x22,0x22,0x22,0x22,0x22,0x33,0x33,0x33,0x23,0x22,0x33,0x23,0x33,0x22,0x22,0x22,0x22,0x33,0x33,0x33,0x55,0x63,0x65,0x66,0x66,0x66,0x66,0x86,0x88,
0x69,0x66,0x66,0x56,0x23,0x25,0x55,0x41,0x40,0x14,0xcf,0x8c,0x20,0x26,0xc2,0x36,0x01,0x00,0x00,0x22,0x22,0x32,0x35,0x53,0x55,0x35,0x33,0x22,0x22,0x22,0x22,0x22,
0x22,0x22,0x22,0x22,0x22,0x22,0x22,0x23,0x22,0x23,0x55,0x55,0x55,0x35,0x22,0x32,0x25,0x33,0x33,0x33,0x33,0x52,0x53,0x55,0x35,0x55,0x55,0x33,0x53,0x53,0x25,0x55,
0x65,0x33,0xc3,0x32,0x4c,0x40,0x04,0x66,0x92,0x25,0x00,0x00,0x00,0x23,0x33,0x23,0x33,0x33,0x53,0x33,0x23,0x22,0x22,0x22,0x22,0x22,0x22,0x22,0x32,0x32,0x32,0x52,
0x35,0x53,0x55,0x55,0x55,0x55,0x55,0x55,0x55,0x22,0x33,0x22,0x23,0x22,0x32,0x22,0x53,0x56,0x35,0x35,0x53,0x35,0x55,0x33,0xc5,0xcc,0x99,0x5c,0x65,0x35,0xc8,0xef,
0xbd,0x9b,0x99,0x00,0x83,0x30,0x02,0x50,0x25,0x26,0x69,0x65,0x23,0x33,0x23,0x35,0x23,0x33,0x32,0x33,0x33,0x55,0x55,0x55,0x55,0x55,0x55,0x55,0x55,0x55,0x55,0x55,
0x55,0x55,0x55,0x55,0x55,0x55,0x55,0x55,0x55,0x56,0x58,0x59,0x69,0x66,0x55,0x55,0x96,0x65,0xc6,0x69,0xcc,0xc9,0x66,0x93,0xff,0xef,0xdd,0xbc,0xbb,0x04,0x13,0x10,
0x00,0x30,0x56,0x66,0x99,0x68,0x68,0x66,0x55,0x56,0x55,0x56,0x55,0x35,0x55,0x53,0x55,0x53,0x53,0x55,0x55,0x55,0x55,0x55,0x55,0x55,0x55,0x55,0x55,0x65,0x55,0x55,
0x66,0x56,0x66,0x96,0x96,0x69,0x99,0x86,0x66,0x96,0x6c,0x66,0x56,0x95,0xcc,0xcc,0x9f,0xb6,0xff,0xbe,0xbd,0xbb,0xdd,0x9b,0x86,0x94,0x44,0x66,0x66,0x96,0x99,0x99,
0x99,0x89,0x69,0x66,0x96,0x66,0x56,0x35,0x32,0x33,0x22,0x22,0x23,0x23,0x22,0x35,0x35,0x35,0x55,0x55,0x55,0x56,0x55,0x35,0x55,0x68,0x96,0x88,0x99,0x99,0x99,0xcc,
0x55,0x99,0x69,0xd9,0x69,0x66,0x56,0xcc,0xcc,0xfc,0x5f,0xb9,0xfe,0xef,0xbe,0xbb,0xbb,0xdd,0x99,0xc9,0x66,0x66,0x66,0x82,0x88,0x99,0x99,0x66,0x86,0x65,0x55,0x32,
0x22,0x32,0x32,0x22,0x22,0x22,0x22,0x22,0x22,0x22,0x35,0x32,0x33,0x32,0x25,0x25,0x23,0x55,0x65,0x65,0x88,0x96,0x96,0x98,0x86,0x99,0x5c,0x69,0x56,0xcd,0x56,0x65,
0x66,0xcc,0xcc,0xfc,0x3d,0xdb,0xec,0xff,0xfd,0x6c,0x89,0xdb,0x6c,0x9c,0x69,0x99,0x66,0x99,0x68,0x66,0x66,0x98,0x96,0x66,0x35,0x35,0x35,0x52,0x25,0x32,0x32,0x22,
0x22,0x22,0x22,0x22,0x22,0x22,0x22,0x22,0x22,0x22,0x33,0x53,0x33,0x25,0x35,0x35,0x55,0x55,0x53,0x66,0xcc,0x69,0x93,0x8f,0x95,0x6c,0x41,0x62,0xf9,0xee,0x9f,0xed,
0x41,0xff,0xff,0x5f,0x23,0xf8,0x9e,0x9c,0x91,0xc9,0xc6,0x89,0x66,0x01,0x11,0x55,0x55,0x66,0x66,0x66,0x26,0x85,0x33,0x66,0x65,0x22,0x25,0x23,0x22,0x22,0x22,0x32,
0x33,0x33,0x33,0x33,0x23,0x33,0x32,0x33,0x33,0x33,0x23,0x22,0x22,0x22,0xc5,0xcc,0xd5,0x6f,0xcc,0x52,0x20,0x90,0x48,0xe8,0xfe,0xee,0x44,0x81,0xcd,0xfc,0x65,0x99,
0xcf,0x08,0x00,0xc9,0x99,0x56,0x05,0x00,0x00,0x30,0x55,0x53,0x36,0x55,0x6c,0xc5,0xc5,0x56,0x33,0x55,0x52,0x55,0x55,0x33,0x56,0x33,0x33,0x33,0x33,0x33,0x23,0x33,
0x33,0x33,0x33,0x23,0x22,0x65,0x22,0x86,0x85,0xcd,0xe6,0xcc,0x29,0xf8,0x4c,0xec,0x4f,0x80,0xff,0xde,0x44,0x44,0x94,0x99,0xc9,0xc9,0x9c,0x7c,0x00,0x99,0x99,0x69,
0x04,0x30,0x02,0x31,0x25,0x55,0x00,0x81,0xc9,0xd9,0x9c,0x68,0x66,0x65,0x65,0x68,0x56,0x56,0x36,0x36,0x35,0x33,0x33,0x23,0x33,0x22,0x22,0x22,0x22,0x22,0x62,0xcc,
0x8c,0xc6,0x5d,0xdf,0xf9,0xcf,0xc2,0xcf,0x65,0xed,0xff,0xcc,0xcc,0xfe,0x44,0x11,0x10,0x9c,0x99,0xf6,0x9c,0xc9,0x9f,0x48,0x99,0x69,0x99,0x00,0x01,0x00,0x66,0x66,
0x04,0x10,0x88,0x89,0x98,0x89,0x86,0x66,0x88,0x88,0x89,0x99,0x86,0x66,0x32,0x52,0x55,0x52,0x35,0x23,0x22,0x22,0x02,0x22,0x22,0x22,0xcc,0x25,0xcd,0xc8,0xfc,0x3f,
0xfc,0x6c,0x65,0xfc,0xdf,0xcf,0x65,0xff,0x14,0x44,0x84,0xe8,0x9c,0x66,0x9f,0xc9,0x99,0x08,0x04,0x91,0x65,0x40,0x08,0x34,0x56,0x65,0xc6,0x64,0x65,0x55,0x66,0x66,
0x66,0x66,0x66,0x68,0x88,0x99,0x99,0x89,0x68,0x66,0x66,0x55,0x53,0x25,0x26,0x35,0x12,0x26,0x35,0x23,0xc2,0x9c,0xdc,0xfc,0xff,0xcf,0xff,0x9e,0x9c,0xc9,0x40,0xcc,
0x99,0xfc,0x4f,0xc8,0x88,0xf8,0x9d,0x9d,0xcc,0xc9,0x09,0x30,0x02,0x98,0x6c,0xc9,0x89,0x56,0xc5,0x52,0x69,0x55,0x22,0x55,0x55,0x56,0x55,0x66,0x66,0x66,0x68,0x99,
0x86,0x66,0x66,0x66,0x66,0x66,0x66,0x66,0x66,0x66,0x96,0x99,0x29,0x96,0x8c,0x9d,0xdd,0xfd,0xff,0xff,0xef,0xde,0x8c,0x10,0x80,0xc8,0xcf,0xce,0x8f,0x84,0x88,0xc8,
0xff,0xcf,0xdc,0xcc,0xcd,0x08,0x03,0x40,0xcc,0xc9,0x69,0x65,0xc5,0x59,0x59,0x25,0x55,0x36,0x55,0x65,0x3c,0x53,0x65,0x66,0x56,0x56,0x53,0x63,0x66,0x65,0x66,0x56,
0x66,0x66,0x66,0x96,0x6c,0x95,0x6e,0xf8,0xc9,0xbf,0xff,0xff,0xff,0xff,0x6c,0xcf,0x09,0x30,0x02,0x94,0xff,0xdd,0xcf,0x88,0xc8,0x88,0xff,0xf8,0xff,0xdf,0xff,0x04,
0x08,0xc8,0xfc,0xcc,0x69,0xd9,0x66,0x6d,0x59,0x95,0x66,0x55,0x26,0xd9,0x23,0x33,0x33,0x35,0x35,0x33,0x33,0x33,0x33,0x53,0x53,0x58,0x66,0x86,0x66,0x69,0x86,0x98,
0x9d,0x9c,0xd9,0xfd,0x8f,0x3f,0xfc,0x68,0x56,0x5c,0x86,0x04,0x08,0x98,0x09,0x44,0xcc,0xc9,0x8c,0xcc,0x0c,0x80,0xff,0xff,0x9c,0xff,0xcf,0x9d,0xf9,0x9f,0xfd,0x6d,
0x6c,0x9e,0x96,0x8d,0x55,0x35,0x65,0x8f,0x22,0x32,0x33,0x33,0x33,0x33,0x53,0x53,0x56,0x56,0x66,0x66,0x96,0x58,0xc6,0x68,0xc6,0x9f,0xcc,0x9f,0xee,0x58,0xcc,0x26,
0x69,0x25,0x52,0x25,0x66,0x84,0xcf,0x89,0x00,0x00,0x95,0xc8,0xcc,0xc6,0xcc,0xc4,0x0c,0xfc,0xff,0xcd,0xef,0xcd,0xec,0xdf,0xdc,0x9b,0x9c,0xdd,0xd6,0x69,0x39,0xc8,
0xc3,0x2c,0xc6,0x3c,0x33,0x33,0x56,0x65,0x55,0x65,0x65,0x65,0x66,0x66,0x68,0x6c,0xc6,0x98,0x9c,0xfc,0xfd,0xfe,0xcf,0x6f,0x62,0x22,0x55,0x22,0x96,0x95,0xc9,0xcc,
0x9c,0xdc,0x84,0xc4,0x43,0x40,0x94,0x9c,0xf9,0xc9,0x04,0xf0,0xf9,0xcf,0xcd,0xff,0x3c,0x2c,0xd8,0xf6,0xde,0xcf,0xdb,0x6c,0x55,0x85,0xfc,0xc8,0x9d,0x65,0x55,0x55,
0x65,0x88,0x65,0x66,0x66,0x66,0x66,0x88,0x99,0x99,0xdd,0x9c,0x9d,0xcc,0xcc,0xc9,0xcc,0x9c,0x55,0x65,0x55,0x65,0x89,0x66,0x6c,0xc9,0xfc,0x9f,0xdc,0x9f,0x04,0x00,
0x80,0xdc,0xcd,0x9c,0x8c,0x98,0xc9,0xc9,0x86,0xcc,0x5c,0x85,0xcf,0x9c,0xfc,0xcf,0xfd,0x6c,0x6c,0xc8,0xfc,0xff,0x98,0x96,0x66,0x66,0x86,0x99,0x99,0x69,0x68,0x66,
0x98,0x99,0x9d,0xcc,0x9c,0x89,0x68,0x99,0x95,0x65,0x66,0x52,0x69,0x69,0xc9,0x96,0x95,0xc9,0xcc,0xff,0xcc,0x56,0xc6,0x9c,0x08,0x03,0x94,0xc9,0x40,0x99,0x9c,0x56,
0x66,0x66,0x56,0x59,0x65,0xc6,0xc6,0x9d,0x95,0x6d,0xcc,0xcd,0x99,0x99,0x98,0x9c,0xcc,0xb9,0x99,0x98,0x96,0x99,0x99,0x99,0x99,0x66,0x66,0x68,0x68,0x68,0x66,0x86,
0x69,0x66,0x66,0x56,0x56,0x65,0x96,0x9d,0xcc,0x99,0xc9,0xc9,0xdd,0xff,0xcf,0xfc,0xc9,0xcc,0x48,0x4f,0x94,0x40,0x40,0x40,0x69,0x99,0xb6,0x96,0x58,0x55,0x55,0x55,
0x99,0x9c,0x56,0xc9,0x98,0x99,0x99,0x99,0x66,0x65,0x86,0x86,0x86,0x98,0x99,0x89,0x88,0x98,0x89,0x69,0x68,0x65,0x55,0x55,0x55,0x65,0xdc,0x66,0xc6,0x56,0x56,0x99,
0x66,0xc9,0x9f,0xc9,0xdd,0xcc,0x48,0x44,0xc9,0xef,0xdf,0xfc,0xfc,0xcf,0xc9,0x48,0x03,0x80,0xfd,0xbc,0x9c,0xd6,0x86,0x96,0x56,0x66,0x65,0xf9,0x69,0x6c,0x95,0xcc,
0x89,0x88,0x55,0x66,0x65,0x65,0x66,0x86,0x88,0x98,0x86,0x98,0x66,0x66,0x56,0x85,0x55,0x65,0x66,0x66,0xd8,0x6b,0x8d,0x96,0x99,0xc9,0x9f,0xf6,0xcc,0xdd,0xcd,0x48,
0x44,0x84,0x84,0xfc,0xfe,0xff,0xc6,0x9c,0xff,0x08,0x01,0x00,0xfb,0xde,0x99,0xcd,0x99,0xb9,0x9c,0x69,0x99,0xc6,0xdc,0x5c,0xe9,0x6c,0x66,0x66,0x66,0x68,0x65,0x65,
0x66,0x68,0x88,0x98,0x98,0x8c,0x88,0x66,0x86,0x86,0x68,0x69,0x68,0x66,0xc6,0x9e,0x6c,0xc9,0xc9,0x99,0xfc,0xcb,0xdb,0xdf,0x44,0x84,0xb8,0x87,0xcc,0xfc,0xff,0xcf,
0xc9,0xf9,0xcc,0x4c,0x8c,0x80,0xfc,0xcf,0xd9,0xcf,0x55,0xd8,0xcf,0x9f,0xfc,0xcc,0xef,0xb9,0xcf,0x66,0x96,0x66,0x68,0x88,0x89,0x89,0x68,0x99,0xc6,0x99,0xdc,0xc9,
0x9c,0x88,0x96,0x99,0x99,0x99,0xc8,0x9f,0x86,0xef,0xb8,0xcf,0x99,0xbe,0xf9,0xdf,0xfd,0x8f,0x44,0x74,0x48,0xf4,0xcc,0xcc,0xff,0xcf,0xcf,0xcf,0x56,0xfc,0xff,0xcc,
0x99,0xe6,0xef,0x6c,0xc9,0x8c,0x9c,0xfc,0xd9,0xcf,0xdf,0xf9,0x9f,0x99,0xde,0x89,0x89,0x99,0x99,0x99,0x99,0x99,0x99,0x99,0xc9,0xc9,0x99,0x99,0x99,0x9c,0x99,0x99,
0x99,0xe9,0x9d,0xff,0xe9,0x9c,0xfc,0xc9,0x9d,0xff,0xff,0xcc,0xcb,0x4c,0x44,0xcc,0xcc,0xff,0xcf,0x86,0xff,0xbf,0xfc,0xcc,0xdf,0x9d,0x99,0xfc,0xff,0xbb,0xbf,0x99,
0xd9,0xfd,0xdd,0xef,0xdf,0xfd,0xdc,0xff,0x9c,0x9c,0x99,0x9b,0xb9,0x99,0x9b,0x9b,0x99,0x99,0x88,0x98,0x99,0xb9,0xbb,0x99,0x89,0x96,0x99,0x99,0xcf,0xfd,0xfe,0xfb,
0xdf,0xdf,0xef,0xff,0xcf,0xcb,0xfc,0x8c,0xc8,0xff,0xfc,0xff,0xcc,0x99,0xef,0xed,0xff,0xcf,0xfd,0xee,0x9e,0xf9,0xff,0xee,0xbe,0x9d,0xe9,0xef,0xef,0xff,0xef,0xff,
0xfe,0xef,0xde,0xc9,0x99,0x99,0x99,0x99,0x99,0x99,0x8b,0x89,0x88,0x88,0xb9,0xb9,0x99,0x99,0x69,0x98,0xd9,0xed,0xfe,0xfe,0xef,0xfe,0xde,0xfe,0xfe,0xff,0xcf,0xcc,
0xcc,0xcc,0xcc,0xff,0xff,0xce,0xb9,0xdd,
},
{ // rock
0xbb,0xbb,0xbb,0xbb,0xbb,0xbb,0xbb,0xbb,0xbb,0xbb,0xbb,0xbb,0xbb,0xbb,0xbb,0xbb,0xbb,0xbb,0xbb,0xbb,0xbb,0xbb,0xbb,0xbb,0xbb,0xbb,0xbb,0xbb,0xbb,0xbb,0xbb,0xbb,
0xbb,0xbb,0xbb,0xbb,0xbb,0xbb,0xbb,0xbb,0xbb,0xbb,0xbb,0xbb,0xbb,0xbb,0xbb,0xbb,0xbb,0xbb,0xbb,0xbb,0xbb,0xbb,0xbb,0xbb,0xbb,0xbb,0xbb,0xbb,0xbb,0xbb,0xbb,0xbb,
0xbb,0xbb,0xbb,0xbb,0xbb,0xbb,0xbb,0xbb,0xbb,0xbb,0xbb,0xbb,0xbb,0xbb,0xbb,0xbb,0xbb,0xbb,0xbb,0xbb,0xbb,0xbb,0xbb,0xbb,0xbb,0xbb,0xbb,0xbb,0xbb,0xbb,0xbb,0xbb,
0xbb,0xbb,0xbb,0xbb,0xbb,0xbb,0xbb,0xbb,0xbb,0xbb,0xbb,0xbb,0xbb,0xbb,0xbb,0xbb,0xbb,0xbb,0xbb,0xbb,0xbb,0xbb,0xbb,0xbb,0xbb,0xbb,0xbb,0xbb,0xbb,0xbb,0xbb,0xbb,
0xbb,0xbb,0xbb,0xbb,0xbb,0xbb,0xbb,0xbb,0xbb,0xbb,0xbb,0xbb,0xbb,0xbb,0xbb,0xbb,0xbb,0xbb,0xbb,0xbb,0xbb,0xbb,0xbb,0xbb,0xbb,0xbb,0xbb,0xbb,0xbb,0xbb,0xbb,0xbb,
0xbb,0xbb,0xbb,0xbb,0xbb,0xbb,0xbb,0xbb,0xbb,0xbb,0xbb,0xbb,0xbb,0xbb,0xbb,0xbb,0xbb,0xbb,0xbb,0xbb,0xbb,0xbb,0xbb,0xbb,0xbb,0xbb,0xbb,0xbb,0xbb,0xbb,0xbb,0xbb,
0xbb,0xbb,0xbb,0xbb,0xbb,0xbb,0xbb,0xbb,0xbb,0xbb,0xbb,0xbb,0xbb,0xbb,0xbb,0xbb,0xbb,0xbb,0xbb,0xbb,0xbb,0xbb,0xbb,0xbb,0xbb,0xbb,0xbb,0xbb,0xbb,0xbb,0xbb,0xbb,
0xbb,0xbb,0xbb,0xbb,0xbb,0xbb,0xbb,0xbb,0x6a,0xb7,0xbb,0xbb,0xbb,0xbb,0xbb,0xbb,0xbb,0xbb,0xbb,0xbb,0xbb,0xbb,0xbb,0xbb,0xbb,0xbb,0xbb,0xbb,0xbb,0xbb,0xbb,0xbb,
0xbb,0xbb,0xbb,0xbb,0xbb,0xbb,0xbb,0xbb,0xbb,0xbb,0xbb,0xbb,0xbb,0xbb,0xbb,0xbb,0xbb,0xbb,0xbb,0xbb,0xbb,0xbb,0xbb,0xbb,0xbb,0xbb,0xbb,0xbb,0xbb,0xbb,0xbb,0xbb,
0xbb,0xbb,0x38,0x55,0xbb,0xbb,0xbb,0xbb,0xbb,0xbb,0xbb,0xbb,0xbb,0xbb,0xbb,0xbb,0xbb,0xbb,0xbb,0xbb,0xbb,0xbb,0xbb,0xbb,0xbb,0xbb,0xbb,0xbb,0xbb,0xbb,0xbb,0xbb,
0xbb,0xbb,0xbb,0xbb,0xbb,0xbb,0xbb,0xbb,0xbb,0xbb,0xbb,0xbb,0xbb,0xbb,0xbb,0xbb,0xbb,0xbb,0xbb,0xbb,0xbb,0xbb,0xbb,0xbb,0xbb,0xbb,0xbb,0xbb,0x88,0x38,0xb5,0xbb,
0xbb,0xbb,0xbb,0xbb,0xbb,0xbb,0xbb,0xbb,0xbb,0xbb,0xbb,0xbb,0xbb,0xbb,0xbb,0xbb,0xbb,0xbb,0xbb,0xbb,0xbb,0xbb,0xbb,0xbb,0xbb,0xbb,0xbb,0xbb,0xbb,0xbb,0xbb,0xbb,
0xbb,0xbb,0xbb,0xbb,0xbb,0xbb,0xbb,0xbb,0xbb,0xbb,0xbb,0xbb,0xbb,0xbb,0xbb,0xbb,0xbb,0xbb,0xbb,0xbb,0xbb,0xbb,0x82,0x88,0x63,0xbb,0xbb,0xbb,0xbb,0xbb,0xbb,0xbb,
0xbb,0xbb,0xbb,0xbb,0xbb,0xbb,0xbb,0xbb,0xbb,0xbb,0xbb,0xbb,0xbb,0xbb,0xbb,0xbb,0xbb,0xbb,0xbb,0xbb,0xbb,0xbb,0xbb,0xbb,0xbb,0xbb,0xbb,0xbb,0xbb,0xbb,0xbb,0xbb,
0xbb,0xbb,0xbb,0xbb,0xbb,0xbb,0xbb,0xbb,0xbb,0xbb,0xbb,0xbb,0xbb,0xbb,0xbb,0x7b,0x88,0x8d,0xa8,0x77,0xbb,0xbb,0xbb,0xbb,0xbb,0xbb,0xbb,0xbb,0xbb,0xbb,0xbb,0xbb,
0xbb,0xbb,0x7b,0xb7,0xbb,0xbb,0xbb,0xbb,0xbb,0xbb,0xbb,0xbb,0xbb,0xbb,0xbb,0xbb,0xbb,0xbb,0xbb,0xbb,0xbb,0xbb,0xbb,0xbb,0xbb,0xbb,0xbb,0xbb,0xbb,0xbb,0xbb,0xbb,
0xbb,0xbb,0xbb,0xbb,0xbb,0xbb,0xbb,0xbb,0xbb,0x4b,0x8d,0x8d,0xa3,0x7a,0x77,0x77,0x77,0xbb,0xbb,0xbb,0xbb,0xbb,0xbb,0xbb,0xbb,0xbb,0x7b,0x77,0x44,0x74,0x77,0xbb,
0xbb,0xbb,0xbb,0xbb,0xbb,0xbb,0xbb,0xbb,0xbb,0xbb,0xbb,0xbb,0xbb,0xbb,0xbb,0xbb,0xbb,0xbb,0xbb,0xbb,0xbb,0xbb,0xbb,0xbb,0xbb,0xbb,0xbb,0xbb,0xbb,0xbb,0xbb,0xbb,
0xbb,0xbb,0xbb,0x6b,0x22,0x89,0xe8,0x3d,0xea,0x8d,0x51,0x7a,0x77,0x77,0xbb,0xbb,0xbb,0xbb,0xbb,0xbb,0x67,0x44,0x44,0x44,0x74,0x7b,0xbb,0xbb,0xbb,0xbb,0xbb,0xbb,
0xbb,0xbb,0xbb,0xbb,0xbb,0xbb,0xbb,0xbb,0xbb,0xbb,0xbb,0xbb,0xbb,0xbb,0xbb,0xbb,0xbb,0xbb,0xbb,0xbb,0xbb,0xbb,0xbb,0xbb,0xbb,0xbb,0xbb,0xbb,0xbb,0x7b,0x88,0x38,
0xd2,0xdf,0xdd,0xdd,0x38,0x82,0x65,0x77,0x77,0x77,0xb7,0xbb,0x77,0x77,0x47,0x44,0x44,0x44,0x44,0x77,0x77,0x77,0x77,0x77,0x77,0x77,0xbb,0xbb,0xbb,0xbb,0xbb,0xbb,
0xbb,0xbb,0xbb,0xbb,0xbb,0xbb,0xbb,0xbb,0xbb,0xbb,0xbb,0xbb,0x7b,0xb7,0xbb,0xbb,0xbb,0xbb,0xb7,0xb7,0x77,0x67,0x64,0x76,0x88,0x88,0x88,0x3d,0xd8,0xdd,0x88,0x88,
0x38,0x65,0x77,0x77,0x77,0x77,0x77,0x44,0x46,0x44,0x44,0x44,0x44,0x77,0x77,0x77,0x77,0x77,0x77,0x77,0x77,0x77,0x77,0xbb,0xbb,0xbb,0xbb,0xbb,0xbb,0xbb,0xbb,0x7b,
0xbb,0x77,0xbb,0xbb,0xbb,0x77,0x77,0x77,0x77,0x77,0x77,0x67,0x76,0x66,0x77,0x46,0x44,0x64,0x88,0x88,0x88,0x8d,0x23,0xd3,0x88,0x88,0x88,0x23,0x76,0x77,0x77,0x77,
0x47,0x44,0x44,0x44,0x44,0x44,0x64,0x47,0x64,0x77,0x77,0x77,0x77,0x77,0x77,0x77,0x77,0x77,0x77,0xbb,0xbb,0xbb,0xbb,0x7b,0x77,0x77,0x77,0x77,0x77,0x77,0x77,0x77,
0x67,0x44,0x76,0x77,0x77,0x77,0x77,0x77,0x67,0x44,0x44,0x44,0x88,0x88,0x88,0x8d,0x38,0x93,0x9d,0xdd,0xd8,0x38,0x76,0x77,0x77,0x77,0x44,0x44,0x44,0x44,0x44,0x44,
0x44,0x44,0x44,0x74,0x77,0x77,0x77,0x77,0x77,0x77,0x77,0x77,0x77,0x77,0x77,0x77,0x77,0x77,0x77,0x77,0x77,0x77,0x77,0x77,0x77,0x67,0x46,0x44,0x64,0x64,0x77,0x77,
0x77,0x77,0x47,0x44,0x44,0x44,0x83,0x8d,0x88,0x88,0x88,0x88,0x8d,0x83,0xdd,0x88,0x7a,0x77,0x77,0x67,0x44,0x44,0x44,0x44,0x44,0x44,0x44,0x44,0x44,0x64,0x77,0x77,
0x77,0x77,0x77,0x77,0x77,0x77,0x77,0x77,0x77,0x77,0x77,0x77,0x77,0x77,0x77,0x77,0x77,0x77,0x67,0x44,0x44,0x44,0x44,0x44,0x77,0x77,0x77,0x77,0x67,0x44,0x44,0x44,
0x83,0x8d,0x33,0xd9,0x88,0x38,0x8d,0x88,0x33,0x8f,0x76,0x77,0x77,0x77,0x46,0x44,0x44,0x44,0x44,0x44,0x44,0x44,0x44,0x44,0x76,0x77,0x77,0x77,0x77,0x77,0x77,0x77,
0x77,0x77,0x77,0x77,0x77,0x77,0x77,0x77,0x77,0x77,0x77,0x77,0x47,0x44,0x44,0x44,0x44,0x44,0x74,0x77,0x77,0x77,0x77,0x46,0x44,0x44,0x33,0xd3,0x38,0x98,0x83,0x88,
0x8d,0x88,0x88,0x38,0xa2,0x66,0x77,0x77,0x67,0x44,0x44,0x44,0x44,0x44,0x44,0x44,0x44,0x44,0x76,0x77,0x77,0x77,0x77,0x77,0x77,0x77,0x77,0x77,0x77,0x77,0x77,0x77,
0x77,0x77,0x77,0x77,0x77,0x77,0x47,0x44,0x44,0x44,0x44,0x44,0x64,0x77,0x46,0x76,0x77,0x46,0x44,0x44,0x32,0x83,0x38,0xd3,0x83,0x28,0x9d,0x89,0x88,0x88,0x88,0x44,
0x64,0x67,0x64,0x44,0x44,0x44,0x44,0x44,0x44,0x44,0x44,0x64,0x67,0x67,0x77,0x77,0x77,0x77,0x77,0x77,0x77,0x77,0x77,0x77,0x77,0x77,0x77,0x77,0x77,0x77,0x46,0x44,
0x44,0x44,0x44,0x44,0x44,0x44,0x74,0x67,0x44,0x44,0x66,0x44,0x44,0x44,0x88,0x83,0x33,0x33,0x33,0x33,0x8d,0x88,0x88,0x88,0x88,0x44,0x44,0x46,0x44,0x44,0x44,0x44,
0x44,0x44,0x44,0x44,0x64,0x76,0x77,0x77,0x77,0x77,0x77,0x77,0x77,0x77,0x77,0x77,0x77,0x77,0x77,0x77,0x77,0x77,0x77,0x67,0x44,0x44,0x44,0x44,0x44,0x44,0x44,0x44,
0x64,0x46,0x44,0x44,0x44,0x44,0x44,0x44,0xff,0xfd,0x38,0x83,0x33,0x23,0x3d,0x88,0x88,0x88,0x38,0x44,0x44,0x44,0x44,0x44,0x44,0x44,0x44,0x44,0x44,0x44,0x64,0x66,
0x64,0x77,0x77,0x77,0x66,0x77,0x77,0x77,0x77,0x77,0x77,0x77,0x77,0x77,0x77,0x77,0x77,0x46,0x44,0x44,0x44,0x44,0x44,0x44,0x44,0x44,0x44,0x44,0x44,0x44,0x44,0x44,
0x44,0x44,0xdd,0xff,0xdd,0xfd,0x8d,0x88,0x2d,0x83,0x38,0x8d,0x38,0x44,0x44,0x44,0x44,0x44,0x44,0x44,0x44,0x44,0x44,0x44,0x44,0x44,0x44,0x66,0x76,0x46,0x44,0x64,
0x76,0x77,0x77,0x77,0x77,0x77,0x77,0x77,0x77,0x77,0x77,0x46,0x44,0x44,0x44,0x44,0x44,0x44,0x44,0x44,0x44,0x44,0x44,0x44,0x44,0x44,0x44,0x44,0x88,0x88,0xf9,0xff,
0xff,0xff,0x9f,0x88,0x33,0x38,0x33,0x44,0x44,0x44,0x44,0x44,0x44,0x44,0x44,0x44,0x44,0x44,0x44,0x44,0x44,0x64,0x66,0x44,0x44,0x44,0x66,0x66,0x66,0x66,0x66,0x77,
0x67,0x77,0x77,0x77,0x77,0x67,0x44,0x44,0x44,0x44,0x44,0x44,0x44,0x44,0x44,0x44,0x44,0x44,0x44,0x44,0x44,0x44,0xd3,0x8d,0xfd,0xff,0xff,0xff,0xff,0xff,0xdd,0x3d,
0x33,0x44,0x44,0x44,0x44,0x44,0x44,0x44,0x44,0x44,0x44,0x44,0x44,0x44,0x44,0x64,0x46,0x44,0x44,0x44,0x64,0x66,0x66,0x66,0x66,0x66,0x66,0x66,0x66,0x66,0x66,0x66,
0x44,0x44,0x44,0x44,0x44,0x44,0x44,0x44,0x44,0x44,0x44,0x44,0x44,0x44,0x44,0x44,0x11,0x38,0xff,0xff,0xff,0xff,0xdd,0x83,0xf8,0xff,0xcd,0x44,0x44,0x44,0x44,0x44,
0x44,0x44,0x44,0x44,0x44,0x44,0x44,0x44,0x44,0x66,0x44,0x44,0x44,0x44,0x44,0x66,0x66,0x66,0x66,0x66,0x66,0x66,0x66,0x66,0x66,0x66,0x66,0x44,0x44,0x44,0x44,0x44,
0x44,0x44,0x44,0x44,0x44,0x44,0x44,0x44,0x44,0x44,0x11,0x11,0xe0,0xff,0xff,0xff,0xdf,0xd9,0xd8,0xd9,0x4e,0x44,0x44,0x44,0x44,0x44,0x44,0x44,0x44,0x44,0x44,0x44,
0x44,0x44,0x44,0x44,0x44,0x44,0x44,0x44,0x44,0x64,0x66,0x66,0x66,0x66,0x66,0x64,0x46,0x66,0x66,0x46,0x44,0x44,0x44,0x44,0x44,0x44,0x44,0x44,0x44,0x44,0x44,0x44,
0x44,0x44,0x44,0x44,0x33,0x13,0x51,0xff,0xff,0xff,0xdf,0x99,0xf9,0x9d,0x44,0x44,0x44,0x44,0x44,0x44,0x44,0x44,0x44,0x44,0x44,0x44,0x44,0x44,0x44,0x44,0x44,0x44,
0x44,0x44,0x44,0x66,0x66,0x66,0x66,0x66,0x44,0x44,0x44,0x64,0x66,0x44,0x44,0x44,0x44,0x44,0x44,0x44,0x44,0x44,0x44,0x44,0x44,0x44,0x44,0x44,0x44,0x44,0x89,0x28,
0x13,0xff,0xff,0xff,0xdd,0x12,0x32,0x52,0x44,0x44,0x44,0x44,0x44,0x44,0x44,0x44,0x44,0x44,0x44,0x44,0x44,0x44,0x44,0x44,0x44,0x44,0x44,0x44,0x64,0x66,0x66,0x66,
0x66,0x46,0x44,0x44,0x44,0x64,0x66,0x44,0x44,0x44,0x44,0x44,0x44,0x44,0x44,0x44,0x44,0x44,0x44,0x44,0x44,0x44,0x44,0x44,0x21,0x38,0x23,0xff,0xff,0xdf,0xdd,0x2d,
0x32,0x33,0x41,0x44,0x44,0x44,0x44,0x44,0x44,0x44,0x44,0x44,0x44,0x44,0x44,0x44,0x44,0x44,0x44,0x44,0x44,0x44,0x44,0x46,0x44,0x66,0x66,0x44,0x44,0x44,0x44,0x44,
0x44,0x44,0x44,0x44,0x44,0x44,0x44,0x44,0x44,0x44,0x44,0x44,0x44,0x44,0x44,0x44,0x44,0x44,0x12,0x28,0x11,0xff,0xff,0xdf,0xdd,0x2d,0x82,0x88,0x43,0x44,0x44,0x44,
0x44,0x44,0x44,0x44,0x64,0xaa,0x00,0x44,0x44,0x44,0x44,0x44,0x44,0x44,0x44,0x44,0x44,0x44,0x44,0x64,0x66,0x46,0x44,0x44,0x44,0x44,0x44,0x44,0x44,0x44,0x44,0x44,
0x44,0x44,0x44,0x44,0x44,0xa4,0x5a,0x40,0x44,0x44,0x44,0x44,0xdd,0x89,0x32,0xff,0xdf,0xdd,0xdd,0x2d,0x33,0x33,0x43,0x44,0x44,0x44,0x44,0x44,0x44,0xca,0xcc,0xcc,
0x2c,0x21,0x40,0x44,0x44,0x44,0x44,0x44,0x44,0x44,0x44,0x44,0x44,0x64,0x44,0x44,0x44,0x44,0x44,0x44,0x44,0x44,0x44,0x44,0x44,0x44,0x44,0x44,0x44,0x44,0x44,0xcc,
0x2c,0x58,0x45,0x44,0x44,0x44,0xdd,0xdd,0xfd,0xff,0xff,0xfd,0xdd,0x3d,0x33,0x33,0x43,0x44,0x44,0x64,0xa6,0x5a,0xc5,0xcc,0xcc,0xcc,0x9c,0x32,0x32,0x22,0x40,0x44,
0x44,0x44,0x44,0x44,0x44,0x44,0x44,0x44,0x44,0x44,0x44,0x44,0x44,0x44,0x44,0x44,0x44,0x44,0x44,0x44,0x44,0x44,0x44,0x44,0xc4,0xcc,0x5c,0x39,0x52,0x44,0x44,0x44,
0x15,0x91,0xd5,0xff,0xff,0xfd,0xfd,0xff,0x8d,0x88,0x6c,0x46,0x44,0xc4,0xcc,0xcc,0xc9,0xcc,0xcc,0xec,0xee,0x33,0x93,0x33,0x42,0x44,0x44,0x44,0x44,0x44,0x44,0x44,
0x44,0x44,0x44,0x44,0x44,0x44,0x44,0x44,0x44,0x44,0x44,0x44,0x44,0x44,0x44,0x44,0x44,0x44,0xc4,0xcc,0xce,0x95,0x33,0x44,0x44,0x44,0x5d,0x11,0x12,0xd1,0xff,0xdd,
0x8d,0x92,0xfc,0xfd,0x66,0x66,0x66,0xca,0xcc,0xcc,0xcc,0xce,0xcc,0xce,0x5c,0x83,0x9e,0x88,0x45,0x44,0x44,0x44,0x44,0x64,0x44,0x44,0x44,0x44,0x44,0x44,0x44,0x44,
0x44,0x44,0x44,0x44,0x44,0x76,0x66,0x44,0x44,0x44,0x44,0x44,0xca,0xcc,0x5c,0x95,0x85,0x44,0x44,0x44,0x8d,0x31,0x28,0xc1,0xdf,0xfd,0xdd,0x2d,0x22,0x2d,0x60,0x66,
0x66,0xca,0xcc,0xcc,0xcc,0xcc,0xcc,0xcc,0x9c,0x22,0x3c,0x33,0x42,0x44,0x44,0x44,0x64,0x76,0x66,0x46,0x44,0x44,0x44,0x44,0x44,0x44,0x44,0x44,0x44,0x64,0x76,0x77,
0x66,0x66,0x46,0x46,0x44,0x44,0xcc,0xcc,0x5c,0x95,0x25,0x40,0x44,0x44,0xdd,0x32,0x23,0x12,0xdf,0xff,0xdd,0x8d,0x23,0x3d,0x01,0x66,0x66,0xca,0xcc,0xce,0xcc,0xcc,
0xcc,0xcc,0x9c,0x22,0x93,0x33,0x43,0x44,0x64,0x66,0x77,0x76,0x66,0x66,0x66,0x44,0x44,0x44,0x44,0x44,0x44,0x44,0x66,0x67,0x77,0x77,0x66,0x66,0x66,0x66,0x66,0x44,
0xcc,0xcc,0x9c,0x55,0x59,0x45,0x44,0x44,0xdd,0x32,0x23,0x12,0xdf,0xdd,0xdf,0x3d,0x33,0x38,0x12,0xcc,0x55,0xaa,0xcc,0xcc,0xcc,0xcc,0xcc,0xcc,0xec,0x32,0x93,0x88,
0x63,0x66,0x66,0x66,0x77,0x66,0x66,0x66,0x66,0x66,0x66,0x44,0x44,0x64,0x66,0x77,0x67,0x76,0x77,0x67,0x66,0x66,0x66,0x66,0x66,0x67,0xcc,0xcc,0x9c,0x53,0x59,0x65,
0x46,0x44,0xdd,0x22,0x33,0x12,0xdf,0xdd,0xdd,0x8d,0x28,0x88,0x12,0xcc,0x99,0xac,0xca,0xce,0xcc,0xcc,0xcc,0xec,0xee,0x8c,0xc3,0x99,0x69,0x66,0x66,0x66,0x66,0x66,
0x66,0x66,0x66,0x66,0x66,0x66,0x66,0x66,0x76,0x66,0x66,0x66,0x67,0x66,0x66,0x66,0x66,0x66,0x66,0x77,0xce,0xcc,0xec,0x99,0x99,0x75,0x66,0x66,0xdd,0x22,0x33,0x11,
0xdf,0xdd,0xdd,0x8d,0x23,0x28,0x12,0xca,0xc9,0xac,0xea,0xee,0xec,0xce,0xcc,0xcc,0x95,0x9e,0xc9,0x9c,0x6c,0x66,0x66,0x66,0x66,0x66,0x66,0x66,0x66,0x66,0xaa,0xaa,
0x5a,0x55,0x5a,0x66,0x66,0x66,0x66,0x66,0x66,0x66,0x66,0x66,0x66,0xa6,0xcc,0xcc,0x99,0x5c,0x99,0x65,0x66,0x76,0xdd,0x21,0x32,0x12,0xff,0xdd,0xdd,0x8d,0x23,0x38,
0x12,0xaa,0xea,0xac,0xcc,0xce,0xca,0xcc,0xec,0xcc,0x2c,0x39,0x53,0x5c,0x08,0xaa,0x5a,0xaa,0x66,0x66,0x66,0x66,0xa6,0xaa,0xaa,0xaa,0xaa,0x95,0x5a,0x5a,0x65,0x66,
0x66,0x66,0x66,0x66,0x66,0x66,0x66,0xa6,0xcc,0xcc,0x5c,0x5c,0x99,0xa5,0x66,0xa6,0xdd,0x23,0x32,0x22,0xff,0xdf,0xdd,0x8d,0x38,0x33,0x12,0xaa,0xaa,0xaa,0xaa,0xac,
0xca,0xcc,0xec,0xec,0x9c,0x89,0x33,0x8e,0x28,0xaa,0xaa,0xaa,0x55,0xa6,0xa6,0xaa,0xaa,0xaa,0xaa,0xaa,0xaa,0x55,0x5a,0x9a,0x65,0x66,0x66,0x66,0x66,0x66,0xaa,0x55,
0x6a,0xa6,0xcc,0xcc,0x2c,0x5c,0x59,0x55,0x66,0xa6,0xdd,0x23,0x23,0x23,0xff,0xdf,0xdd,0xdd,0x38,0x83,0x33,0xaa,0xaa,0xaa,0xaa,0xaa,0xaa,0xaa,0xec,0xee,0x3c,0x93,
0x85,0x5e,0x29,0xaa,0xaa,0xaa,0xaa,0xaa,0xaa,0xaa,0xaa,0xaa,0xaa,0xaa,0xaa,0x5a,0x9a,0x9a,0xa5,0x66,0x66,0x66,0x66,0xc6,0xcc,0x99,0x55,0xca,0xcc,0xcc,0x5c,0x99,
0x95,0x55,0xaa,0xa6,0x9d,0x38,0x13,0x23,0xff,0xdf,0x98,0xdd,0x38,0x83,0x98,0xaa,0xaa,0xaa,0xaa,0xaa,0xaa,0xaa,0xec,0xee,0x59,0x93,0x99,0x3c,0x29,0xaa,0xaa,0xaa,
0xaa,0xa5,0xaa,0xaa,0xaa,0xaa,0xaa,0xaa,0xaa,0x5a,0x99,0xaa,0xaa,0xaa,0x5a,0xaa,0x6a,0xca,0xcc,0x99,0x99,0xc5,0xcc,0xcc,0x59,0x99,0x59,0xc9,0x9e,0xe5,0xd9,0x3d,
0x28,0x88,0xff,0xdd,0x2d,0xd2,0x8d,0x83,0x18,0xaa,0xaa,0xaa,0xaa,0xaa,0xaa,0xaa,0xea,0x9c,0x55,0x92,0x9c,0x39,0x38,0xa5,0xaa,0xaa,0xaa,0xaa,0xaa,0xaa,0xaa,0xaa,
0xaa,0xaa,0x5a,0xaa,0xa5,0xa5,0xa5,0xaa,0xaa,0xaa,0xaa,0xca,0xcc,0x99,0x9c,0xcc,0xcc,0xcc,0x9c,0xc9,0x55,0xee,0xce,0xe9,0xf9,0x8c,0x88,0xd8,0xff,0xdd,0x8d,0x33,
0x89,0x83,0x28,0xa5,0xaa,0xaa,0xaa,0xaa,0xaa,0xaa,0xaa,0xca,0x55,0x92,0x99,0x59,0x88,0xa5,0xaa,0x55,0xa5,0xaa,0xaa,0xaa,0xaa,0xaa,0xaa,0xaa,0x5a,0xaa,0xaa,0xa5,
0xaa,0xaa,0xaa,0xaa,0xaa,0xcc,0xcc,0x9c,0x5a,0xcc,0xcc,0x19,0x55,0x95,0x55,0xee,0xce,0xec,0xdd,0x28,0x93,0x28,0xfe,0xdd,0x9d,0x83,0x8d,0x88,0x38,0xa5,0xaa,0xaa,
0xaa,0xaa,0xaa,0xaa,0xaa,0x9a,0xc5,0x95,0x99,0x5c,0x89,0xa5,0xca,0x9c,0x22,0xa5,0xaa,0xaa,0xaa,0xaa,0xaa,0xaa,0x5a,0xaa,0xaa,0xaa,0xaa,0x5a,0xa5,0xaa,0xaa,0xaa,
0xcc,0x5c,0xa9,0xcc,0xcc,0x5c,0x55,0x55,0xc9,0xce,0xce,0xee,0xdf,0x28,0x83,0x88,0xd2,0xdd,0x8d,0x28,0xd8,0x39,0x38,0xa2,0xaa,0xaa,0xaa,0xaa,0xaa,0xaa,0xaa,0xca,
0xac,0x95,0x99,0x5c,0x95,0xa5,0xca,0xcc,0x89,0xa5,0xaa,0xaa,0xaa,0xaa,0xaa,0xaa,0xaa,0xaa,0xaa,0xaa,0xaa,0xaa,0x5a,0xaa,0xaa,0xaa,0xaa,0x9a,0xc5,0xcc,0xcc,0x9c,
0x55,0xc5,0xcc,0xee,0xec,0xce,0xdd,0x3d,0x23,0x99,0xd2,0xdd,0x9d,0x32,0xd9,0x38,0x88,0xfd,0x2d,0x51,0xa5,0xaa,0xaa,0xaa,0xaa,0xaa,0xaa,0x9c,0x55,0x3c,0x95,0xa2,
0xca,0xcc,0x99,0xa5,0xaa,0xaa,0xaa,0xaa,0xaa,0xaa,0xaa,0xaa,0xaa,0xaa,0xaa,0xaa,0xaa,0x5a,0xaa,0xaa,0xaa,0x9a,0xca,0xaa,0x5c,0xcc,0x59,0xec,0xee,0xcc,0xee,0xce,
0xdd,0x3d,0x88,0x89,0xd3,0xdd,0xdd,0x83,0xdd,0x3d,0xf8,0xff,0xdf,0x31,0x11,0xa5,0xaa,0xaa,0xaa,0xaa,0xaa,0x55,0xc5,0x9c,0x95,0x55,0xce,0xcc,0x99,0xa5,0xa6,0xaa,
0x66,0xaa,0xaa,0xaa,0xaa,0xaa,0xaa,0xaa,0xaa,0xaa,0xaa,0x9a,0xa9,0xaa,0xaa,0xaa,0xaa,0x9c,0x5c,0x55,0x55,0xec,0xee,0xec,0xcc,0xcc,0xdd,0x8d,0xd8,0x89,0xd2,0xdd,
0xdd,0x88,0xc8,0x89,0xfd,0xff,0xdf,0x33,0x23,0xa1,0xaa,0xaa,0xaa,0xaa,0xaa,0x55,0x95,0x9c,0x95,0xc5,0xae,0xca,0x99,0xa5,0x66,0x66,0xa6,0xaa,0xaa,0xaa,0xaa,0xaa,
0xa5,0xaa,0x55,0xa5,0xaa,0xaa,0xaa,0xaa,0x9a,0xaa,0xaa,0x9c,0x95,0x55,0x95,0xee,0xce,0xce,0xcc,0xcc,0xfe,0x3d,0xd8,0x99,0xd3,0xdd,0xdd,0x8c,0xf8,0x83,0xfd,0xff,
0xff,0x2d,0x38,0x52,0xaa,0xaa,0xaa,0xaa,0xaa,0x55,0x55,0xac,0x55,0x59,0xaa,0xca,0x9c,0xa5,0xaa,0x66,0xaa,0x4a,0xaa,0xaa,0xaa,0xaa,0xaa,0xaa,0x5a,0xaa,0xaa,0xea,
0xaa,0xea,0xea,0xaa,0xec,0xcc,0x99,0x55,0xec,0xee,0xec,0xce,0xec,0x59,0xfe,0x8f,0x92,0x99,0xd8,0xdf,0xdd,0x8d,0xfc,0x9e,0xff,0xff,0xdd,0xdd,0x8d,0x98,0x50,0x00,
0x55,0x55,0xa5,0x59,0xaa,0xa5,0x5a,0x59,0xaa,0xaa,0x9a,0xa5,0xaa,0xaa,0x5a,0x55,0x55,0x55,0x55,0x55,0xaa,0xca,0xcc,0xee,0xcc,0x9c,0x55,0x55,0x55,0x11,0x11,0x00,
0x51,0x55,0x55,0x55,0x55,0x55,0xd9,0xdd,0x21,0x99,0x39,0x99,0x38,0xdd,0xdd,0x8d,0xff,0xff,0xff,0xff,0xdf,0x23,0x88,0x22,0x55,0x55,0x55,0x95,0x05,0x00,0x55,0xa5,
0x5a,0xc5,0xa9,0xaa,0x99,0x99,0xaa,0xaa,0xaa,0xaa,0xaa,0x55,0x5a,0xe5,0x5c,0x55,0x01,0x51,0x00,0x10,0x11,0x11,0x11,0x11,0x51,0x55,0x15,0x55,0x51,0x15,0x55,0x05,
0xdd,0xdd,0x11,0x22,0x13,0x11,0x11,0x51,0xed,0xfe,0xff,0xff,0xff,0xff,0xff,0x3d,0xd3,0x33,0x52,0x55,0xe5,0xee,0x99,0x55,0x55,0x55,0x55,0x95,0x95,0xaa,0x5c,0x99,
0x5a,0xaa,0xaa,0xaa,0xaa,0x5a,0x5a,0xec,0xce,0xce,0x5c,0xe9,0xcc,0x09,0x10,0xc5,0xcc,0x59,0x11,0x50,0x10,0x00,0x00,0x01,0x00,0x10,0xdf,0xdd,0x11,0x21,0x32,0x82,
0xc9,0xec,0xff,0xff,0xff,0xff,0xff,0xff,0xdf,0x3d,0xd3,0x39,0xc3,0x55,0xfa,0xef,0x8e,0x05,0x00,0x05,0x50,0x00,0x00,0x55,0xa5,0x95,0xaa,0xa5,0xaa,0xaa,0xaa,0xaa,
0x5a,0xec,0xee,0xce,0xcc,0xee,0xcc,0x9c,0x99,0xee,0xcc,0xec,0x59,0x95,0x59,0x9c,0x50,0x59,0x50,0xc5,0xdf,0xdd,0x29,0x15,0x11,0x11,0x11,0x91,0x99,0xc9,0xed,0xff,
0xff,0xff,0x8e,0x3d,0x88,0x9d,0xd8,0xaa,0xfa,0xee,0xdd,0x59,0xe0,0xce,0x55,0x55,0x55,0x00,0x00,0x50,0xa5,0xaa,0xaa,0xaa,0xaa,0x5a,0x55,0xee,0xee,0xce,0xcc,0xee,
0xce,0x9c,0xc9,0xee,0xcc,0xec,0x9c,0x99,0x99,0xce,0x95,0x99,0x59,0xdd,0x88,0xdd,0xfd,0xdf,0x9d,0x15,0xc1,0x9c,0x18,0x11,0x11,0x21,0xd3,0xfe,0xff,0xdf,0x38,0x8d,
0x88,0xf8,0xff,0xef,0xed,0x5d,0xec,0xce,0x09,0x05,0x00,0x00,0x00,0x00,0x55,0x55,0x55,0xaa,0xaa,0x5a,0x5a,0xcc,0xec,0xcc,0xcc,0xee,0xcc,0x99,0xc9,0xee,0xcc,0xcc,
0x99,0x99,0x99,0xcc,0x99,0xc9,0xc9,0xdd,0xdd,0xdf,0x51,0xd5,0xff,0xdf,0xf3,0x8f,0x11,0x11,0x21,0x28,0x11,0x21,0xc5,0xff,0x8d,0x8d,0x33,0x88,0xdd,0xfd,0xff,0xef,
0xee,0xee,0xae,0x55,0x55,0x55,0x50,0x00,0x00,0x50,0x05,0x50,0x55,0xaa,0x5a,0xee,0xec,0xce,0xec,0xee,0xce,0x9c,0xc9,0xee,0xcc,0xec,0x99,0x99,0xc9,0xce,0xc9,0xc9,
0xd9,0xdd,0xdd,0xdd,0x01,0x11,0xfd,0xff,0xfd,0xdf,0xdd,0x09,0x10,0x13,0x83,0x12,0x22,0xe1,0x3d,0xd9,0x8d,0x38,0x33,0xd8,0xdd,0xef,0xed,0xee,0x5e,0xa5,0xa5,0xaa,
0xaa,0xaa,0xa5,0xaa,0xaa,0xaa,0xaa,0xaa,0x5a,0xea,0xee,0xca,0xcc,0xee,0xee,0xcc,0xc9,0xee,0xce,0xee,0xcc,0x9c,0xc9,0xce,0xc9,0x99,0xd5,0xdd,0xdd,0xdd,0x88,0x13,
0xf5,0xff,0xff,0xff,0xdd,0x2d,0x33,0xdd,0xd8,0x88,0x88,0xf2,0xef,0x8d,0xdd,0x99,0x89,0x13,0x32,0x98,0xdd,0x88,0xcd,0x59,0x99,0xaa,0xaa,0xaa,0xaa,0xaa,0xaa,0xaa,
0xaa,0xaa,0xaa,0xea,0xee,0xaa,0xec,0xee,0x9c,0x99,0xc9,0xee,0xcc,0x9c,0x95,0x5c,0xc5,0x9c,0x55,0x59,0xdc,0xdd,0xdd,0xdd,0x88,0x23,0xd3,0xfd,0xfd,0xff,0xdd,0x8d,
0x83,0xd8,0x88,0x88,0x88,0xf8,0xff,0xff,0xdf,0x38,0x33,0x11,0x11,0x01,0x00,0xd9,0x99,0x39,0x12,0x11,0x55,0xaa,0xaa,0xaa,0xaa,0xaa,0xaa,0xaa,0xaa,0xea,0xea,0xaa,
0xea,0xce,0xcc,0x99,0xc9,0xee,0xcc,0xcc,0x95,0x59,0x99,0xca,0x59,0x9a,0xfc,0xdf,0xdf,0xdd,0x88,0x23,0xd8,0xdd,0xfd,0xff,0xdd,0x8f,0x88,0x88,0x89,0x88,0x88,0xf2,
0xdf,0xfd,0xdf,0xdd,0xdd,0x0c,0x22,0x2c,0x82,0x51,0xdf,0xde,0xcc,0x21,0x95,0x51,0xa5,0xaa,0xaa,0xaa,0xaa,0xaa,0xaa,0xaa,0xea,0xaa,0xea,0xcc,0xcc,0x95,0xc9,0xee,
0xcc,0xcc,0x99,0x99,0x95,0x9a,0x55,0x95,0xfa,0xff,0xff,0xff,0x88,0x88,0xfd,0xff,0xff,0xff,0xff,0xcf,0x88,0xd8,0xd9,0x88,0x89,0xf3,0xdf,0xfd,0xfd,0xdd,0xdd,0x3d,
0x88,0x88,0x88,0x98,0xdf,0xde,0xed,0x89,0xd8,0x88,0x53,0xaa,0xaa,0xa5,0x55,0xaa,0x44,0xea,0xaa,0xaa,0xea,0xac,0xaa,0x99,0xcc,0xce,0xaa,0xaa,0x99,0x99,0xc5,0x99,
0x33,0xdd,0xdd,0xdd,0xff,0xff,0x98,0x89,0xd9,0xff,0xff,0xff,0xff,0x8f,0x88,0x88,0x8d,0x89,0x88,0xf8,0xff,0xff,0xff,0xff,0xdd,0x8d,0x88,0x88,0x83,0x98,0xef,0xdd,
0xed,0x89,0xd8,0x89,0x58,0x5a,0xaa,0xaa,0x55,0x45,0x44,0xea,0xea,0xaa,0xee,0xee,0xce,0x9a,0xaa,0xae,0xaa,0xaa,0x9a,0xaa,0xdc,0xdd,0xfd,0xdd,0xdd,0xd9,0xff,0x2d,
0x22,0x12,0x91,0xdd,0xfd,0xff,0xff,0x8f,0xd8,0xdd,0xdd,0xdd,0xdd,0xff,0xdd,0xff,0xff,0xdf,0xdd,0x3d,0x83,0x8d,0x33,0x13,0xee,0xee,0xce,0x98,0x83,0x89,0x58,0x5a,
0xaa,0x55,0x55,0xa5,0xaa,0xaa,0xaa,0xaa,0xee,0xca,0xc5,0x9a,0xaa,0xae,0xaa,0x9a,0x9a,0xaa,0xde,0xdd,0xdd,0xdd,0xdd,0xfd,0x8f,0xd9,0x22,0x32,0x13,0xdd,0xff,0xdf,
0xff,0xff,0xfd,0x8f,0x85,0x3f,0x21,0xdf,0x1d,0xf9,0xdf,0xdd,0xdd,0x3d,0x38,0x89,0x83,0x28,0xee,0xee,0xde,0x8c,0x88,0x89,0x58,0xaa,0xaa,0x44,0x44,0xaa,0xea,0xaa,
0xae,0xaa,0xae,0xaa,0x59,0x9a,0xaa,0xae,0xaa,0x5a,0x55,0x5a,0xde,0xdd,0xdd,0xdd,0xdd,0xfd,0x9d,0xdd,0x22,0x32,0x12,0xff,0xff,0xff,0xff,0xdf,0xf9,0x3d,0x23,0x3d,
0x13,0xfc,0x9d,0xd3,0xdf,0xdf,0xdd,0x9d,0x33,0xd8,0x83,0x33,0xee,0xee,0xee,0x88,0x99,0x89,0x58,0x44,0x6a,0x44,0x44,0xaa,0xea,0xaa,0xae,0xaa,0xae,0xaa,0x9a,0xa9,
0xaa,0xaa,0xaa,0xaa,0xa5,0xaa,0xdd,0xdd,0xdd,0xdd,0xdd,0xfd,0xdd,0xdd,0x33,0x33,0x23,0xff,0xff,0xdf,0x99,0x99,0xf9,0x8d,0x88,0x9d,0x38,0xfd,0xff,0xdd,0xff,0xff,
0xdd,0x8d,0x32,0xd3,0x98,0xdc,0xef,0xee,0xee,0x89,0x98,0x98,0x9c,0x44,0x44,0x44,0xa4,0xaa,0xea,0xaa,0xaa,0xaa,0xaa,0xaa,0x9a,0xa9,0xaa,0xaa,0xaa,0xaa,0xa5,0xaa,
0xdd,0xdd,0xfd,0xdd,0xfd,0xdf,0xdc,0xdd,0xd3,0x8f,0x33,0xf9,0x28,0x23,0x11,0x11,0xc1,0x8d,0x88,0xcd,0x88,0xdd,0x39,0xf3,0xff,0xff,0xff,0xff,0x9d,0xfd,0x9d,0xc8,
0xee,0xee,0xee,0x9c,0xdc,0xcc,0x4c,0x44,0x44,0x44,0xa4,0xaa,0xea,0xaa,0xaa,0xaa,0xaa,0xaa,0x5a,0xa9,0xaa,0xaa,0x5a,0x25,0x21,0xd8,0xff,0xff,0xfd,0xdd,0xff,0xdf,
0xdd,0xdd,0xf8,0xdf,0x33,0xd9,0x89,0x21,0x22,0x22,0x11,0x85,0x98,0x9d,0x88,0xdd,0x9c,0x98,0xff,0xdf,0xdf,0xfd,0x8d,0xc8,0x18,0x22,0xe9,0xee,0xee,0x9c,0xd8,0x88,
0xa2,0x44,0x44,0x44,0xaa,0xaa,0xea,0xaa,0xaa,0xaa,0xaa,0xaa,0x5a,0xaa,0xaa,0xaa,0x19,0x12,0x92,0xd8,0xff,0xdd,0xdd,0xdd,0xfd,0xdf,0xdd,0xdd,0xf8,0xff,0x83,0xdd,
0xdd,0xd9,0x12,0x21,0x11,0x12,0x95,0xcd,0x89,0xdd,0xdc,0x99,0xff,0xdd,0xdd,0xdc,0x81,0x88,0x8d,0x38,0xe3,0xee,0xce,0x88,0xd8,0x89,0x52,0x6a,0xa4,0x4a,0xaa,0xaa,
0xaa,0xaa,0xaa,0xaa,0xaa,0xaa,0xaa,0xaa,0xaa,0xea,0xdd,0xdd,0x8d,0xdd,0xdf,0xdd,0xdf,0xdd,0xfd,0xdf,0xdd,0xdd,0xfd,0xff,0xf9,0xdd,0xdd,0xdd,0x9d,0x31,0x12,0x11,
0x91,0xcd,0x89,0xdd,0xdc,0x8c,0xff,0xdd,0xdd,0xdd,0x18,0x38,0x8d,0x88,0xe8,0xee,0xce,0xd9,0xdd,0x89,0x88,0xaa,0x66,0x6a,0xaa,0xaa,0xaa,0xaa,0xaa,0xaa,0xaa,0xaa,
0xaa,0xaa,0xaa,0xfa,0xdd,0xdd,0xdd,0xff,0xdf,0xdd,0xfd,0xfd,0xff,0xdd,0xdd,0xfd,0xff,0xf8,0xff,0xdd,0xdd,0xdd,0xdd,0x83,0x38,0x33,0x88,0xdd,0x89,0xdd,0xcc,0x9c,
0xed,0xdd,0xdd,0xdd,0x3d,0x33,0x89,0x88,0xe3,0xee,0xec,0x83,0x93,0x99,0x88,0xa5,0x6a,0xaa,0xaa,0xaa,0xaa,0xaa,0xaa,0xaa,0xaa,0xaa,0xaa,0xaa,0xaa,0xfa,0xdd,0xdd,
0xdd,0xff,0xdf,0xdd,0xdd,0xdd,0xff,0xdd,0xdd,0xdd,0x33,0x38,0xff,0xdd,0xff,0xdd,0xff,0x88,0x38,0x88,0x18,0x92,0xcc,0xdd,0xc8,0x9c,0xfd,0xee,0xdd,0xfd,0x9d,0x88,
0xc8,0x88,0xc3,0xee,0xee,0x8c,0x88,0x9d,0x99,0x65,0x66,0x66,0xaa,0xaa,0xaa,0xaa,0xaa,0xaa,0xaa,0xaa,0x5a,0xaa,0xaa,0xda,0xdd,0xdd,0xdd,0xff,0x8d,0x22,0x12,0x11,
0xc8,0xdf,0xdd,0xfd,0x83,0x33,0xff,0xf8,0xff,0xfd,0xfd,0x8f,0x88,0x88,0x83,0x83,0xdd,0xed,0x88,0x99,0xf9,0xef,0xdd,0xdd,0xdd,0x89,0xd8,0x88,0xc3,0xee,0xee,0x8c,
0x99,0x9d,0x99,0x65,0x66,0x66,0xaa,0xaa,0xaa,0xaa,0xaa,0xaa,0xaa,0xaa,0xaa,0xaa,0xaa,0xde,0xfd,0xdd,0xfd,0xdf,0x88,0x23,0x23,0x12,0x31,0xf8,0xff,0xef,0x8d,0x88,
0xd8,0x88,0xff,0xff,0xdf,0x1d,0x88,0x88,0xd8,0x28,0xff,0xff,0x9e,0x98,0x9d,0x13,0xc1,0xdd,0xdd,0x99,0x88,0x89,0xc8,0xee,0xee,0x9e,0x89,0x9d,0x89,0xa8,0x66,0x66,
0xaa,0xaa,0xaa,0xaa,0xaa,0xaa,0xaa,0xaa,0x5a,0x53,0xaa,0xdf,0xfd,0xfe,0xdd,0xdf,0xdd,0x9d,0x18,0x22,0x88,0xdd,0xff,0xff,0xfe,0x8f,0xed,0xdf,0xf8,0xff,0xff,0x8d,
0x82,0x88,0x88,0xdd,0x99,0xff,0xff,0xdd,0xdf,0x8d,0x88,0xdd,0xcd,0x9d,0x33,0x89,0xc8,0xee,0xcc,0x9e,0x99,0x99,0x8c,0xa8,0x66,0x66,0xaa,0xaa,0xaa,0xaa,0xaa,0xaa,
0xaa,0xaa,0xdd,0x38,0xe8,0xdf,0xdf,0xff,0xff,0xdd,0xdd,0xdd,0x8d,0x88,0x88,0xdd,0xff,0xff,0x98,0x29,0xf9,0xdf,0xed,0xcf,0xf9,0xff,0xd3,0x8d,0xd8,0xfd,0x8d,0x28,
0x33,0x88,0x98,0x99,0x88,0x38,0x32,0x28,0x12,0x23,0x22,0x99,0xc9,0x9e,0x99,0xc9,0x9c,0x98,0x66,0x66,0xaa,0xaa,0xaa,0xaa,0xaa,0xaa,0x19,0xfa,0xdd,0xdd,0xff,0xff,
0xff,0xff,0xff,0xdd,0xdd,0xdd,0xdd,0x88,0xd8,0xdd,0xfd,0xff,0x22,0x22,0x01,0xfe,0x1c,0xd9,0x89,0x88,0x88,0x22,0x21,0x21,0x22,0x12,0x11,0x11,0x11,0x21,0x12,0x21,
0x33,0x83,0x38,0x33,0x38,0x33,0x12,0x11,0x82,0x93,0x98,0x53,0x55,0x55,0x5a,0x99,0x9a,0x99,0xac,0xfd,0xdd,0xff,0xfd,0xff,0xff,0xef,0xef,0x8d,0xdd,0xfd,0xdd,0xdd,
0xff,0x38,0xdf,0xff,0xff,0xdf,0x83,0x22,0x83,0xfd,0xcd,0xd3,0x8d,0x88,0x13,0x11,0x11,0x21,0x22,0x33,0x88,0x89,0x33,0x23,0x22,0x18,0x11,0x11,0x11,0x21,0x22,0x33,
0x32,0x33,0x38,0x22,0x32,0x22,0x22,0x23,0x22,0x12,0x11,0x21,0x22,0x22,0x22,0x11,0x21,0x21,0x88,0x38,0x89,0xd9,0xff,0xff,0xdf,0xf8,0xff,0x8d,0xdd,0xff,0xff,0x39,
0xdd,0x38,0x33,0x83,0x23,0x11,0x11,0x11,0x21,0x12,0x11,0x11,0x11,0x11,0x11,0x21,0x32,0x23,0x82,0x88,0x28,0x32,0x83,0x88,0x88,0x88,0x33,0x22,0x22,0x12,0x11,0x11,
0x11,0x21,0x22,0x22,0x32,0x33,0x22,0x12,0x11,0x22,0x32,0x83,0x88,0x88,0x88,0x88,0x38,0x83,0x88,0x22,0x89,0x22,0x32,0x88,0x29,0xdc,0x11,0x11,0x11,0x11,0x11,0x11,
0x11,0x21,0x22,0x12,0x11,0x12,0x11,0x11,0x11,0x11,0x11,0x11,0x11,0x11,0x11,0x12,0x11,0x01,0x00,0x10,0x11,0x11,0x11,0x11,0x11,0x11,0x21,0x22,0x83,0x28,0x22,0x22,
0x22,0x33,0x33,0x88,0x88,0x23,0x11,0x11,0x11,0x11,0x22,0x22,0x22,0x12,0x22,0x12,0x21,0xd2,0xdf,0xf9,0x88,0x38,0x38,0x12,0x11,0x11,0x11,0x11,0x11,0x11,0x11,0x11,
0x11,0x11,0x11,0x11,0x11,0x11,0x11,0x11,0x11,0x11,0x11,0x11,0x11,0x11,0x11,0x11,0x11,0x12,0x11,0x11,0x11,0x01,0x10,0x11,0x11,0x11,0x11,0x11,0x11,0x00,0x00,0x21,
0x22,0x21,0x23,0x11,0x11,0x11,0x11,0x11,0x11,0x11,0x32,0x99,0x9d,0x99,0x11,0x11,0x11,0x83,0x88,0x98,0x88,0x33,0x23,0x11,0x11,0x11,0x11,0x11,0x11,0x11,0x11,0x12,
0x11,0x11,0x11,0x11,0x11,0x11,0x11,0x11,0x12,0x83,0x23,0x22,0x22,0x21,0x11,0x11,0x11,0x11,0x11,0x11,0x11,0x11,0x11,0x11,0x11,0x11,0x11,0x11,0x11,0x21,0x33,0x13,
0x21,0x12,0x11,0x32,0x88,0x89,0x12,0x21,0x11,0x11,0x11,0x11,0x11,0x11,0x11,0x22,0x12,0x31,0x38,0x33,0x12,0x11,0x11,0x11,0x11,0x11,0x11,0x22,0x22,0x22,0x32,0x21,
0x33,0x28,0x83,0x12,0x11,0x11,0x11,0x11,0x11,0x11,0x11,0x11,0x11,0x11,0x11,0x11,0x11,0x11,0x11,0x11,0x11,0x11,0x11,0x21,0x23,0x82,0x98,0x88,0xd9,0x9d,0x23,0x11,
0x22,0x12,0x11,0x11,0x11,0x11,0x11,0x11,0x11,0x11,0x11,0x11,0x11,0x31,0xd8,0x39,0x22,0x12,0x11,0x32,0x13,0x11,0x21,0x22,0x32,0x12,0x11,0x11,0x11,0x21,0x12,0x22,
0x11,0x11,0x11,0x11,0x11,0x11,0x11,0x11,0x11,0x83,0x12,0x10,0x21,0x22,0x22,0x33,0x32,0x21,0x22,0x32,0x93,0x88,0x99,0xdd,0xd9,0x89,0x23,0x11,0x11,0x11,0x11,0x22,
0x22,0x22,0x22,0x22,0x11,0x33,0x38,0x88,0x11,0x11,0x81,0x88,0x88,0x88,0x83,0x23,0x11,0x11,0x11,0x11,0x11,0x11,0x11,0x11,0x22,0x22,0x22,0x22,0x11,0x11,0x11,0x11,
0x21,0x22,0x32,0x32,0x22,0x11,0x11,0x11,0x11,0x11,0x11,0x11,0x11,0x11,0x11,0x11,0x11,0x11,0x11,0x11,0x82,0x39,0x11,0x11,0x11,0x11,0x11,0x11,0x31,0x38,0x83,0x12,
0x11,0x11,0x11,0x11,0x11,0x21,0x21,0x11,0x82,0x88,0x28,0x23,0x12,0x11,0x11,0x11,0x11,0x11,0x11,0x11,0x11,0x11,0x11,0x22,0x22,0x22,0x12,0x11,0x11,0x11,0x11,0x11,
0x22,0x11,0x11,0x11,0x11,0x11,0x11,0x11,0x11,0x11,0x11,0x11,0x11,0x11,0x11,0x11,0x22,0x22,0x22,0x22,0x32,0x88,0x38,0x12,0x11,0x11,0x11,0x11,0x11,0x11,0x21,0x22,
0x11,0x11,0x11,0x11,0x11,0x22,0x21,0x83,0x12,0x11,0x11,0x11,0x11,0x11,0x11,0x21,0x12,0x11,0x11,0x11,0x11,0x11,0x11,0x11,0x11,0x11,0x11,0x11,0x11,0x11,0x11,0x11,
0x11,0x11,0x11,0x11,0x11,0x11,0x11,0x11,0x11,0x11,0x88,0x88,0x88,0xd8,0x38,0x12,0x11,0x11,0x11,0x11,0x11,0x11,0x11,0x22,0x11,0x11,0x11,0x11,0x11,0x11,0x11,0x11,
0x11,0x11,0x21,0x22,0x32,0x23,0x31,0x11,0x11,0x11,0x11,0x11,0x11,0x11,0x11,0x11,0x11,0x11,0x11,0x11,0x11,0x11,0x11,0x11,0x11,0x11,0x11,0x11,0x11,0x11,0x11,0x11,
0x11,0x22,0x82,0x88,0x9d,0xd8,0x8f,0xf9,0x8d,0x28,0x11,0x11,0x11,0x11,0x11,0x21,0x22,0x11,0x11,0x11,0x11,0x11,0x21,0x21,0x22,0x22,0x22,0x11,0x11,0x11,0x23,0x98,
0x39,0x33,0x23,0x22,0x11,0x11,0x11,0x11,0x11,0x11,0x11,0x11,0x11,0x11,0x11,0x11,0x11,0x11,0x11,0x11,0x11,0x11,0x31,0x23,0x88,0x89,0x38,0x11,0x11,0x11,0x38,0x51,
0xd8,0xdd,0xdd,0xdd,0x89,0x88,0x12,0x21,0x11,0x11,0x21,0x22,0x33,0x22,0x22,0x22,0x12,0x11,0x11,0x11,0x11,0x11,0x31,0x88,0x18,0x11,0x11,0x11,0x11,0x11,0x82,0x38,
0x33,0x11,0x11,0x11,0x11,0x11,0x11,0x11,0x22,0x11,0x11,0x11,0x11,0x11,0x32,0x88,0x13,0x11,0x11,0x82,0x33,0x12,0x11,0x10,0x21,0x22,0x22,0x22,0x22,0x22,0x83,0x88,
0x98,0x89,0x88,0x38,0x33,0x23,0x22,0x22,0x12,0x11,0x12,0x11,0x11,0x11,0x82,0x38,0x22,0x11,0x11,0x11,0x11,0x11,0x11,0x11,0x11,0x11,0x21,0x32,0x33,0x23,0x12,0x22,
0x22,0x11,0x11,0x21,0x11,0x32,0x88,0x23,0x12,0x11,0x11,0x11,0x12,0x11,0x11,0x22,0x82,0x88,0x11,0x21,0x33,0x33,0x33,0x33,0x23,0x22,0x22,0x12,0x91,0x89,0x88,0x88,
0x88,0x88,0x23,0x12,0x11,0x23,0x88,0x88,0x88,0x88,0x38,0x22,0x23,0x22,0x11,0x12,0x11,0x11,0x11,0x11,0x11,0x11,0x11,0x11,0x11,0x11,0x11,0x11,0x11,0x12,0x31,0x9d,
0x12,0x11,0x11,0x11,0x11,0x11,0x11,0x11,0x11,0x11,0x21,0x22,0x12,0x11,0x11,0x11,0x11,0x11,0x11,0x12,0x11,0x11,0x11,0x11,0x11,0x11,0x21,0x22,0xd3,0x9d,0x98,0x19,
0x11,0x11,0x11,0x11,0x22,0x22,0x12,0x81,0x89,0x88,0x88,0x38,0x88,0x98,0x88,0x88,0x38,0x28,0x22,0x11,0x11,0x33,0x13,0x11,0x11,0x81,0x88,0x12,0x11,0x11,0x11,0x22,
0x22,0x32,0x32,0x33,0x23,0x22,0x22,0x22,0x22,0x11,0x11,0x11,0x11,0x11,0x21,0x21,0x22,0x22,0x12,0x21,0x11,0x21,0x98,0x38,0x12,0x11,0x22,0x22,0x22,0x22,0x32,0x33,
0x83,0x23,0x12,0x22,0x22,0x32,0x88,0x88,0x88,0x83,0x33,0x88,0x23,0x83,0x33,0x9d,0x18,0x11,0x22,0x33,0xd8,0x88,0x88,0x83,0x33,0x33,0x22,0x22,0x22,0x12,0x11,0x11,
0x32,0x38,0x38,0x83,0x38,0x22,0x23,0x22,0x33,0x33,0x33,0x33,0x33,0x33,0x88,0x8d,0x12,0x22,0x22,0x22,0x33,0x33,0x22,0x22,0x22,0x22,0x22,0x22,0x33,0x33,0x33,0x33,
0x33,0x33,0x33,0x33,0x33,0x33,0x33,0x33,0x22,0x82,0x88,0x9d,0x38,0xd8,0x88,0x33,0x32,0x33,0x22,0x22,0x32,0x33,0x32,0x88,0x38,0x33,0x32,0x22,0x32,0x33,0x32,0x33,
0x33,0x83,0x33,0x22,0x33,0x23,0x83,0x9d,0x3d,0x33,0x33,0x33,0x23,0x22,0x33,0x33,0x33,0x33,0x33,0x23,0x22,0x33,0x33,0x33,0x32,0x22,0x22,0x33,0x33,0x33,0x33,0x33,
0x33,0x33,0x33,0x33,0x33,0x22,0x98,0x89,0x83,0x13,0x31,0x33,0x33,0x83,0x38,0x33,0x88,0x83,0x88,0x38,0x33,0x33,0x23,0x22,0x22,0x32,0x23,0x22,0x33,0x33,0x32,0x83,
0x88,0x28,0x33,0x33,0x33,0x33,0x33,0x33,0x33,0x88,0x23,0x22,0x22,0x22,0x32,0x33,0x22,0x22,0x22,0x22,0x33,0x33,0x33,0x23,0x22,0x33,0x22,0x32,0x33,0x23,0x22,0x22,
0x22,0x32,0xd3,0x88,0x88,0x38,0x33,0x33,0x83,0x88,0x33,0x33,0x33,0x83,0x33,0x88,0x38,0x33,0x83,0x33,0x33,0x33,0x23,0x22,0x88,0x38,0x32,0x33,0x33,0x33,0x33,0x33,
0x33,0x33,0x33,0x33,0x33,0x33,0x23,0x33,0x33,0x33,0x33,0x33,0x33,0x33,0x33,0x33,0x33,0x33,0x83,0x33,0x22,0x22,0x22,0x22,0x22,0x32,0x23,0x32,0x33,0x83,0xdd,0x9d,
0x33,0x33,0x88,0x33,0x22,0x22,0x22,0x92,0x88,0x88,0x38,0x33,0x33,0x33,0x33,0x33,0x98,0x9d,0x33,0x33,0x83,0x88,0x88,0x33,0x33,0x33,0x33,0x33,0x33,0x33,0x33,0x33,
0x33,0x33,0x33,0x33,0x33,0x33,0x83,0x38,0x88,0x33,0x33,0x33,0x33,0x32,0x33,0x33,0x33,0x83,0x88,0x88,0x33,0x22,0x22,0x82,0x83,0xfd,0x9d,0x38,0x33,0x33,0x23,0x22,
0x82,0x2c,0x88,0x88,0x88,0x38,0x33,0x23,0x32,0xc8,0xdd,0x8d,0x38,0x23,0x32,0x33,0x33,0x33,0x33,0x33,0x33,0x33,0x33,0x33,0x33,0x33,0x33,0x33,0x33,0x33,0x83,0x33,
0x33,0x33,0x33,0x33,0x33,0x33,0x33,0x33,0x33,0x33,0x33,0x33,0x33,0x33,0x88,0x88,0xdd,0xd8,0x88,0xdd,0xdf,0xdd,0x38,0x22,0x22,0x22,0xf8,0xff,0x88,0x23,0x11,0x82,
0x88,0x89,0xd8,0x3d,0x88,0x88,0x38,0x38,0x33,0x33,0x12,0x22,0x83,0x88,0x38,0x22,0x33,0x33,0x33,0x83,0x33,0x33,0x33,0x88,0x88,0x33,0x33,0x33,0x33,0x33,0x33,0x23,
0x22,0x22,0x33,0x22,0x22,0x32,0x33,0x83,0x28,0x23,0x32,0x11,0x31,0x33,0xd8,0xdd,0xdd,0x8c,0x33,0xd8,0xfd,0xff,0x11,0x21,0x83,0x92,0xdd,0xdd,0xdd,0x9d,0xd8,0x88,
0x23,0x33,0x33,0x88,0x88,0x98,0x12,0x82,0x98,0x8d,0x38,0x22,0x88,0x22,0x33,0x23,0x22,0x22,0x22,0x11,0x11,0x22,0x11,0x21,0x22,0x12,0x11,0x11,0x33,0x23,0x98,0x22,
0x13,0x11,0x21,0x33,0x23,0x11,0x11,0x22,0x22,0x92,0xdf,0xdd,0xdd,0x8d,0x33,0x83,0x91,0xdd,0x88,0x38,0x9d,0x22,0x33,0x88,0x88,0x88,0x88,0x88,0x88,0x88,0x88,0x88,
0x8d,0x28,0x11,0x11,0xfd,0xdd,0xdf,0xdd,0xdd,0xdd,0x89,0x33,0x11,0x11,0x11,0x11,0x11,0x11,0x11,0x22,0x38,0x33,0xd8,0xdd,0x28,0x33,0x33,0x32,0x33,0x83,0x88,0x38,
0x33,0x22,0xd2,0x89,0x83,0x83,0xdd,0xdd,0x88,0x88,0x38,0xdd,0x88,0x18,0x8d,0x22,0x22,0x33,0x33,0x83,0x83,0x88,0x88,0x88,0x88,0x38,0x13,0x30,0x21,0x88,0xdd,0xdd,
0x28,0x11,0x21,0x82,0x23,0x88,0x88,0x88,0x33,0x33,0x23,0x22,0x89,0x88,0x28,0x83,0x1d,0x33,0x33,0x32,0x33,0x33,0x88,0x88,0x88,0x88,0x88,0x88,0xdf,0x38,0x32,0x33,
0x88,0x88,0xd8,0x8d,0x38,0xdd,0x8d,0x28,0xff,0x9d,0x22,0x12,0x11,0x32,0x33,0x33,0x33,0x83,0x93,0x13,0x88,0x32,0xdd,0x8d,0x38,0x22,0x22,0x22,0x22,0x22,0x33,0x33,
0x33,0x83,0x88,0x23,0xd8,0xdd,0x8d,0x88,0x8d,0xf8,0x19,0x11,0x32,0x33,0x88,0x88,0x88,0x88,0x88,0x38,0x38,0xdd,0xdf,0xdd,0xd8,0x33,0x22,0x23,0x12,0xf9,0x8d,0xdd,
0xdd,0x88,0xff,0xdf,0xdd,0x9d,0x18,0x11,0x22,0x22,0x12,0x21,0x83,0xdf,0xdd,0x38,0xdf,0x33,0x33,0x33,0x33,0x33,0x33,0x88,0x88,0x88,0x33,0x33,0x33,0x33,0x22,0x98,
0xd8,0xdf,0xdd,0xfd,0xcd,0x19,0x31,0x22,0x83,0x88,0x88,0x38,0x33,0x23,0x12,0xd1,0xdd,0xdd,0xfd,0xdf,0x39,0x11,0xd3,0xfd,0x8d,0xd8,0x8d,0x88,0xff,0xff,0xdf,0xfd,
0xdd,0xdd,0xfd,0x5d,0x31,0x8d,0xd8,0xdf,0xdd,0xfd,0xdf,0x33,0x33,0x33,0x33,0x33,0x88,0x88,0x38,0x33,0x33,0x33,0x33,0x22,0x83,0x38,0x33,0x92,0xfd,0xff,0xdd,0xdd,
0x9f,0x18,0x32,0x33,0x23,0x11,0x11,0x23,0x83,0xfd,0xfd,0xdf,0xfd,0xdf,0xdd,0xdd,0xfd,0xff,0xdd,0xd8,0x8d,0x12,0xf5,0xff,0xdf,0xdd,0xdd,0xdd,0xdd,0xdf,0x88,0xd8,
0xd8,0xff,0xd8,0xff,0xfd,0x33,0x33,0x33,0x33,0x33,0x88,0x88,0x33,0x33,0x33,0x33,0x33,0x33,0x33,0x23,0x32,0x83,0x93,0xdf,0xdd,0xdd,0xdf,0xdd,0xdd,0x88,0xd8,0x8d,
0xdd,0xdd,0xd8,0xff,0xff,0xdf,0xdd,0xdd,0xdd,0xdd,0xff,0xff,0xdd,0x18,0x13,0x88,0xf2,0xff,0xdf,0xff,0xdd,0xdd,0xdd,0xdf,0xd8,0xd2,0x88,0xff,0xdf,0xff,0xfd,0xdd,
0x88,0x33,0x33,0x33,0x33,0x33,0x33,0x33,0x33,0x33,0x38,0x33,0x33,0x33,0x33,0x33,0xd3,0xdf,0xdd,0xdd,0xdd,0xfd,0xff,0xfd,0xff,0xdf,0xfd,0xdd,0x8d,0xfd,0xff,0xdf,
0xdd,0xdd,0xdd,0xfd,0xff,0xdf,0x8d,0x33,0xdd,0x88,0xf8,0xff,0xff,0xff,0xdd,0xdd,0xdd,0xff,0xd8,0xd8,0xdd,0xff,0xdf,0xdf,0xff,0xfe,0xed,0x33,0x33,0x33,0x33,0x33,
0x33,0x33,0x33,0x33,0x33,0x88,0x33,0x33,0x33,0x32,0xf9,0xdd,0xdd,0xdd,0xdd,0xff,0xff,0xff,0xff,0xdf,0x8d,0x38,0x83,0xdf,0xff,0xfd,0xdd,0xdd,0xff,0xff,0xff,0xdf,
0xd8,0xdd,0xfd,0x88,0x8d,0xff,0xff,0xff,0xdf,0xdd,0xdd,0xff,0xfd,0xdd,0xfd,0xff,0xff,0xff,0xff,0xff,0x82,0x38,0x33,0x88,0x38,0x33,0x38,0x83,0x88,0x33,0x33,0x33,
0x33,0x33,0x82,0xd8,0xfd,0xdd,0xdd,0xdd,0xdd,0xfd,0xff,0xff,0xff,0x3d,0x88,0xd8,0xdd,0xff,0xdf,0xdd,0xdf,0x88,0xff,0xff,0xff,0xdf,0xdd,0xdd,0xfd,0x88,0x88,0xff,
0xff,0xdd,0xdd,0xdf,0xdd,0xfd,0xdf,0xfd,0xff,0xdf,0xff,0xff,0xff,0x9f,0x33,0x88,0x33,0x88,0x88,0x88,0xdd,0x33,0x88,0x88,0x88,0x88,0x88,0xd8,0xdd,0xfd,0xff,0xdd,
0xdd,0xdd,0xdd,0xfd,0xff,0xff,0xff,0xdd,0xdd,0xdd,0xfd,0xff,0xff,0xff,0xdf,0xdd,0xff,0xff,0xff,0xdd,0xdd,0xdd,0xfd,0xdd,0x8d,0xf8,0xff,0xdd,0xdd,0xdf,0xdd,0xfd,
0xdd,0xfd,0xff,0xff,0xff,0xff,0xff,0xff,0xdd,0xfd,0x33,0x88,0x33,0x33,0x33,0x33,0x33,0x33,0x33,0x88,0xdd,0xdd,0xdd,0xfd,0xff,0xdd,0xdd,0xdd,0xdd,0xff,0xff,0xff,
0xff,0xff,0xdf,0xdd,0xff,0xff,0xff,0xff,0xdd,0xdd,0xff,0xff,0xff,0xdd,0xdd,0xdd,0xfd,0xdf,0xdd,0xf8,0xff,0xdf,0xdd,0xdf,0xdd,0xff,0xdf,0xdf,0xff,0xff,0xff,0xff,
0xff,0xff,0xff,0xfd,0x3d,0x8d,0x33,0x33,0x33,0x33,0x33,0x33,0x93,0xdd,0xdd,0xdd,0xdf,0xff,0xff,0xdf,0xdd,0xdd,0xfd,0xff,0xff,0xff,0xfd,0xff,0xff,0xff,0xff,0xff,
0xff,0xff,0xdd,0xdd,0xff,0xff,0xdf,0xdd,
},
{ // ghost
0xee,0xce,0xfd,0xcd,0xfc,0xff,0xef,0xff,0xce,0xfe,0xec,0xcc,0xcc,0xde,0xcc,0xcc,0xfc,0xef,0xcc,0xcc,0xcc,0xef,0xcc,0xcc,0xcd,0xcd,0xcc,0xcc,0xcc,0xcc,0xcc,0xcc,
0xbb,0xbb,0xbb,0xbb,0xbb,0xbb,0xcb,0xde,0xcc,0xcc,0xee,0xcc,0xcc,0xff,0xce,0xcc,0xdd,0xcc,0xcd,0xcc,0xde,0xcc,0xee,0xdc,0xdd,0xdc,0xff,0xee,0xde,0xdc,0xdc,0xff,
0xee,0xff,0xff,0xcd,0xcc,0xcc,0xcc,0xce,0xcc,0xdc,0xff,0xcf,0xcc,0xcc,0xdc,0xde,0xcc,0xfe,0xee,0xcc,0xcc,0xcc,0xcc,0xbb,0xbb,0xbb,0xbb,0xbb,0xbb,0xbb,0xbb,0xbb,
0xbb,0xcc,0xee,0xbe,0xea,0xce,0xcc,0xfc,0xef,0xcc,0xdc,0xcc,0xce,0xcd,0xec,0xef,0xcf,0xcd,0xdd,0xdd,0xde,0xcc,0xcd,0xde,0xcc,0xff,0xff,0xee,0xec,0xde,0xce,0xcc,
0xec,0xef,0xcd,0xff,0xff,0xff,0xdd,0xcc,0xfd,0xfe,0xff,0xcd,0xcc,0xcc,0xbc,0xcb,0xbb,0xbb,0xbb,0xbb,0xbb,0xbb,0xbb,0xbb,0xbb,0xbb,0xbb,0xcb,0xab,0xdb,0xed,0xff,
0xde,0xfe,0xff,0xbd,0xeb,0xce,0xdd,0xcc,0xcc,0xff,0xce,0xcd,0xed,0xcd,0xc9,0xcc,0xcd,0xcc,0xec,0xff,0xef,0xcc,0xcc,0xee,0xbc,0xba,0xfd,0xef,0xfe,0xff,0xbe,0xcb,
0xfe,0xdd,0xff,0xcc,0xdc,0xce,0xbc,0xcc,0xbb,0xbb,0xbb,0xbb,0xbb,0xbb,0xbb,0xbb,0xbb,0xbb,0xbb,0xcb,0xbb,0xaa,0xb6,0xdb,0xcd,0xdc,0xfe,0xef,0xff,0xef,0xfe,0xfe,
0xfe,0xcc,0xcc,0xfd,0xcd,0xce,0xdf,0xcc,0xce,0xdc,0xdc,0xcc,0xfd,0xff,0xdd,0xce,0xcc,0xce,0xcd,0xdb,0xff,0xff,0xff,0xce,0xab,0xba,0xeb,0xdc,0xce,0xcc,0xcc,0xbc,
0xbb,0xbb,0xbb,0xbb,0xbb,0xaa,0x7a,0x11,0x71,0xaa,0xaa,0xbb,0xbb,0xcb,0xcc,0xbc,0xdc,0xcd,0xcb,0xcc,0xdc,0xcc,0xeb,0xff,0xff,0xef,0xfe,0xce,0xcc,0xfc,0xee,0xee,
0xdc,0xcc,0xce,0xdc,0xcd,0xca,0xff,0xef,0x8d,0xbc,0xba,0xcc,0xcc,0xfc,0xff,0xef,0xcb,0xdd,0xac,0xaa,0xcb,0xff,0xab,0xbb,0xbb,0xbb,0xbb,0xbb,0xbb,0xbb,0xaa,0x07,
0x00,0x00,0x00,0x10,0xaa,0xba,0xbb,0xbb,0xbc,0xbb,0xdc,0xcb,0xbc,0xcc,0xbc,0xaa,0xaa,0xdc,0xec,0xff,0xff,0xcf,0xbb,0xec,0xef,0xcb,0xcb,0xbc,0xcf,0xec,0xab,0xba,
0xff,0xef,0xcd,0xaa,0xaa,0xcc,0xcc,0xfc,0xef,0xbc,0xbb,0xcc,0xcc,0xab,0xcb,0xbf,0xaa,0xaa,0xcc,0xcb,0xcb,0xbb,0xbb,0xab,0x0a,0x00,0x00,0x00,0x00,0x00,0x60,0xaa,
0xba,0xbb,0xbb,0xbb,0xcb,0xdc,0xbc,0xec,0xab,0xaa,0xaa,0xbb,0xbb,0xed,0xff,0xff,0xab,0xfe,0xad,0xaa,0xdc,0xbc,0xef,0xce,0xab,0xca,0xff,0xef,0xcd,0xaa,0xab,0xba,
0xcb,0xff,0xce,0xcb,0xbb,0xbb,0xbc,0xbb,0xdb,0xae,0xa6,0xca,0xac,0xdd,0xcc,0xbb,0xab,0xaa,0x00,0x00,0x00,0x00,0x00,0x00,0x00,0xa3,0xaa,0xbb,0xbb,0xbb,0xbb,0xeb,
0xbd,0xdb,0xac,0xaa,0xba,0xbd,0xbb,0xab,0xfd,0xff,0xde,0xfe,0xac,0xba,0xcb,0xbd,0xef,0xbd,0xbb,0xeb,0xff,0xde,0xb8,0xab,0xaa,0xaa,0xca,0xef,0xbd,0xbb,0xbb,0xab,
0xcb,0xbc,0xfb,0xec,0xec,0xee,0xdd,0xbc,0xbb,0xbb,0xaa,0x0a,0x00,0x00,0x00,0x00,0x00,0x00,0x00,0x60,0xaa,0xba,0xbb,0xaa,0xbb,0xbb,0xbe,0xd6,0xbd,0xbb,0xcc,0xbe,
0xab,0xbb,0xfc,0xff,0xff,0xff,0xac,0xba,0xcb,0xde,0xff,0xcd,0xbb,0xfc,0xff,0xee,0xb8,0xba,0xaa,0xaa,0xfd,0xef,0xb8,0xab,0xba,0xbb,0xbb,0xbb,0xfe,0xdf,0xac,0xaa,
0xaa,0xbb,0xbb,0xab,0xaa,0x01,0x00,0x00,0x00,0x00,0x00,0x00,0x00,0x00,0xaa,0xaa,0xaa,0xaa,0xbb,0xbc,0xda,0xde,0xbe,0xbb,0xcb,0xcf,0xaa,0xba,0xdb,0xfe,0xfe,0xff,
0xab,0xaa,0xba,0xec,0xfc,0xdf,0xaa,0xff,0xef,0xed,0xb8,0xbb,0xcb,0xec,0xff,0xef,0xbb,0xab,0xaa,0xba,0xbb,0xcb,0xef,0xab,0xaa,0x6a,0xa6,0xaa,0xaa,0xaa,0x7a,0x00,
0x00,0x00,0x00,0x00,0x00,0x00,0x00,0x00,0xa1,0xaa,0xaa,0xaa,0xbb,0x6a,0xb6,0xcb,0xcf,0xbb,0xbb,0xce,0xaa,0xba,0x6b,0xec,0xee,0xff,0xac,0xaa,0xbb,0xdb,0xeb,0xef,
0xcc,0xff,0xff,0xde,0xcd,0xee,0xfe,0xff,0xfe,0xdf,0xab,0xbb,0xbb,0xba,0xbc,0xfc,0xcf,0xbb,0xab,0xaa,0xaa,0xa6,0xa6,0xaa,0x1a,0x00,0x00,0x00,0x00,0x00,0x00,0x00,
0x00,0x00,0xa0,0xaa,0xaa,0xaa,0xaa,0xaa,0xba,0xbb,0xfc,0xbc,0xcb,0xec,0xaa,0xcb,0x6a,0xfa,0xff,0xff,0xbd,0xaa,0xbb,0xdb,0xeb,0xef,0xff,0xff,0xef,0xff,0xff,0xef,
0xee,0xee,0xef,0xbd,0xab,0xba,0xbb,0xfc,0xee,0xff,0xbd,0xbb,0xdb,0xac,0xaa,0xa6,0xaa,0xaa,0x0a,0x00,0x00,0x00,0x00,0x00,0x00,0x00,0x00,0x00,0x60,0xaa,0xaa,0xba,
0xbb,0xbb,0xcb,0xcd,0xdb,0xee,0xff,0xff,0xac,0xbb,0x66,0xe6,0xff,0xff,0xcf,0xba,0xbb,0xdb,0xfb,0xff,0xff,0xff,0xff,0xff,0xef,0xef,0xff,0xfe,0x8e,0xaa,0xbb,0xbb,
0xbb,0xfe,0xff,0xff,0xcd,0xfc,0xce,0xbb,0xbb,0xbb,0xaa,0xaa,0x0a,0x00,0x00,0x00,0x00,0x00,0x00,0x00,0x00,0x00,0x10,0xaa,0xba,0xbb,0xbb,0xbb,0xbb,0xdb,0xdc,0xce,
0x63,0xfc,0xcf,0xaa,0x66,0xaa,0xfe,0xff,0xff,0xbd,0xbb,0xdc,0xea,0xff,0xff,0xef,0xff,0xff,0xef,0xff,0xff,0xff,0x9e,0xab,0xaa,0xbb,0xeb,0xff,0xbc,0xcb,0xec,0xee,
0xeb,0xde,0xcc,0xbb,0xaa,0xaa,0x0a,0x00,0x00,0x00,0x00,0x00,0x00,0x00,0x00,0x00,0x10,0xaa,0xaa,0xaa,0xbb,0xab,0xaa,0xba,0xcb,0x3a,0x63,0xb6,0xef,0x6a,0x66,0xba,
0xff,0xff,0xee,0xee,0xab,0xec,0xa3,0xff,0xef,0xee,0xff,0xff,0xee,0xff,0xff,0xff,0xef,0x8d,0xdb,0xcc,0xfe,0xcf,0xaa,0xaa,0xbb,0xca,0xbc,0xbc,0xbc,0xba,0xaa,0xaa,
0x0a,0x00,0x00,0x00,0x00,0x00,0x00,0x00,0x00,0x00,0x00,0xa6,0xaa,0xaa,0xba,0xaa,0xaa,0xbb,0xbb,0x3a,0x66,0xaa,0xfc,0xad,0xeb,0xee,0xfe,0xef,0xee,0xee,0xef,0xff,
0x66,0xff,0xef,0xfe,0xee,0xee,0xff,0xef,0xcb,0xfd,0xff,0xee,0xfd,0xee,0xff,0xaf,0x66,0xa6,0xaa,0xaa,0xbb,0xbb,0xab,0xba,0xaa,0xaa,0x0a,0x00,0x00,0x00,0x00,0x00,
0x00,0x00,0x00,0x00,0x10,0xa6,0xaa,0xaa,0xaa,0xaa,0xaa,0xbb,0xa6,0x66,0x66,0xaa,0xe6,0xef,0xfe,0xff,0xff,0xff,0xef,0xed,0xee,0xef,0x66,0xff,0xff,0xef,0xfe,0xff,
0xef,0xad,0xaa,0xca,0xff,0xff,0xff,0xef,0xcc,0xfe,0xa8,0xdc,0xbc,0xaa,0xaa,0xaa,0xab,0xaa,0xaa,0xaa,0x0a,0x00,0x00,0x00,0x00,0x00,0x00,0x00,0x00,0x00,0x60,0x66,
0xaa,0xaa,0xaa,0xaa,0xba,0x3a,0x63,0x66,0xa6,0xac,0xfd,0xff,0xdf,0xcc,0xff,0xff,0xff,0xef,0xed,0xee,0x83,0xff,0xff,0xee,0xff,0xde,0xbe,0xab,0xaa,0xaa,0xfb,0xeb,
0xff,0xaa,0xa6,0xba,0xee,0x6c,0x63,0xaa,0xaa,0xaa,0xaa,0xaa,0xaa,0xaa,0x16,0x00,0x00,0x00,0x00,0x00,0x00,0x00,0x00,0x00,0x60,0xa6,0xaa,0xaa,0xaa,0xaa,0xba,0x36,
0x66,0xa6,0xaa,0xd6,0x6a,0xfb,0x6b,0xa6,0xba,0xfd,0xff,0xff,0xee,0xfe,0xf6,0xff,0xff,0xee,0xee,0xcf,0xbd,0xac,0xaa,0xaa,0xdc,0x66,0xa6,0x6a,0x66,0xaa,0xaa,0xad,
0x36,0x66,0xba,0xbb,0xaa,0xaa,0xaa,0xaa,0x6a,0x00,0x00,0x00,0x00,0x00,0x00,0x00,0x00,0x00,0x61,0x66,0xaa,0xaa,0xaa,0xaa,0xaa,0x3a,0xa6,0x66,0xaa,0xa6,0xa6,0xca,
0xaa,0xaa,0xaa,0xba,0xee,0xff,0xef,0xfe,0xfd,0xff,0xff,0xee,0xde,0xad,0xbc,0xab,0xaa,0xaa,0xbe,0x66,0x63,0xa6,0xaa,0xaa,0xaa,0xca,0xab,0xa3,0x66,0xba,0xaa,0xaa,
0xaa,0xaa,0x6a,0x03,0x00,0x00,0x00,0x00,0x00,0x00,0x00,0x00,0x66,0xa6,0xaa,0xaa,0xaa,0xaa,0x6a,0x63,0xa6,0xaa,0xaa,0xaa,0xaa,0xba,0xaa,0xaa,0xa6,0xaa,0xca,0xef,
0xff,0xff,0xff,0xff,0xff,0xde,0xdd,0xa6,0xbb,0xab,0xaa,0xaa,0xbe,0x66,0x66,0xab,0xbb,0xbc,0xaa,0xaa,0xaa,0x6a,0x66,0xa3,0xaa,0x6a,0xaa,0xaa,0xaa,0x16,0x00,0x00,
0x00,0x00,0x00,0x00,0x00,0x60,0x66,0xa6,0xaa,0xaa,0x66,0x36,0x63,0x66,0x66,0xaa,0xaa,0xaa,0xaa,0xaa,0xaa,0xaa,0x66,0xaa,0xaa,0xed,0xff,0xff,0xff,0xff,0xff,0xde,
0x78,0x63,0xab,0x66,0x63,0xaa,0x8e,0xdc,0xca,0xce,0xac,0xaa,0xaa,0xaa,0xaa,0xaa,0x6a,0x36,0xaa,0x33,0xa6,0xaa,0xaa,0x66,0x00,0x00,0x00,0x00,0x00,0x00,0x00,0x63,
0x66,0xa6,0xaa,0xaa,0xaa,0xaa,0xa6,0xaa,0xaa,0xaa,0xaa,0xaa,0xaa,0xaa,0xaa,0xaa,0xaa,0xaa,0xaa,0xca,0xee,0xff,0xef,0xee,0xfe,0xed,0xa9,0x63,0x6a,0x66,0x33,0xb6,
0xff,0xcd,0xce,0xda,0xab,0xaa,0xaa,0xaa,0xaa,0xaa,0xaa,0xaa,0x6a,0x36,0x63,0xa3,0xaa,0x6a,0x16,0x00,0x00,0x00,0x00,0x00,0x60,0x66,0x66,0xa6,0xaa,0xa8,0xaa,0xaa,
0xaa,0xaa,0xaa,0xaa,0xaa,0xaa,0xaa,0xaa,0xaa,0xaa,0xaa,0xaa,0xaa,0xca,0xfe,0xff,0xff,0xef,0xee,0xf9,0x6d,0x36,0x63,0x66,0x36,0xe6,0xae,0x63,0xaa,0xab,0xaa,0xba,
0xaa,0xaa,0xaa,0xaa,0xaa,0xaa,0xaa,0xaa,0x66,0x66,0x63,0x66,0x66,0x16,0x00,0x00,0x00,0x30,0x66,0x66,0x66,0xa6,0x3a,0x8d,0xaa,0xaa,0xaa,0xaa,0xaa,0xaa,0xaa,0xaa,
0xaa,0xaa,0xaa,0xaa,0xaa,0xca,0xaa,0xaa,0xeb,0xef,0xff,0xef,0xed,0xdd,0x6a,0x66,0x76,0x76,0x36,0xfc,0x3a,0x33,0xda,0xaa,0xdb,0xbd,0xaa,0xaa,0xaa,0xaa,0xaa,0xaa,
0xaa,0xaa,0xaa,0xaa,0xaa,0xaa,0x66,0x66,0x66,0x66,0x66,0x66,0x66,0x66,0x66,0x66,0x76,0xdd,0xaa,0xaa,0xaa,0xaa,0xaa,0xaa,0xaa,0xaa,0xaa,0xaa,0xaa,0xaa,0xaa,0xca,
0xaa,0xaa,0xca,0xfe,0xff,0xde,0xed,0xc9,0x66,0x66,0x66,0x6d,0x73,0xef,0x8c,0x63,0xee,0xed,0xbd,0xaa,0xaa,0xaa,0xaa,0xaa,0xaa,0xaa,0xaa,0xaa,0xaa,0xaa,0xaa,0xaa,
0xa6,0x66,0x66,0x66,0x66,0x66,0x66,0x66,0xa6,0x66,0xc6,0xdd,0xa7,0xaa,0xaa,0xaa,0x6a,0xa6,0xaa,0xaa,0xaa,0xaa,0xba,0xaa,0xab,0xec,0xab,0xaa,0xaa,0xed,0xef,0x8e,
0xd8,0xa9,0x66,0x66,0x66,0xad,0xed,0xef,0xdc,0xee,0x6c,0xb6,0xaa,0xaa,0x66,0x33,0xa3,0xaa,0xaa,0xaa,0xaa,0xaa,0xaa,0xaa,0xaa,0xaa,0xaa,0x66,0x66,0x66,0x66,0x66,
0x66,0xa6,0x66,0xaa,0xc7,0xcd,0xa8,0x66,0x63,0xaa,0x36,0x63,0xa6,0xaa,0xaa,0xaa,0xba,0xad,0xac,0xca,0xac,0xaa,0xaa,0xdd,0xef,0xdd,0xe8,0x68,0x66,0x66,0x66,0xfb,
0xdf,0x6b,0x36,0xda,0x6a,0xa6,0x36,0xaa,0x66,0x36,0x63,0xaa,0xaa,0xaa,0xaa,0xaa,0xaa,0xaa,0xaa,0xaa,0xaa,0x6a,0x66,0x66,0xa6,0x6a,0x66,0xaa,0xaa,0xaa,0xdd,0xdd,
0x7d,0x66,0x66,0x46,0x67,0x66,0x6a,0xaa,0xaa,0xaa,0xaa,0xca,0xce,0xba,0xae,0x6a,0x66,0xd6,0xee,0xed,0xd8,0xad,0xaa,0x66,0x66,0xfd,0x6e,0x66,0x66,0x66,0xbb,0x36,
0x33,0x63,0x66,0x66,0x63,0xaa,0x3a,0x33,0xa6,0xaa,0xaa,0xaa,0xaa,0xaa,0xaa,0x6a,0x66,0xaa,0xaa,0xaa,0x66,0xa3,0xaa,0xb7,0xdd,0xcd,0x8d,0x66,0xaa,0xd7,0x6d,0xaa,
0xaa,0xaa,0xaa,0xaa,0xaa,0xaa,0xda,0xbc,0xad,0x66,0x66,0xc6,0xde,0xde,0xd8,0xee,0xdc,0xbd,0xeb,0xff,0x6a,0x66,0x36,0x63,0xa6,0x36,0x36,0x63,0x66,0x66,0x63,0x63,
0x33,0x13,0xa3,0xaa,0xaa,0xaa,0xaa,0xaa,0xaa,0xaa,0xaa,0xaa,0xaa,0xaa,0x6a,0x66,0x66,0x87,0xcd,0xcd,0xdd,0xa6,0x66,0xd8,0x7d,0xaa,0xaa,0xaa,0xaa,0xab,0xaa,0xaa,
0xaa,0xec,0xbf,0xb6,0x6a,0x66,0xde,0xdf,0xfe,0xde,0xee,0xee,0xfe,0xef,0x66,0xba,0xa6,0x3b,0x33,0x63,0x66,0x66,0x66,0x66,0x36,0x33,0x33,0x33,0xa1,0xaa,0xaa,0xaa,
0xaa,0xaa,0xaa,0x6a,0xa6,0x6a,0x6a,0x63,0x6a,0x66,0x66,0xdc,0xbd,0xcd,0x88,0x66,0x76,0xcc,0xdd,0x6a,0x66,0x66,0x7a,0xbd,0x66,0xaa,0xaa,0xa6,0xfd,0xee,0x8d,0x63,
0xdd,0xdf,0xff,0xff,0xff,0xff,0xdf,0xc6,0xce,0x37,0xcb,0x8d,0x33,0x66,0x66,0x66,0x66,0x66,0x66,0x66,0x36,0x33,0x61,0x36,0xa3,0x6a,0xa6,0xaa,0xaa,0xaa,0x6a,0x33,
0x33,0x33,0x66,0x6a,0x66,0xdc,0xdd,0xcd,0x8c,0x36,0xdd,0xdc,0xdd,0x68,0x66,0x66,0xcb,0x8d,0x66,0xc6,0xcc,0xbb,0xfe,0xc8,0xef,0xed,0xe8,0xef,0xff,0xef,0x6a,0xfc,
0x6c,0x66,0x76,0x67,0xdc,0x8c,0x37,0x63,0x66,0x63,0x66,0x66,0x66,0x66,0x36,0x33,0x31,0x33,0x31,0x66,0x66,0x66,0xaa,0xaa,0xaa,0x66,0x66,0x66,0x33,0x33,0x63,0xdb,
0xdd,0x8c,0x88,0x47,0xdd,0xdc,0xc8,0x7c,0x66,0x66,0xdc,0xcc,0x67,0x66,0xa6,0xcd,0x6a,0x33,0xf7,0xee,0xf8,0xff,0xff,0xae,0x66,0xe6,0x6a,0x66,0x36,0xa3,0xdc,0x8c,
0x38,0x33,0x33,0x33,0x66,0x66,0x66,0x66,0x66,0x33,0x33,0x33,0x01,0x63,0x66,0x66,0x66,0x66,0x66,0x66,0xaa,0x6a,0x63,0x66,0x33,0xcc,0xdc,0xcd,0xcc,0xdd,0xcc,0xcc,
0xcc,0xcd,0x66,0xb6,0xdd,0xdd,0x67,0x66,0xc6,0x6a,0x33,0x33,0xc3,0xfe,0xed,0xff,0x6e,0xa6,0x66,0xd6,0x67,0x66,0x66,0xb6,0xdc,0x8c,0x78,0x66,0x33,0x63,0x36,0x33,
0x66,0x66,0x66,0x66,0x36,0x33,0x13,0x66,0x66,0x36,0x63,0x66,0x66,0x66,0x66,0x66,0x66,0x66,0xb6,0xdd,0xcd,0x8d,0x88,0xdd,0xcc,0xcc,0xbd,0xcd,0x68,0x76,0xcd,0xcc,
0x68,0x66,0x36,0x63,0x36,0x33,0x33,0xfd,0xff,0xde,0x6a,0xcc,0x67,0xb6,0xa6,0x66,0xb6,0xb7,0xdc,0x8d,0x78,0x63,0x63,0xa6,0x6a,0x33,0x33,0xa6,0x36,0x63,0x66,0x33,
0x31,0x66,0x63,0x33,0x11,0x66,0x66,0x66,0x66,0x66,0x66,0x66,0xa6,0xcd,0xcc,0x8d,0x8c,0xcd,0xcc,0xcc,0x3d,0xcc,0x7c,0xd3,0xdd,0x8c,0x68,0x33,0x33,0x33,0x33,0x33,
0x33,0x67,0xfe,0x8e,0xa6,0xbc,0x77,0x66,0xab,0x66,0xc6,0xdb,0xdd,0x8c,0x78,0x66,0x66,0x66,0x66,0x36,0x66,0xbb,0x3a,0x33,0x66,0x36,0x13,0x31,0x33,0x33,0x33,0x63,
0x33,0x66,0x66,0x66,0x66,0x66,0x66,0xcc,0xcd,0xcd,0x8d,0xcc,0x2c,0xc7,0x8c,0xcc,0xcc,0xd6,0xdd,0xcc,0x3d,0x33,0x33,0x33,0x33,0xa3,0x33,0x38,0xdd,0xa9,0xb6,0xcc,
0x67,0xa6,0xab,0x6a,0xc3,0xdc,0xdd,0x8c,0x78,0x66,0x66,0x66,0x66,0x66,0xaa,0xaa,0x6a,0x36,0x33,0x33,0x33,0x33,0x33,0x33,0x33,0x31,0x13,0x63,0x36,0x66,0x66,0x66,
0x63,0xdc,0xdd,0xcd,0xcd,0xcd,0x38,0x81,0xcc,0x88,0xdc,0xcc,0x8c,0xcc,0x3d,0x33,0x33,0x33,0x33,0xc6,0x37,0x36,0x88,0x68,0xcb,0x8c,0x77,0xba,0xab,0xaa,0xc6,0xcd,
0xdc,0xc8,0x88,0x33,0x66,0xc3,0x67,0x66,0x66,0xaa,0xaa,0x66,0x33,0x33,0x33,0x33,0x33,0x33,0x33,0x33,0x33,0x63,0x31,0x63,0x66,0x33,0x33,0xdc,0xdc,0x8d,0x8c,0xcd,
0x37,0x70,0xcd,0xc8,0xcc,0xcc,0xdd,0xdd,0x6c,0x33,0x33,0x33,0x33,0xda,0x3c,0x33,0x8d,0x67,0xcc,0xcc,0x78,0xaa,0xaa,0xaa,0xc7,0xdd,0xdd,0x7c,0xc7,0x33,0x33,0xc6,
0x68,0x66,0x66,0x66,0xa6,0x66,0x66,0x33,0x33,0x33,0x33,0x33,0x36,0x33,0x33,0x33,0x33,0x33,0x33,0x33,0x33,0xdc,0xc8,0x8d,0x8c,0xdd,0x31,0x20,0xcd,0xcc,0xcc,0xdc,
0xce,0xcc,0x6c,0x33,0x33,0x33,0x33,0xdc,0x8c,0x33,0x89,0x33,0xcc,0xcc,0x77,0x66,0xa6,0xba,0xc6,0xdd,0xcd,0x78,0x77,0x33,0x63,0xc7,0x68,0x66,0x66,0x66,0xa3,0x6a,
0xa6,0x33,0x33,0x33,0x33,0x33,0x33,0x33,0x33,0x33,0x33,0x33,0x33,0x33,0x33,0xdc,0xc6,0x8d,0x8c,0x8c,0x30,0x01,0xcc,0xcc,0x83,0xdc,0xcd,0xc8,0x3c,0x33,0x33,0x33,
0x33,0xcc,0xcc,0x33,0x78,0x33,0xca,0x8c,0x88,0x66,0x63,0xca,0xcb,0xcc,0xcc,0x78,0x77,0x33,0xa6,0xcc,0x68,0x33,0x66,0x66,0x63,0x66,0x66,0x36,0x33,0x33,0x33,0x33,
0x33,0x33,0x33,0x8c,0x33,0x33,0x33,0x33,0x33,0xdc,0xc1,0x8d,0xcc,0x8d,0x30,0x00,0xcc,0x6c,0x73,0xcc,0xcd,0xdc,0x3c,0x33,0x66,0x63,0x33,0xcc,0x88,0x36,0xc9,0x33,
0x88,0x8c,0x77,0x36,0x33,0xc6,0xdc,0xcc,0xcc,0x78,0x77,0x67,0x63,0xcc,0x67,0x33,0x33,0x3a,0x36,0x33,0x63,0x66,0x33,0x66,0x33,0x33,0x33,0x33,0x73,0x8d,0x33,0x33,
0x33,0x33,0x33,0xdc,0xc0,0x8d,0x8c,0x8c,0x30,0x00,0xc8,0x3c,0x13,0xc8,0xcd,0xcc,0x3c,0x33,0x66,0xb6,0xc6,0xcc,0xcc,0x37,0x7d,0x73,0x78,0x88,0x87,0x33,0x33,0xb3,
0xdc,0xcc,0xcc,0x78,0x78,0xab,0x33,0xbc,0x77,0x33,0xd3,0x8d,0x33,0x33,0x33,0x63,0x66,0x66,0x36,0x33,0x33,0x33,0xb3,0x8d,0x33,0x33,0x33,0x38,0x33,0xdc,0xc8,0x8d,
0x8c,0x8d,0x30,0x00,0xc8,0x3c,0x13,0xc8,0xcd,0xcc,0x6c,0x33,0x33,0xb6,0x7a,0xcc,0xcc,0x33,0x78,0x77,0x76,0x78,0x77,0x33,0x33,0x73,0xcc,0xcc,0xcc,0x78,0x78,0xbb,
0x67,0xbc,0x67,0x33,0xe8,0x8d,0x37,0x33,0x33,0x33,0x33,0x66,0x36,0x33,0x33,0x33,0xc3,0x8d,0x3c,0x33,0x73,0x7c,0x63,0xcd,0xdc,0x8d,0x88,0x8c,0x30,0x00,0xc8,0x1c,
0x03,0xc8,0xbc,0xc8,0x3c,0x33,0x33,0xba,0x7b,0xcc,0x88,0x33,0x66,0x77,0x66,0x77,0x76,0x86,0x33,0x63,0xcc,0xcc,0xcc,0x78,0x77,0xb7,0xba,0xbb,0x77,0x33,0xe8,0x8e,
0x36,0x33,0x33,0x33,0x33,0x33,0x33,0x63,0x63,0x33,0xc1,0x8d,0x7c,0x31,0x73,0x7c,0x63,0xcd,0xdc,0x8d,0x88,0x8c,0x30,0x00,0x88,0x38,0x03,0xc8,0xcc,0xc8,0x3c,0x33,
0x33,0xaa,0x7a,0x88,0x88,0x33,0x63,0x77,0x66,0x37,0x73,0xd8,0x36,0x73,0xbc,0xbc,0xcc,0x87,0x77,0xa8,0xb7,0x8b,0x77,0x76,0xee,0x8d,0x33,0x33,0x33,0x33,0x33,0x33,
0x33,0x33,0x33,0x33,0xd3,0xcc,0x78,0x11,0x71,0x7c,0x63,0xcd,0xdc,0x7d,0x88,0x8c,0x10,0x00,0x88,0x08,0x03,0xc8,0xcc,0xcc,0x3c,0x33,0x33,0x66,0x77,0x8c,0x88,0x36,
0x33,0x63,0x63,0x37,0xc3,0x7d,0x66,0xb7,0xbb,0xbc,0xcb,0x77,0x37,0x77,0x7a,0x7a,0x77,0xd7,0xee,0x88,0x31,0x63,0x33,0x33,0x33,0x33,0x33,0x33,0x33,0x33,0xc3,0x8b,
0x7c,0x33,0x73,0x8c,0x71,0x8d,0xcc,0x7c,0x88,0xcc,0x12,0x10,0x8d,0x08,0x03,0xc7,0xdd,0xc8,0x8d,0x33,0x33,0x66,0x77,0xcc,0xcc,0x6b,0x33,0x33,0x33,0x7c,0xe3,0x7d,
0x66,0x77,0xbb,0xbb,0x88,0x77,0x37,0x67,0x67,0x77,0x76,0xe7,0xde,0x8d,0x37,0x63,0x33,0x33,0x33,0x33,0x33,0x33,0x33,0x33,0xc3,0xcc,0x7c,0x31,0x83,0xcc,0x8c,0xcc,
0xcc,0x8d,0x88,0xc8,0x88,0x8c,0xcc,0x18,0x01,0xc7,0xcd,0xc8,0x8c,0x33,0x13,0x76,0xb7,0xcb,0xc8,0x68,0x33,0x33,0x33,0xcd,0xed,0x36,0x63,0x77,0x87,0x7b,0xc7,0x78,
0x77,0x37,0x66,0x67,0x66,0xdd,0xed,0xd8,0x68,0x66,0x33,0x33,0x33,0x73,0x37,0x33,0x33,0x33,0xc3,0xcc,0x7c,0x83,0xcc,0xcc,0xcd,0xcc,0xcc,0x7d,0x88,0xd8,0x88,0x88,
0xdc,0x8c,0x78,0xc8,0x8d,0xc8,0x8c,0x33,0x13,0x66,0xb6,0xcb,0x88,0x68,0x13,0x33,0x33,0xe6,0x8d,0xd7,0x38,0x77,0x77,0x77,0x87,0x77,0x77,0x37,0x63,0x76,0x37,0xef,
0xdd,0x88,0x68,0x36,0x36,0x33,0x33,0xb3,0x37,0x33,0x33,0x33,0xc6,0xcc,0xcc,0xcc,0xcc,0xcc,0xcd,0xcc,0xcc,0x7d,0x88,0xc8,0xcc,0xcc,0xcc,0x8c,0x88,0x88,0xcd,0x88,
0x88,0x33,0x33,0x66,0xb6,0xbc,0x88,0x38,0x11,0x81,0x36,0xf3,0xde,0xce,0x73,0x77,0x77,0x77,0x87,0x77,0x77,0x67,0x33,0xd3,0x8e,0xee,0x8e,0x2f,0x31,0x33,0x33,0x36,
0x01,0xb7,0x77,0x31,0xc3,0x37,0xcb,0xcc,0xcd,0xcc,0xcc,0xcc,0xcc,0xcc,0xcc,0x7d,0x88,0x88,0x8c,0x88,0xc8,0xcc,0x8c,0x88,0xcd,0xc8,0xcc,0x38,0x61,0x36,0x73,0x88,
0x88,0x88,0x11,0x81,0x3e,0xf7,0x8f,0x33,0x31,0x36,0x37,0x33,0x77,0x77,0x77,0x66,0x33,0xe8,0xee,0xed,0x8d,0xed,0x67,0x33,0x33,0x36,0x13,0xb7,0x67,0x33,0xc7,0x37,
0xca,0xcc,0xcc,0xcc,0x8c,0xcc,0xcc,0xcc,0xcc,0x7c,0x88,0xc8,0xc8,0xcc,0x88,0x88,0x88,0xc7,0xcd,0x87,0x88,0x67,0x76,0x36,0x73,0x88,0x88,0x88,0x11,0x71,0x8e,0xed,
0x1d,0x11,0x11,0x33,0x33,0x33,0x77,0x63,0x66,0x36,0x33,0xdc,0xde,0xfd,0x88,0x88,0x33,0x33,0x33,0x33,0x33,0xb7,0x67,0x33,0xcb,0x38,0xc7,0xcc,0xcc,0x8c,0x88,0xcc,
0xcc,0xdc,0xcc,0x8c,0x88,0x88,0xc8,0xdc,0x88,0x78,0x88,0x88,0xcc,0x87,0x78,0x37,0x63,0x76,0x77,0x77,0x77,0x78,0x31,0x31,0xde,0xdf,0x17,0xd3,0x11,0x11,0x63,0x63,
0x76,0x36,0x36,0x33,0x33,0xd7,0xee,0xed,0x78,0x78,0x33,0x13,0x33,0x33,0x33,0xb7,0x77,0x36,0xcb,0xb8,0xcb,0xcc,0xcc,0x38,0x81,0xcb,0xcb,0xcc,0xc7,0x8c,0x78,0x87,
0x3c,0xc7,0x8c,0x88,0x88,0x78,0x8c,0x88,0x77,0x36,0x33,0x63,0x66,0x77,0x77,0x77,0xde,0x18,0xf7,0xed,0xc8,0xdf,0x79,0x11,0x33,0x33,0x66,0x13,0x31,0x13,0x33,0xd8,
0xee,0xcd,0xd8,0x78,0x33,0x33,0x31,0x66,0x33,0xa7,0x67,0x66,0xcb,0xcc,0xcc,0xcc,0xcc,0x17,0x80,0x8c,0xcb,0xcc,0xc3,0x8c,0x87,0x88,0x18,0x81,0x8c,0x88,0x73,0x78,
0x88,0x77,0x52,0x8e,0x37,0x33,0x33,0x77,0x67,0x76,0xef,0x1d,0xfd,0xfe,0x7f,0xe8,0x81,0x11,0x11,0x33,0x33,0x13,0x11,0x11,0x11,0xd7,0xde,0xdd,0x98,0x78,0x11,0x11,
0x11,0x66,0x63,0x77,0x76,0x66,0x8b,0xcc,0xbc,0x88,0xcc,0x07,0x71,0x88,0x88,0x88,0xc1,0x7c,0x77,0x88,0x37,0x83,0x8c,0x88,0x31,0x77,0x88,0x77,0xd9,0xee,0x8d,0x33,
0x63,0x33,0x33,0x33,0xdd,0x7e,0xee,0xde,0x01,0x11,0x11,0x11,0x11,0x31,0x11,0x31,0x11,0x11,0x01,0xd7,0xdd,0x9d,0x48,0x18,0x11,0x01,0x00,0x33,0x61,0x77,0xa6,0x36,
0x88,0xbc,0x8b,0x88,0x88,0x37,0x73,0x88,0x88,0x88,0x81,0x78,0x77,0x87,0x37,0x73,0x88,0x88,0x13,0x77,0x77,0x77,0xd9,0xf9,0xee,0x33,0x33,0x33,0x33,0x13,0x77,0xee,
0xdf,0x1d,0x81,0x17,0x11,0x11,0x11,0x11,0x11,0x11,0x01,0x10,0x00,0xd7,0x8d,0xcd,0x48,0x18,0x00,0x11,0x00,0x33,0x61,0x36,0x73,0x36,0x87,0x88,0x78,0x87,0x78,0x36,
0x73,0x77,0x77,0x88,0x83,0x78,0x77,0x87,0x37,0x73,0x78,0x77,0x13,0x73,0x77,0x73,0x9d,0xe9,0xef,0x33,0x33,0x11,0x13,0x11,0xf8,0xfe,0xff,0xde,0xed,0x8d,0x00,0x11,
0x11,0x11,0x70,0x03,0x00,0x81,0x17,0xc7,0x8d,0x8c,0x48,0x18,0x00,0x00,0x10,0x33,0x33,0x33,0x63,0x77,0x77,0x78,0x78,0x76,0x77,0x33,0x73,0x77,0x87,0x88,0x88,0x88,
0x77,0x77,0x37,0x63,0x78,0x77,0x13,0x73,0x37,0x13,0x94,0xee,0xee,0x13,0x13,0x71,0x1c,0x11,0xfe,0xff,0xff,0xef,0xdc,0x31,0x00,0x81,0x4d,0x14,0x71,0x11,0x10,0xd1,
0x78,0xce,0xdd,0xcc,0x88,0x37,0x00,0x11,0x31,0x33,0x33,0x33,0x73,0x77,0x77,0x77,0x36,0x63,0x76,0x03,0x30,0x76,0x77,0x77,0x88,0x67,0x77,0x77,0x36,0x33,0x77,0x66,
0x11,0x33,0x33,0x11,0xe4,0xe9,0xde,0x11,0x7c,0xd3,0x8c,0x31,0xe9,0xff,0xff,0xcd,0xd8,0x13,0x10,0xed,0xde,0x24,0x42,0x03,0x00,0xc3,0x78,0xcd,0xdd,0xcd,0x87,0x77,
0x11,0x73,0x11,0x11,0x31,0x63,0x66,0x77,0x77,0x37,0x33,0x33,0x33,0x01,0x31,0x77,0x78,0x77,0x77,0x77,0x77,0x76,0x33,0x31,0x37,0x33,0x00,0x33,0x33,0x11,0x84,0xd9,
0xdd,0x11,0xd8,0xd7,0x8e,0xe7,0x8d,0xff,0xff,0xdf,0x8d,0xdc,0x81,0xee,0xfe,0x58,0x48,0x01,0x01,0xc3,0xdc,0xcd,0xdd,0x8c,0x88,0x78,0x31,0xdd,0x28,0x11,0x31,0x31,
0x31,0x33,0x33,0x33,0x11,0x33,0x33,0x31,0x76,0x77,0x77,0x77,0x77,0x37,0x33,0x63,0x33,0x31,0x33,0x13,0x00,0x31,0x33,0x11,0x84,0xe9,0xdd,0x71,0xd8,0xd8,0x7d,0xce,
0x87,0xfe,0xff,0xfd,0xde,0xde,0xe7,0xfe,0xfe,0x8e,0x88,0x19,0x06,0xc7,0xdc,0xcd,0xcc,0x8d,0x88,0x88,0x30,0xdd,0x88,0x00,0x10,0x11,0x11,0x31,0x13,0x11,0x11,0x63,
0x63,0x33,0x66,0x77,0x76,0x36,0x33,0x77,0x33,0x63,0x13,0x11,0x33,0x31,0x11,0x11,0x13,0x00,0x98,0xe9,0xdd,0xc7,0xec,0xdc,0xde,0xcd,0x8d,0xf8,0xef,0xef,0xfe,0xdd,
0xed,0xee,0xfe,0x8f,0x88,0x18,0x1b,0xc8,0xdd,0xbb,0xdc,0xcc,0xc8,0x88,0x10,0xdd,0x82,0x00,0x00,0x00,0x00,0x11,0x01,0x00,0x31,0x33,0x33,0x33,0x33,0x33,0x33,0x13,
0x31,0x33,0x17,0x33,0x33,0x11,0x11,0x11,0x01,0x00,0x01,0x00,0x88,0xdd,0xdd,0x81,0xdd,0xef,0xfe,0xde,0xe8,0x8d,0xde,0xef,0xef,0xee,0xee,0xfe,0xfe,0xef,0x98,0x78,
0x6b,0xdc,0xdd,0xdc,0xdd,0xdd,0xd7,0xd7,0x73,0xcc,0x72,0x00,0x00,0x00,0x11,0x00,0x00,0x10,0x11,0x33,0x11,0x31,0x33,0x13,0x13,0x01,0x31,0x33,0x33,0x33,0x33,0x11,
0x11,0x00,0x00,0x00,0x00,0x80,0x89,0xed,0xee,0xcc,0xee,0xef,0xee,0xee,0xe8,0xde,0x94,0x54,0xdd,0xee,0xee,0xee,0x8e,0xe9,0x48,0x8d,0xc8,0xcc,0xcb,0xdc,0x8d,0xcd,
0x87,0x78,0x87,0xcc,0x78,0x10,0x00,0x70,0x3c,0x01,0x00,0x00,0x00,0x11,0x11,0x11,0x11,0x11,0x01,0x11,0x33,0x31,0x33,0x11,0x01,0x00,0x00,0x00,0x00,0x00,0x00,0x80,
0xcd,0xed,0xee,0x8f,0xec,0xee,0xee,0x9e,0xdd,0xff,0x4d,0x9e,0x89,0xfe,0xee,0xee,0xee,0xde,0x88,0x99,0xb7,0x8b,0xcc,0x88,0x78,0xc7,0x87,0x8c,0xd7,0xcc,0x77,0x31,
0x00,0xc3,0x7c,0x07,0x00,0x00,0x00,0x00,0x00,0x00,0x01,0x10,0x00,0x11,0x11,0x11,0x11,0x00,0x00,0x10,0x01,0x00,0x10,0x11,0x11,0x81,0xcd,0xed,0xdd,0xde,0xec,0xee,
0x9d,0x99,0xee,0xfe,0x9f,0xdd,0xed,0xff,0xff,0xfe,0xfe,0xff,0x89,0x88,0x87,0x8b,0x88,0xc8,0xcc,0x88,0x7c,0xc8,0x8c,0x88,0x78,0x73,0x11,0xc8,0x8c,0x07,0x31,0x00,
0x00,0x10,0x18,0x00,0x00,0x00,0x00,0x00,0x00,0x00,0x00,0x00,0x00,0x10,0x18,0x00,0x31,0x31,0x11,0x91,0x8d,0xed,0xec,0xee,0xee,0x5e,0x55,0xfd,0xff,0xdd,0xef,0xed,
0xff,0xfd,0xff,0xff,0xff,0xff,0x8d,0x88,0xb7,0x48,0x77,0x88,0x88,0x88,0x88,0x87,0xcd,0x87,0x77,0x7c,0x66,0xcc,0x8c,0x38,0x33,0x11,0x01,0xb1,0x78,0x01,0x00,0x00,
0x00,0x00,0x00,0x00,0x00,0x10,0x00,0x00,0x99,0x00,0x39,0x81,0x88,0xe7,0x9d,0xed,0xdd,0xee,0xee,0xd5,0xd9,0xfe,0xff,0xdf,0xff,0xfd,0xef,0xe4,0xf9,0xff,0x5e,0x59,
0x8d,0x59,0xd9,0x75,0x87,0x87,0x18,0x77,0x73,0x77,0xdd,0xc8,0x88,0x78,0xc7,0xcc,0x87,0x77,0x77,0x33,0x11,0xb7,0x78,0x03,0x00,0x10,0x00,0x10,0x01,0x01,0x00,0x31,
0x01,0x01,0x98,0x81,0x18,0x81,0xd9,0xed,0xde,0x8e,0xed,0xed,0x9e,0xdd,0xd9,0xfe,0xff,0xff,0xff,0xfd,0xdf,0xdf,0xd8,0xff,0xee,0x28,0x22,0x8d,0xee,0x88,0x86,0xe8,
0x5e,0x32,0x77,0x77,0x77,0x87,0x88,0x77,0x78,0x88,0x87,0x78,0x68,0xb7,0x73,0x77,0x87,0x37,0x37,0x73,0x33,0x33,0x33,0x73,0x33,0x11,0x71,0x8d,0xf1,0xd1,0x81,0x77,
0xfd,0xed,0xde,0xce,0x2d,0x22,0x44,0xd4,0x8d,0xed,0xfd,0x8e,0x98,0x89,0x84,0xdf,0xef,0xff,0xef,0x5e,0x45,0xd4,0xdf,0x5d,0xd8,0xed,0x5d,0x75,0x83,0x36,0x67,0x63,
0x73,0x77,0x87,0x77,0x87,0x87,0x77,0x88,0x87,0x77,0x36,0x73,0x77,0x73,0x13,0x11,0x11,0x11,0x1d,0x31,0x71,0x81,0xd8,0xd8,0x98,0x55,0xd5,0xfe,0xff,0xef,0x95,0x52,
0xd2,0xfd,0xde,0xcd,0xee,0xdd,0x29,0x88,0x11,0xf4,0xed,0xef,0xee,0xee,0x89,0x98,0xfe,0xde,0xed,0xee,0xdd,0x45,0x33,0x33,0xc1,0x18,0x11,0x11,0x11,0x33,0x33,0x13,
0x13,0x13,0x11,0x71,0x77,0x17,0x11,0x31,0x11,0x11,0x11,0x11,0x79,0x0d,0x44,0xd7,0xdd,0xee,0xdd,0xd9,0xdc,0xee,0xff,0xef,0x98,0x9d,0xfe,0xef,0xdf,0xfe,0xd2,0xdd,
0xd8,0x24,0x94,0x94,0xed,0xef,0xde,0xee,0x88,0x88,0x9e,0xee,0x9e,0xdf,0x9e,0x99,0x79,0x17,0xe7,0x8e,0x18,0x81,0x11,0x11,0x11,0x73,0x11,0x73,0x17,0x11,0x11,0x13,
0x11,0x11,0x11,0x11,0x11,0x87,0xd8,0x77,0x52,0xd9,0xed,0xee,0x99,0xd5,0xfe,0xff,0xff,0x5f,0x98,0x89,0xfe,0xee,0xff,0xee,0x94,0xed,0x8d,0xee,0x94,0x58,0xef,0xdf,
0xee,0xfe,0xed,0x9d,0x8d,0xf9,0x9d,0xe9,0xfe,0xee,0x9d,0x78,0xee,0xdd,0x78,0x9e,0x22,0x01,0x11,0x11,0x13,0x11,0x11,0x00,0x00,0x00,0x11,0x01,0x00,0x04,0x00,0x41,
0xe8,0x48,0xd9,0xdd,0xff,0xef,0xdd,0xee,0xff,0x4f,0x84,0x8d,0xd8,0xe8,0xef,0xee,0xff,0xff,0x42,0xee,0xed,0xee,0x4d,0x22,0x89,0xe9,0xde,0xd9,0xff,0xd8,0xd9,0xf4,
0xdd,0x99,0xed,0xee,0xd9,0xd9,0xd9,0xfe,0x8d,0xec,0xde,0x42,0x10,0x12,0x00,0x00,0x01,0x00,0x10,0x10,0x10,0x14,0x40,0x28,0x91,0xd9,0xdd,0xd9,0xd9,0xee,0x2d,0x98,
0xfd,0xef,0xf9,0x44,0xe9,0x8e,0xed,0xfd,0xff,0xee,0xff,0x0e,0x54,0x99,0xf9,0xe9,0xee,0x44,0x55,0x99,0x99,0x99,0x99,0x59,0x59,0x55,0x99,0x55,0x55,0x55,0x99,0x95,
0x59,0x55,0x99,0x59,0x95,0x95,0x55,0x44,0x22,0x21,0x48,0x22,0x44,0x54,0x54,0x45,0x95,0x99,0x99,0x55,0x55,0x55,0x99,0x95,0xd9,0xde,0xde,0x9e,0x99,0x58,0xee,0xee,
0xe9,0xfe,0xff,0x9f,0xff,0x89,0x55,0x94,0x95,0x9f,0xff,0x49,0x5d,0x52,0x42,0x44,0x55,0x95,0x99,0x99,0x99,0x99,0x99,0x59,0x44,0x42,0x42,0x42,0x22,0x22,0x22,0x22,
0x22,0x22,0x12,0x21,0x22,0x22,0x42,0x22,0x55,0x55,0x55,0x55,0x45,0x55,0x55,0x55,0x55,0x95,0x55,0x55,0x95,0x55,0xe5,0xee,0x9e,0x49,0xe9,0xee,0xee,0xfd,0xe9,0x94,
0x59,0xd9,0x25,0x99,0xd9,0x9d,0xe9,0x95,0x55,0x25,0x42,0x55,0x44,0x44,0x22,0x22,0x22,0x44,0x54,0x45,0x42,0x22,0x22,0x22,0x22,0x22,0x44,0x24,0x22,0x11,0x11,0x22,
0x11,0x12,0x22,0x24,0x44,0x45,0x44,0x95,0x55,0x99,0x95,0x54,0x55,0x99,0x59,0x55,0x99,0x95,0x55,0xd9,0x99,0x99,0x59,0x95,0x95,0xd9,0x5d,0x99,0x59,0x25,0x55,0x55,
0x95,0x99,0x99,0x95,0x95,0x55,0x55,0x95,0x55,0x55,0x54,0x44,0x24,0x22,0x22,0x22,0x22,0x22,0x22,0x12,0x11,0x21,0x42,0x49,0x55,0x95,0x44,0x22,0x22,0x22,0x21,0x21,
0x22,0x22,0x22,0x54,0x44,0x44,0x44,0x54,0x54,0x95,0x99,0x59,0x55,0x45,0x55,0x54,0x55,0x55,0x99,0x99,0x9d,0x9d,0x99,0x95,0x99,0x55,0x55,0x55,0x95,0x99,0x45,0x22,
0x24,0x22,0x22,0x12,0x21,0x22,0x11,0x11,0x11,0x11,0x11,0x21,0x22,0x24,0x44,0x22,0x22,0x22,0x42,0x44,0x22,0x22,0x22,0x22,0x22,0x22,0x24,0x52,0x54,0x22,0x22,0x22,
0x55,0x99,0x59,0x44,0x22,0x42,0x55,0x55,0x99,0x95,0x99,0x99,0xed,0x95,0x55,0x45,0x44,0x42,0x45,0x55,0x55,0x45,0x44,0x55,0x45,0x55,0x55,0x54,0x55,0x44,0x55,0x25,
0x22,0x22,0x22,0x42,0x55,0x44,0x22,0x22,0x11,0x01,0x00,0x00,0x00,0x11,0x01,0x10,0x42,0x24,0x42,0x54,0x44,0x44,0x45,0x12,0x22,0x11,0x11,0x22,0x22,0x42,0x22,0x44,
0x24,0x22,0x44,0x55,0x99,0x99,0x99,0x99,0x99,0x24,0x44,0x24,0x22,0x22,0x22,0x42,0x25,0x25,0x99,0x95,0x55,0x45,0x42,0x42,0x42,0x55,0x44,0x55,0x22,0x22,0x42,0x14,
0x10,0x11,0x01,0x10,0x41,0x21,0x21,0x42,0x22,0x12,0x21,0x12,0x11,0x11,0x11,0x11,0x22,0x22,0x22,0x42,0x22,0x24,0x22,0x22,0x42,0x54,0x55,0x59,0x44,0x45,0x44,0x44,
0x44,0x44,0x55,0x59,0x99,0x55,0x55,0x55,0x95,0x99,0x99,0x95,0x59,0x54,0x52,0x24,0x42,0x22,0x22,0x22,0x11,0x22,0x24,0x12,0x11,0x21,0x11,0x21,0x22,0x22,0x22,0x11,
0x11,0x01,0x00,0x10,0x22,0x54,0x44,0x22,0x22,0x22,0x22,0x22,0x42,0x44,0x55,0x99,0xd9,0x59,0x55,0x24,0x22,0x22,0x22,0x22,0x22,0x44,0x22,0x42,0x44,0x44,0x55,0x95,
0x59,0x55,0x55,0x24,0x22,0x22,0x12,0x22,0x22,0x22,0x22,0x22,0x24,0x24,0x42,0x55,0x99,0x99,0x59,0x22,0x22,0x22,0x12,0x11,0x11,0x12,0x11,0x11,0x22,0x22,0x12,0x11,
0x21,0x22,0x42,0x24,0x22,0x22,0x22,0x22,0x22,0x22,0x44,0x44,0x54,0x44,0x54,0x24,0x42,0x54,0x55,0x95,0x59,0x95,0x95,0x99,0x9d,0x59,0x49,0x24,0x22,0x22,0x22,0x22,
0x22,0x22,0x21,0x22,0x22,0x22,0x42,0x11,0x11,0x21,0x21,0x12,0x01,0x11,0x11,0x11,0x21,0x22,0x22,0x12,0x11,0x52,0x22,0x22,0x22,0x22,0x11,0x11,0x11,0x21,0x44,0x12,
0x22,0x22,0x22,0x22,0x22,0x22,0x24,0x22,0x44,0x55,0x99,0x94,0x55,0x95,0x99,0xd9,0x24,0x22,0x22,0x44,0x54,0x55,0x94,0x49,0x24,0x44,0x44,0x24,0x52,0x44,0x42,0x22,
0x22,0x22,0x22,0x22,0x11,0x11,0x11,0x11,0x11,0x22,0x12,0x11,0x12,0x22,0x42,0x24,0x11,0x11,0x11,0x11,0x22,0x22,0x22,0x52,0x45,0x59,0x45,0x45,0x44,0x44,0x22,0x22,
0x22,0x22,0x45,0x44,0x55,0x95,0x54,0x45,0x54,0x45,0x22,0x22,0x22,0x22,0x22,0x42,0x44,0x44,0x55,0xd9,0x9d,0x99,0x44,0x22,0x22,0x22,0x22,0x22,0x22,0x22,0x22,0x22,
0x22,0x22,0x22,0x11,0x11,0x11,0x11,0x11,0x11,0x42,0x22,0x21,0x22,0x22,0x22,0x42,0x22,0x54,0x99,0x55,0x54,0x24,0x22,0x22,0x22,0x22,0x22,0x22,0x22,0x22,0x22,0x44,
0x52,0x45,0x22,0x22,0x44,0x22,0x22,0x44,0x44,0x22,0x22,0x44,0x55,0x24,0x22,0x22,0x52,0x44,0x55,0x24,0x22,0x22,0x22,0x44,0x22,0x24,0x22,0x22,0x22,0x22,0x22,0x11,
0x11,0x21,0x52,0x59,0x22,0x22,0x42,0x22,0x22,0x22,0x22,0x22,0x22,0x22,0x11,0x22,0x25,0x22,0x22,0x22,0x22,0x22,0x22,0x22,0x22,0x22,0x22,0x22,0x54,0x44,0x55,0x55,
0x55,0x44,0x24,0x44,0x44,0x22,0x22,0x22,0x22,0x22,0x22,0x22,0x22,0x42,0x99,0x54,0x94,0x59,0x55,0x22,0x22,0x22,0x22,0x22,0x22,0x42,0x55,0x95,0x49,0x59,0x55,0x24,
0x22,0x22,0x22,0x22,0x22,0x22,0x22,0x94,0x22,0x22,0x22,0x44,0x24,0x22,0x22,0x22,0x22,0x22,0x22,0x22,0x24,0x22,0x22,0x44,0x45,0x59,0x59,0x55,0x95,0x55,0x52,0x59,
0x55,0x95,0x49,0x44,0x44,0x44,0x44,0x99,0x99,0xd9,0x9f,0x9e,0x99,0x59,0x99,0x49,0x42,0x22,0x44,0x44,0x24,0x22,0x11,0x11,0x11,0x11,0x12,0x12,0x11,0x11,0x21,0x22,
0x22,0x22,0x42,0x52,0x55,0x5d,0x25,0x99,0x25,0x22,0x22,0x22,0x44,0x55,0x45,0x55,0x25,0x55,0x22,0x44,0x24,0x44,0x44,0x44,0x44,0x22,0x44,0x44,0x42,0x94,0x52,0x55,
0x45,0x59,0x55,0x44,0x54,0x92,0x29,0x94,0x99,0x55,0x44,0x24,0x22,0x22,0x22,0x22,0x22,0x22,0x22,0x22,0x22,0x22,0x22,0x22,0x22,0x22,0x22,0x22,0x22,0x42,0x42,0x52,
0x25,0x54,0x22,0x55,0x99,0x99,0xd9,0x99,0x95,0x99,0x55,0x99,0x45,0x54,0x55,0x42,0x54,0x45,0x44,0x55,0x44,0x45,0x95,0x45,0x42,0x44,0x22,0x22,0x22,0x55,0x45,0x55,
0x44,0x22,0x22,0x22,0x22,0x22,0x22,0x22,0x22,0x22,0x22,0x44,0x42,0x22,0x22,0x22,0x22,0x22,0x22,0x22,0x22,0x22,0x22,0x22,0x22,0x22,0x54,0x24,0x22,0x22,0x44,0x55,
0x59,0x95,0x9d,0x99,0xdd,0x99,0x52,0x95,0x99,0x55,0x55,0x59,0x55,0x95,0x95,0x59,0x44,0x44,0x44,0x44,0x24,0x44,0x44,0x42,0x54,0x55,0x45,0x22,0x22,0x22,0x22,0x22,
0x22,0x22,0x22,0x22,0x44,0x44,0x44,0x42,0x44,0x24,0x22,0x22,0x22,0x22,0x22,0x22,0x22,0x22,0x22,0x22,0x22,0x55,0x54,0x54,0x44,0x24,0x22,0x54,0x99,0x99,0x99,0x44,
0x55,0x55,0x9e,0x99,0x95,0x59,0x95,0x5d,0x55,0x55,0x55,0x44,0x22,0x42,0x22,0x22,0x22,0x22,0x22,0x42,0x42,0x55,0x45,0x22,0x22,0x22,0x22,0x22,0x24,0x44,0x44,0x44,
0x44,0x44,0x24,0x42,0x22,0x22,0x24,0x22,0x42,0x44,0x44,0x44,0x94,0x94,0x99,0x59,0x29,0x42,0x22,0x22,0x24,0x24,0x24,0x42,0x24,0x24,0x5e,0x95,0x59,0x55,0x54,0x55,
0xe5,0x9d,0x45,0x42,0x44,0x44,0x44,0x24,0x22,0x44,0x42,0x22,0x22,0x42,0x44,0x44,0x94,0x94,0x99,0x52,0x24,0x24,0x44,0x54,0x95,0x44,0x44,0x44,0x45,0x44,0x44,0x55,
0x44,0x44,0x45,0x44,0x55,0x5d,0x5e,0x99,0x59,0x95,0x99,0x59,0x55,0x44,0x24,0x42,0x44,0x44,0x55,0x45,0xe9,0x99,0x55,0x92,0x45,0xf4,0xed,0x54,0x54,0x55,0x44,0x44,
0x44,0x54,0x44,0x44,0x44,0x95,0x54,0x24,0x44,0x54,0x99,0x99,0x44,0x44,0x24,0x22,0x22,0x22,0x42,0xd2,0x55,0x24,0x22,0x24,0x42,0x42,0x42,0x24,0x44,0x44,0x55,0x59,
0x59,0x45,0x24,0x54,0x99,0x59,0x45,0x22,0x22,0x22,0x42,0x44,0x44,0x44,0xf9,0xe9,0x95,0x55,0x59,0xe5,0xde,0x54,0x55,0x42,0x44,0x44,0x44,0x54,0x55,0x55,0x95,0x5e,
0x95,0x59,0x99,0x49,0x52,0x45,0x44,0x44,0x22,0x22,0x44,0x22,0x44,0x52,0x44,0x44,0x44,0x42,0x44,0x44,0x44,0x44,0x44,0x44,0x44,0x44,0x44,0x45,0x24,0x22,0x22,0x54,
0x95,0x94,0x44,0x44,0x55,0x45,0x54,0x55,0xe9,0xef,0xdd,0x9d,0x9e,0xf5,0x5e,0x95,0x45,0x44,0x45,0x44,0x44,0x44,0x44,0x99,0x9f,0x99,0x59,0x99,0x99,0x55,0x59,0x44,
0x44,0x24,0x44,0x44,0x44,0x44,0x55,0x94,0x42,0x44,0x44,0x44,0x44,0x24,0x44,0x44,0x44,0x44,0x44,0x42,0x24,0x42,0x45,0x44,0x54,0x55,0x22,0x22,0x44,0x45,0x54,0x45,
0x54,0x55,0x99,0xdf,0xff,0xde,0xe9,0xf9,0xdf,0xee,0x99,0xe9,0x2d,0x92,0x99,0x99,0x99,0x9d,0x99,0x59,0x99,0x44,0x44,0x22,0x22,0x22,0x22,0x22,0x22,0x22,0x22,0x24,
0x22,0x22,0x42,0x22,0x52,0x22,0x24,0x55,0x95,0x55,0x59,0x59,0x55,0x45,0x54,0x55,0x99,0x2d,0x42,0x44,0x44,0x44,0x44,0x44,0x55,0x95,0x45,0x24,0x9f,0xe9,0xdd,0xde,
0xf9,0xe9,0x9d,0x9e,0x55,0xee,0x8e,0x59,0x99,0x59,0x55,0x44,0x55,0x55,0x45,0x44,0x24,0x22,0x22,0x22,0x42,0x22,0x22,0x22,0x22,0x44,0x44,0x54,0x44,0x54,0x55,0x95,
0x45,0x92,0x52,0x55,0x45,0x44,0x44,0x44,0x45,0x54,0x55,0x95,0x95,0x95,0x95,0x59,0x55,0x55,0x55,0xe5,0x59,0x55,0xfe,0xdf,0xdd,0xfe,0xee,0xfe,0xf9,0xdd,0xe9,0xff,
0xee,0xed,0x54,0x45,0x44,0x44,0x44,0x95,0x44,0x44,0x44,0x44,0x44,0x44,0x44,0x44,0x44,0x44,0x44,0x44,0x44,0x44,0x44,0x44,0x44,0x44,0x54,0x45,0x55,0x55,0x44,0x44,
0x24,0x22,0x42,0x44,0x44,0x95,0x95,0x55,0x95,0x95,0x99,0x99,0x99,0xd9,0xdd,0x99,0xef,0xef,0xff,0xef,0xef,0xef,0xde,0xde,0x92,0x9f,0xff,0xee,0xf5,0x5e,0x25,0x54,
0x24,0x49,0x44,0x44,0x44,0x44,0x44,0x44,0x44,0x44,0x44,0x44,0x44,0x44,0x44,0x44,0x44,0x44,0x22,0x42,0x24,0x22,0x29,0x22,0x42,0x54,0x54,0x45,0x55,0x95,0x55,0x55,
0x55,0x45,0x44,0x54,0x59,0x55,0x99,0x99,0xed,0x99,0xff,0xff,0xff,0xde,0x9d,0xdf,0xee,0xff,0x5e,0x99,0x59,0x59,0x45,0x54,0x55,0xd9,0xe9,0x94,0x99,0x55,0x44,0x44,
0x44,0x44,0x44,0x44,0x44,0x44,0x44,0x44,0x44,0x44,0x44,0x44,0x44,0x24,0x44,0x55,0x54,0x22,0x22,0x22,0x44,0x99,0x59,0x55,0x55,0x55,0x55,0x45,0x45,0x95,0xdd,0xee,
0xed,0xee,0xe5,0xdd,0xfe,0xff,0x59,0x45,0x24,0x52,0xfe,0x99,0xee,0x9d,0x25,0x22,0x24,0x42,0x55,0x59,0x95,0xe9,0x45,0x44,0x44,0x44,0x44,0x44,0x44,0x54,0x44,0x44,
0x44,0x44,0x44,0x44,0x44,0x44,0x44,0x44,0x44,0x94,0xe5,0x55,0x55,0x45,0x44,0x44,0x44,0x95,0x55,0x55,0x95,0x99,0x55,0x59,0x55,0x99,0xe9,0xe9,0xde,0xee,0xf9,0x9f,
0x44,0x55,0x24,0x21,0x92,0xd9,0x99,0x55,0x55,0x44,0x45,0x44,0x44,0x44,0x44,0x24,0x54,0x54,0x55,0x55,0x54,0x55,0x45,0x55,0x44,0x24,0x42,0x44,0x44,0x44,0x44,0x44,
0x44,0x44,0x95,0x99,0x59,0x59,0x55,0x55,0x55,0x45,0x54,0x59,0x95,0x9d,0x99,0xed,0x59,0x99,0x59,0x99,0x59,0x95,0xfe,0xfe,0xfd,0xee,0x5d,0xd5,0x45,0x94,0x24,0x59,
0x45,0x44,0x44,0x44,0x45,0x54,0x55,0x94,0x54,0x55,0x44,0x44,0x54,0x95,0x99,0x92,0x49,0x24,0x24,0x22,0x42,0x44,0x44,0x44,0x22,0x44,0x94,0x55,0x45,0x54,0x25,0x2e,
0x49,0x44,0x44,0x44,0x44,0x44,0x55,0x45,0x55,0x85,0x24,0x98,0x5d,0x59,0x45,0xe9,0xf9,0xfd,0x9d,0xef,0xfe,0x4e,0x22,0x22,0x94,0x55,0x55,0x45,0x42,0x45,0x42,0x44,
0x95,0x55,0x95,0x95,0xd9,0xde,0xdd,0x9d,0xfd,0x5d,0x99,0x99,0x99,0xdd,0xdd,0x99,0x99,0x99,0x99,0xd9,0x9d,0x99,0x99,0x99,0x99,0x9e,0x99,0x99,0x9d,0x9d,0xdd,0x99,
0x55,0x55,0x95,0x4d,0x87,0x98,0xee,0x95,0xe5,0x9f,0xf9,0xfd,0x4d,0xfe,0xde,0xff,0x5d,0xd4,0x55,0x22,0x99,0x95,0x55,0x99,0x9d,0x99,0x49,0x95,0xd9,0x59,0x99,0x99,
0x55,0x59,0x94,0x45,0x44,0x44,0x24,0x4d,0x22,0x44,0x44,0x44,0x55,0x55,0x44,0x24,0x22,0x22,0x22,0x44,0x44,0x45,0x44,0x5e,0x54,0x55,0x55,0x55,0xe4,0xfe,0x88,0xed,
0xfe,0xee,0x99,0xf9,0xd5,0xfe,0xd9,0xff,0xde,0xef,0xfd,0x99,0x45,0x22,0x99,0xde,0xd5,0x9e,0x99,0xee,0x49,0x42,0xde,0x99,0x99,0x99,0x99,0x55,0x55,0x55,0x55,0x55,
0x95,0x9e,0x24,0x59,0x55,0x55,0x55,0x55,0x45,0x44,0x55,0x55,0x55,0x45,0x55,0x99,0x99,0xd4,0x59,0x55,0xd9,0x99,0xed,0xee,0xef,0xde,0xfe,0xdf,0xff,0xff,0xff,0xff,
0xe5,0xff,0xdd,0x5e,0xfd,0x5e,0x59,0x55,0xf5,0x9e,0xf5,0x95,0xed,0xef,0x8f,0xdd,0x9d,0x59,0x55,0x55,0x55,0x55,0x55,0x55,0x95,0xd9,0xfd,0xfe,0xdd,0x9d,0x9e,0x59,
0x55,0x44,0x54,0x95,0x95,0x95,0x59,0x55,0x55,0x55,0x55,0x94,0xee,0x9e,0xef,0x99,0xef,0xfe,0xfe,0xdd,0xff,0xff,0xff,0xcd,0xed,0xfe,0xee,0xdd,0xfd,0xdd,0xee,0x9f,
0x99,0x55,0x95,0x59,0x5f,0xf9,0xfd,0xff,0xde,0xee,0x4d,0x59,0x55,0x55,0x55,0x55,0x55,0x55,0x55,0x55,0x94,0x99,0x59,0x55,0x59,0x55,0x55,0x55,0x55,0x99,0x99,0x99,
0x99,0x99,0x99,0x55,0x55,0x45,0x5e,0x44,0xd5,0x9e,0xff,0xfe,0xfe,0xff,0x99,0xf9,0xdf,0xd8,0xfd,0xef,0xef,0xee,0xdc,0xff,0xdf,0xfe,0xed,0x99,0x55,0x9f,0x9e,0x9f,
0xf9,0xff,0xff,0xfe,0x9f,0xe9,0x99,0x55,0x55,0x99,0x99,0x99,0x99,0x59,0x95,0x55,0x55,0x55,0x55,0x55,0x55,0x55,0x99,0x99,0x99,0x99,0x99,0x99,0x99,0x59,0x59,0x55,
0xe5,0x99,0xff,0xed,0xff,0xff,0xff,0xff,0x9f,0xee,0xde,0xef,0xff,0xef,0xdf,0xfe,0xdf,0xfd,0xff,0xf9,0x9e,0x9f,0x59,0xf9,0xfe,0xe9,0x9e,0xee,0xff,0xdf,0xdd,0xd9,
0x99,0x59,0x95,0x99,0x99,0x99,0x99,0x99,0x59,0x55,0x55,0x55,0x95,0x99,0x99,0x99,0x95,0x99,0x95,0x99,0x99,0x99,0x99,0x99,0x99,0x99,0x59,0xdf,0x99,0xed,0xed,0xee,
0xfe,0x9e,0xef,0xfe,0xed,0xff,0xff,0xff,
},
{ // dragon
0x99,0x99,0x99,0x99,0x99,0x99,0x99,0x99,0x99,0x99,0x99,0x99,0x99,0x99,0x99,0x99,0x99,0x99,0x99,0x99,0x99,0x99,0x99,0x99,0x99,0x99,0x99,0x99,0x99,0x99,0x99,0x99,
0x99,0x99,0x99,0x99,0x99,0x99,0x99,0x99,0x99,0x99,0x99,0x99,0x99,0x99,0x99,0x99,0x99,0x99,0x99,0x99,0x99,0x99,0x99,0x99,0x99,0x99,0x99,0x99,0x99,0x99,0x99,0x99,
0x99,0x99,0x96,0x99,0x99,0x99,0x99,0x99,0x99,0x99,0x99,0x99,0x99,0x99,0x99,0x99,0x99,0x99,0x99,0x99,0x99,0x99,0x99,0x99,0x99,0x99,0x99,0x99,0x99,0x99,0x99,0x99,
0x99,0x99,0x99,0x99,0x99,0x99,0x99,0x99,0x99,0x99,0x99,0x99,0x99,0x99,0x99,0x99,0x99,0x99,0x99,0x99,0x99,0x98,0x99,0x99,0x99,0x99,0x99,0xd9,0x62,0x99,0x99,0x99,
0x99,0x99,0x99,0x99,0x99,0x99,0x99,0x99,0x99,0x99,0x99,0x99,0x99,0x99,0x99,0x99,0x99,0x99,0x99,0x99,0x99,0x99,0x99,0x99,0x99,0x99,0x99,0x99,0x99,0x99,0x99,0x99,
0x99,0x99,0x99,0x99,0x99,0x99,0x99,0x99,0x99,0x99,0x99,0x99,0x99,0x99,0x99,0x98,0x99,0x99,0x99,0x99,0x99,0xdd,0x14,0x98,0x99,0x99,0x99,0x99,0x99,0x99,0x99,0x99,
0x99,0x99,0x99,0x99,0x99,0x99,0x99,0x99,0x99,0x99,0x99,0x99,0x99,0x99,0x99,0x99,0x99,0x99,0x99,0x99,0x99,0x99,0x99,0x99,0x99,0x99,0x99,0x99,0x99,0x99,0x99,0x99,
0x99,0x99,0x99,0x99,0x99,0x99,0x99,0x99,0x22,0x88,0x99,0x99,0x99,0x99,0xd8,0xdd,0x28,0x92,0x99,0x99,0x99,0x99,0x99,0x99,0x99,0x99,0x99,0x99,0x99,0x99,0x99,0x99,
0x99,0x99,0x99,0x99,0x99,0x99,0x99,0x99,0x99,0x99,0x99,0x99,0x99,0x99,0x99,0x99,0x99,0x99,0x99,0x99,0x99,0x99,0x99,0x99,0x99,0x99,0x99,0x99,0x99,0x99,0x99,0x99,
0x99,0x99,0x00,0x96,0x99,0x99,0x99,0x89,0xd9,0xdd,0x2d,0x22,0x88,0x99,0x99,0x99,0x99,0x99,0x99,0x99,0x99,0x99,0x99,0x99,0x99,0x99,0x99,0x99,0x99,0x99,0x99,0x99,
0x99,0x99,0x99,0x99,0x99,0x99,0x99,0x99,0x99,0x99,0x99,0x99,0x99,0x99,0x99,0x99,0x99,0x99,0x99,0x99,0x99,0x99,0x99,0x99,0x99,0x99,0x99,0x99,0x00,0x82,0x66,0x28,
0x60,0x99,0xdd,0xdd,0x24,0x42,0x82,0x98,0x99,0x99,0x99,0x99,0x99,0x99,0x99,0x99,0x99,0x99,0x99,0x99,0x99,0x99,0x99,0x99,0x99,0x99,0x99,0x99,0x99,0x99,0x99,0x99,
0x99,0x99,0x99,0x99,0x99,0x99,0x99,0x99,0x99,0x99,0x69,0x86,0x99,0x99,0x99,0x99,0x99,0x99,0x99,0x99,0x99,0x99,0x22,0x10,0x01,0x12,0x00,0xdd,0xdd,0xd9,0x18,0x22,
0x81,0x85,0x99,0x99,0x99,0x99,0x99,0x99,0x99,0x99,0x99,0x99,0x99,0x99,0x99,0x99,0x99,0x99,0x99,0x99,0x99,0x99,0x99,0x99,0x99,0x99,0x99,0x99,0x99,0x99,0x99,0x99,
0x99,0x99,0x99,0x18,0x02,0x10,0x98,0x99,0x99,0x99,0x99,0x99,0x99,0x99,0x99,0x99,0x22,0x22,0x22,0x12,0x61,0xdd,0xdd,0xdd,0x2d,0x11,0xd5,0x65,0x98,0x99,0x88,0x99,
0x98,0x68,0x96,0x99,0x99,0x99,0x99,0x99,0x99,0x99,0x99,0x99,0x99,0x99,0x99,0x99,0x99,0x99,0x99,0x99,0x99,0x99,0x99,0x99,0x99,0x99,0x99,0x99,0x99,0x02,0x00,0x00,
0x62,0x96,0x99,0x99,0x99,0x99,0x99,0x99,0x99,0x99,0x26,0x22,0x62,0x26,0xd2,0xdd,0xdd,0xdd,0x62,0x22,0xd2,0x26,0x88,0x88,0x88,0x88,0x68,0x12,0x20,0x98,0x99,0x99,
0x89,0x98,0x99,0x99,0x99,0x99,0x99,0x99,0x99,0x99,0x99,0x99,0x99,0x99,0x99,0x99,0x99,0x99,0x99,0x99,0x99,0x68,0x22,0x01,0x00,0x00,0x00,0x90,0x99,0x99,0x99,0x98,
0x99,0x99,0x99,0x68,0x88,0x88,0xd8,0x68,0xd9,0xdd,0xdd,0xdd,0x22,0x22,0xb1,0x56,0x86,0x88,0x68,0x88,0x28,0x12,0x00,0x86,0x99,0x89,0x88,0x88,0x88,0x88,0x88,0x88,
0x98,0x88,0x88,0x98,0x99,0x99,0x88,0x99,0x99,0x99,0x99,0x99,0x99,0x99,0x99,0x28,0x02,0x00,0x01,0x00,0x00,0x90,0x69,0x86,0x89,0x88,0x88,0x88,0x89,0x12,0x88,0x88,
0xd9,0x8d,0xdd,0xdd,0xdd,0xd9,0x18,0x25,0xd2,0x58,0x62,0x86,0x16,0x62,0x11,0x11,0x00,0x82,0x86,0x88,0x88,0x88,0x88,0x88,0x88,0x88,0x88,0x88,0x88,0x88,0x88,0x88,
0x88,0x88,0x88,0x99,0x88,0x88,0x88,0x88,0x98,0x16,0x11,0x11,0x01,0x00,0x00,0x82,0x02,0x20,0x88,0x88,0x88,0x88,0x28,0x22,0x88,0x88,0xdd,0x98,0xdd,0xdd,0xdd,0xdd,
0x4d,0x21,0xd2,0x58,0x61,0x66,0x22,0x22,0x22,0x22,0x01,0x10,0x20,0x88,0x88,0x88,0x88,0x88,0x88,0x88,0x88,0x88,0x88,0x88,0x88,0x88,0x88,0x88,0x88,0x88,0x88,0x88,
0x88,0x88,0x88,0x12,0x22,0x12,0x01,0x00,0x00,0x20,0x01,0x00,0x88,0x88,0x88,0x88,0x26,0x22,0x88,0x88,0xdd,0x9d,0xdd,0xdd,0xdd,0xdd,0x69,0x21,0xd4,0x55,0x62,0x88,
0x68,0x66,0x26,0x22,0x22,0x21,0x11,0x82,0x22,0x88,0x88,0x88,0x88,0x88,0x88,0x88,0x88,0x88,0x88,0x88,0x88,0x88,0x88,0x88,0x88,0x88,0x88,0x68,0x88,0x28,0x12,0x00,
0x00,0x00,0x00,0x00,0x00,0x00,0x60,0x88,0x88,0x88,0x26,0x22,0x66,0xd8,0xdd,0x9d,0xdd,0xdd,0xdd,0x2d,0x86,0x52,0xd2,0x58,0x22,0x88,0x88,0x88,0x68,0x26,0x22,0x22,
0x66,0x66,0x22,0x62,0x68,0x68,0x88,0x88,0x88,0x88,0x88,0x88,0x88,0x88,0x88,0x88,0x88,0x88,0x88,0x88,0x88,0x06,0x61,0x26,0x22,0x22,0x01,0x00,0x00,0x00,0x00,0x00,
0x10,0x88,0x88,0x88,0x28,0x22,0x66,0xd8,0xdd,0x9d,0x9d,0xd9,0xdd,0x6d,0x81,0x52,0xd2,0x2d,0x24,0x66,0x66,0x66,0x88,0x88,0x88,0x66,0x66,0x88,0x88,0x88,0x88,0x88,
0x88,0x88,0x88,0x88,0x88,0x88,0x88,0x88,0x88,0x88,0x88,0x88,0x88,0x88,0x68,0x01,0x00,0x22,0x22,0x22,0x22,0x00,0x00,0x00,0x00,0x00,0x20,0x88,0x88,0x88,0x68,0x22,
0x21,0xdd,0xdd,0x99,0x99,0xdd,0xdd,0x6d,0x00,0x65,0x25,0x18,0x15,0x66,0x66,0x66,0x66,0x86,0x68,0x88,0x88,0x88,0x88,0x88,0x88,0x88,0x88,0x88,0x88,0x88,0x88,0x88,
0x88,0x88,0x88,0x88,0x88,0x88,0x88,0x88,0x22,0x01,0x10,0x21,0x22,0x12,0x00,0x00,0x10,0x12,0x00,0x00,0x61,0x68,0x00,0x86,0x22,0x22,0x86,0xdd,0xdd,0x89,0xd8,0xdd,
0x8d,0x88,0x00,0x65,0x15,0x1d,0x14,0x66,0x66,0x66,0x86,0x66,0x66,0x66,0x86,0x88,0x88,0x88,0x88,0x88,0x88,0x88,0x88,0x88,0x88,0x88,0x88,0x88,0x88,0x88,0x88,0x88,
0x88,0x68,0x22,0x11,0x10,0x22,0x22,0x01,0x00,0x00,0x00,0x10,0x00,0x11,0x62,0x06,0x00,0x20,0x22,0x22,0xd6,0xdd,0xdd,0x99,0xd9,0xdd,0xdd,0xdd,0x12,0x61,0x28,0x2d,
0x22,0x64,0x66,0x66,0xd6,0x24,0x66,0x66,0x66,0x66,0x66,0x86,0x68,0x88,0x88,0x88,0x88,0x88,0x88,0x88,0x88,0x88,0x88,0x88,0x88,0x88,0x88,0x28,0x22,0x12,0x22,0x22,
0x02,0x00,0x22,0x12,0x00,0x00,0x01,0x01,0x01,0x12,0x00,0x10,0x12,0x22,0x99,0xdd,0xdd,0xd9,0xdd,0xdd,0xdd,0xdd,0x16,0x62,0x6d,0x6d,0x42,0x62,0x86,0x66,0xd9,0x24,
0x62,0x66,0x66,0x66,0x66,0x66,0x66,0x66,0x66,0x66,0x88,0x66,0x88,0x88,0x88,0x88,0x88,0x66,0x66,0x66,0x86,0x68,0x22,0x12,0x22,0x22,0x11,0x22,0x22,0x22,0x10,0x00,
0x00,0x00,0x00,0x00,0x00,0x00,0x00,0x11,0xdd,0xdd,0x9d,0x99,0xdd,0x9d,0xd9,0xdd,0x28,0x62,0x68,0x85,0x52,0x14,0x66,0x96,0xdd,0x45,0x62,0x66,0x66,0x66,0x66,0x66,
0x66,0x66,0x66,0x66,0x66,0x66,0x66,0x66,0x66,0x66,0x66,0x66,0x66,0x66,0x66,0x86,0x28,0x22,0x22,0x01,0x10,0x22,0x22,0x12,0x22,0x02,0x00,0x00,0x00,0x00,0x00,0x00,
0x00,0x21,0xdd,0xdd,0x9d,0xd8,0xdd,0x9d,0xdd,0xdd,0x5d,0x52,0x68,0xdd,0x54,0x44,0x62,0xdd,0xdd,0x46,0x65,0x66,0x66,0x66,0x66,0x66,0x66,0x66,0x66,0x66,0x66,0x66,
0x66,0x66,0x66,0x66,0x12,0x10,0x66,0x66,0x66,0x01,0x22,0x22,0x22,0x11,0x12,0x22,0x22,0x22,0x22,0x11,0x00,0x10,0x00,0x00,0x00,0xa1,0x13,0x22,0xdd,0xdd,0x99,0xd9,
0x9d,0x99,0xdd,0x1d,0x5d,0x22,0x26,0xdd,0x26,0x64,0x96,0xdd,0xdd,0x18,0x24,0x66,0x66,0x66,0x66,0x66,0x66,0x66,0x66,0x66,0x66,0x66,0x66,0x66,0x66,0x26,0x01,0x00,
0x22,0x66,0x26,0x01,0x21,0x22,0x02,0x22,0x22,0x24,0x22,0x22,0x22,0x01,0x00,0x11,0x00,0x00,0x71,0xef,0x4a,0x22,0xdd,0x9d,0xdd,0x8d,0x99,0x99,0x9d,0x6d,0x66,0x12,
0x26,0xd2,0x20,0x65,0xd6,0xdd,0xdd,0x4d,0x25,0x66,0x96,0x66,0x66,0x66,0x66,0x66,0x66,0x66,0x66,0x66,0x66,0x66,0x66,0x22,0x01,0x00,0x00,0x66,0x22,0x12,0x11,0x21,
0x11,0x22,0x52,0xee,0x24,0x11,0x21,0x22,0x54,0x55,0xbb,0xaa,0xee,0xce,0x57,0x22,0xdd,0x99,0xdd,0x99,0xd9,0xdd,0x9d,0x6d,0x51,0x22,0x62,0xd2,0x16,0x24,0xd6,0xdd,
0xdd,0x52,0x25,0x62,0x98,0x26,0x66,0x66,0x66,0x16,0x62,0x66,0x66,0x66,0x66,0x66,0x26,0x12,0x01,0x00,0x00,0x66,0x22,0x22,0x10,0x10,0x22,0x22,0xe2,0xec,0xee,0xee,
0xee,0xee,0xee,0xee,0xee,0xee,0xee,0xce,0x5a,0x11,0x9d,0xdd,0xdd,0x99,0xd9,0xdd,0xdd,0xdd,0x62,0x22,0x61,0xd2,0x6d,0x25,0x66,0xdd,0x9d,0x51,0x55,0x96,0x9d,0x5d,
0x62,0x66,0x26,0x00,0x10,0x66,0x66,0x66,0x66,0x66,0x26,0x22,0x12,0x00,0x00,0x01,0x21,0x12,0x02,0x01,0x22,0x22,0xf2,0xee,0xfe,0xee,0xee,0xee,0xee,0xee,0xee,0xee,
0xff,0xef,0x4e,0x22,0x99,0xdd,0xdd,0x99,0xdd,0xd9,0xdd,0x8d,0x62,0x26,0x22,0x86,0x82,0x26,0x25,0xdd,0x9d,0x26,0x55,0xd2,0x99,0x66,0x62,0x66,0x16,0x01,0x00,0x62,
0x66,0x26,0x66,0x22,0x26,0x22,0x01,0x00,0x00,0x00,0x00,0x22,0x22,0x22,0x22,0x22,0xb2,0xff,0xff,0xff,0xff,0xff,0xff,0xff,0xff,0xff,0xff,0xae,0x12,0x21,0x9d,0x99,
0xdd,0x99,0x9d,0xd9,0xdd,0xdd,0x66,0x26,0x22,0x66,0x62,0x66,0x66,0xd6,0x99,0x2d,0x62,0x62,0x9d,0x68,0x96,0x26,0x12,0x01,0x00,0x21,0x62,0x62,0x26,0x01,0x22,0x12,
0x22,0x12,0x10,0x01,0x00,0x21,0x00,0x22,0x22,0x22,0x22,0xe2,0xff,0xfe,0xaf,0xea,0xff,0x4b,0xb4,0xef,0xaa,0x11,0x11,0x00,0x99,0x98,0x9d,0x99,0xdd,0xdd,0xdd,0x8d,
0x86,0x1d,0x66,0x86,0x62,0x68,0x68,0xd8,0xdd,0x6d,0x62,0x22,0x9d,0x69,0x86,0x16,0x01,0x00,0x00,0x00,0x10,0x66,0x22,0x02,0x00,0x21,0x22,0x12,0x10,0x10,0x00,0x11,
0x21,0x22,0x22,0x66,0x22,0x12,0xf5,0xff,0x1c,0xa0,0xff,0x14,0x52,0xef,0x7a,0x44,0x12,0x01,0x99,0x98,0x89,0xd8,0xd9,0xdd,0x6d,0x68,0xd2,0x1d,0x62,0xd6,0x66,0x6d,
0x68,0xd6,0xdd,0x69,0x66,0x16,0x20,0x89,0x86,0x66,0x00,0x10,0x01,0x00,0x00,0x02,0x12,0x11,0x11,0x22,0x22,0x12,0x11,0x11,0x22,0x11,0x22,0x22,0x22,0x22,0x22,0x5b,
0xfb,0xee,0xce,0xee,0xee,0xee,0xfe,0xfe,0xec,0xae,0x22,0x51,0x88,0xd8,0x88,0xd8,0xd9,0x8d,0x68,0x68,0xd6,0x2d,0x61,0xd6,0x26,0x88,0x68,0x62,0xdd,0x88,0x26,0x00,
0x00,0x60,0x66,0x68,0x01,0x11,0x12,0x01,0x00,0x00,0x11,0x21,0x22,0x22,0x22,0x22,0x11,0x21,0x22,0x22,0x22,0x22,0x22,0x22,0x22,0xee,0xef,0xff,0xee,0xee,0xee,0xee,
0xff,0xff,0xee,0xae,0x11,0x71,0x88,0x99,0x88,0x99,0xdd,0x69,0x68,0x88,0xdd,0x5d,0x11,0xd8,0x66,0xd6,0x88,0x62,0x8d,0xdd,0x16,0x00,0x00,0x00,0x66,0x68,0x16,0x20,
0x28,0x11,0x01,0x02,0x10,0x21,0x11,0x21,0x66,0x22,0x11,0x21,0x22,0x11,0x11,0x11,0x82,0x26,0x12,0xf5,0xff,0xff,0xff,0xff,0xef,0xca,0xfe,0xff,0xfe,0x4a,0x10,0xa0,
0x88,0x88,0x88,0x99,0x9d,0x28,0x86,0xd8,0xdd,0x18,0x12,0x82,0x66,0xd6,0x88,0x66,0x61,0x8d,0x18,0x00,0x00,0x00,0x66,0x68,0x66,0x00,0x62,0x11,0x11,0x19,0x11,0x11,
0x21,0x86,0x88,0x26,0x12,0x11,0x01,0x00,0x00,0x61,0x88,0x66,0x22,0x40,0xfe,0xff,0xaf,0x01,0x00,0x00,0xc0,0xff,0xee,0x01,0x00,0x70,0x88,0x89,0x88,0xd9,0x99,0x68,
0x86,0xdd,0xdd,0x4d,0x22,0xd2,0x62,0x62,0x21,0x16,0x00,0x16,0x01,0x00,0x00,0x10,0x16,0x60,0x26,0x00,0x20,0x12,0x61,0x29,0x11,0x21,0x62,0x88,0x68,0x62,0x26,0x00,
0x00,0x00,0x22,0x68,0x88,0x66,0x62,0x12,0xf5,0xef,0x1f,0x00,0x00,0x00,0x70,0xff,0xaa,0x10,0x00,0xa0,0x98,0x89,0x98,0xd9,0x88,0x66,0x88,0xdd,0xdd,0x5d,0x12,0xd1,
0x21,0x01,0x01,0x11,0x00,0x10,0x00,0x11,0x01,0x00,0x00,0x10,0x11,0x00,0x10,0x11,0x92,0x29,0x21,0x66,0x66,0x86,0x66,0x66,0x66,0x26,0x02,0x62,0x66,0x66,0x68,0x66,
0x26,0x22,0xfb,0xef,0x2f,0x00,0x00,0x00,0x70,0xfe,0x7a,0x10,0x02,0xb1,0x96,0x88,0x99,0x8d,0x68,0x66,0xd8,0xdd,0xdd,0x5d,0x22,0xd1,0x61,0x66,0x16,0x22,0x11,0x11,
0x21,0x12,0x01,0x00,0x00,0x00,0x00,0x00,0x00,0x00,0x98,0x69,0x02,0x66,0x66,0x66,0x66,0x66,0x66,0x66,0x66,0x26,0x62,0x66,0x26,0x21,0x26,0x22,0xeb,0xcf,0x2e,0x22,
0x12,0x11,0xb1,0xfe,0x5a,0x21,0x26,0xa1,0x88,0x68,0x99,0x89,0x68,0x86,0xd8,0xdd,0xdd,0x16,0x14,0x51,0x22,0x66,0x6d,0x86,0x22,0x66,0x26,0x22,0x12,0x01,0x00,0x00,
0x00,0x00,0x00,0x10,0x9d,0x68,0x12,0x66,0x66,0x69,0x66,0x66,0x66,0x66,0x66,0x66,0x66,0x26,0x26,0x01,0x22,0x22,0xeb,0xcf,0x2c,0x22,0x66,0x12,0xb1,0xfe,0x7a,0x66,
0x66,0xb2,0x68,0x01,0x82,0x68,0x66,0x88,0xdd,0xdd,0xdd,0x18,0x26,0x51,0x12,0x66,0x88,0x86,0xdd,0xd8,0x2d,0x22,0x11,0x11,0x01,0x11,0x00,0x01,0x00,0x61,0x66,0x68,
0x22,0x66,0x96,0x29,0x66,0x26,0x66,0x66,0x66,0x66,0x66,0x66,0x22,0x22,0x22,0x22,0xe5,0xcf,0x2a,0x66,0x26,0x22,0xc6,0xee,0x7a,0x66,0x22,0xc6,0x12,0x00,0x60,0x66,
0x66,0x88,0xdd,0xdd,0x9d,0x6d,0x21,0x22,0x22,0x66,0x88,0x66,0xd8,0xdd,0x6d,0x22,0x22,0x12,0x11,0x11,0x11,0x21,0x18,0x96,0x68,0x21,0x12,0x66,0x82,0x68,0x26,0x22,
0x66,0x66,0x66,0x66,0x66,0x66,0x26,0x62,0x26,0x22,0xeb,0xae,0x2a,0x66,0x26,0x22,0xb2,0xee,0x7a,0x22,0x22,0xe5,0x00,0x00,0x20,0x02,0x62,0x86,0xdd,0xdd,0xdd,0x6d,
0x61,0x62,0x45,0x62,0x88,0x66,0xd8,0xdd,0x6d,0x26,0x22,0x22,0x52,0x22,0x12,0x82,0x88,0x88,0x88,0x12,0x26,0x66,0x20,0x68,0x26,0x22,0x62,0x66,0x22,0x62,0x66,0x66,
0x62,0x26,0x26,0x22,0xeb,0xae,0x2a,0x22,0x22,0x22,0xb2,0xee,0x7a,0x22,0x22,0xfb,0x12,0x11,0x00,0x00,0x20,0x81,0xdd,0xdd,0xdd,0x8d,0x22,0x26,0x25,0x22,0x86,0x26,
0xd6,0x8d,0x6d,0x66,0x22,0x22,0xdd,0x22,0x62,0x98,0x99,0x88,0x86,0x06,0x62,0x66,0x11,0x21,0x62,0x26,0x12,0x22,0x22,0x22,0x66,0x66,0x22,0x62,0x22,0x22,0xeb,0xae,
0x2a,0x01,0x20,0x22,0xb2,0xee,0xaa,0x12,0x11,0xf5,0x22,0x12,0x62,0x12,0x62,0x86,0xdd,0xdd,0xdd,0x8d,0x66,0x22,0x45,0x12,0x86,0x26,0x82,0x8d,0x68,0x66,0x26,0xd2,
0xdd,0x64,0x88,0x98,0x89,0x68,0x86,0x06,0x20,0x66,0x01,0x00,0x62,0x26,0x01,0x10,0xb2,0x4b,0x22,0x22,0x22,0x22,0x22,0x21,0xeb,0xce,0x1a,0x00,0x20,0x12,0xb0,0xee,
0xaa,0x71,0x13,0xf5,0x66,0x86,0x68,0x66,0x66,0xd9,0xdd,0xdd,0xdd,0xdd,0x66,0x26,0x52,0x22,0x66,0x26,0x22,0x68,0x88,0x66,0x66,0xdd,0xdd,0x54,0x86,0x88,0x68,0x66,
0x66,0x12,0x10,0x26,0x11,0x00,0x10,0x12,0x01,0x00,0xe7,0x7f,0x14,0x11,0x00,0x21,0x22,0x11,0xe5,0xae,0x1a,0x00,0x30,0x00,0x70,0xee,0xaa,0xe7,0x3a,0xfb,0x66,0xd9,
0x66,0x66,0x68,0x99,0xdd,0x9d,0xd9,0xdd,0x66,0x66,0x82,0x22,0xd6,0x1d,0x62,0x26,0x66,0x66,0xd6,0xdd,0xdd,0x45,0x86,0x86,0x66,0x66,0x66,0x02,0x00,0x12,0x11,0x01,
0x00,0x10,0x01,0x00,0xfe,0xaf,0x47,0x11,0x01,0x75,0x17,0x10,0xf5,0xef,0x1c,0x00,0x74,0x03,0xa0,0xff,0xec,0x7f,0xea,0xee,0x86,0x9d,0x86,0x88,0x9d,0x99,0xd9,0x99,
0xdd,0xdd,0x16,0x66,0x82,0x22,0xd8,0x1d,0x22,0x62,0x22,0x26,0xd6,0xdd,0x8d,0x25,0x66,0x66,0x62,0x66,0x66,0x11,0x01,0x00,0x11,0x11,0x00,0x00,0x00,0x10,0xfc,0xef,
0x3e,0x00,0xc2,0xec,0x7e,0x14,0xec,0x7e,0x3a,0x10,0xbb,0x03,0xe4,0xcc,0x75,0xcc,0xea,0xee,0xd8,0x99,0x88,0x86,0x9d,0x99,0xd9,0xdd,0xdd,0x68,0x26,0x62,0x66,0x28,
0xd6,0x5d,0x22,0x66,0x26,0x62,0xd8,0xdd,0x6d,0x45,0x45,0x26,0x22,0x66,0x26,0x12,0x00,0x11,0x11,0x22,0x01,0x10,0x10,0x00,0xfb,0x7f,0x1a,0x01,0xc1,0xbe,0xcf,0x54,
0xff,0xcf,0xca,0x11,0xcb,0x07,0xf5,0xff,0xac,0xfe,0xee,0xee,0x16,0x82,0x88,0x98,0x99,0x99,0xd9,0xdd,0xdd,0x26,0x66,0x26,0x66,0x66,0xd8,0x6d,0x46,0x26,0x22,0x68,
0xdd,0xdd,0x8d,0x51,0x45,0x22,0x11,0x22,0x22,0x12,0x11,0x10,0x11,0x22,0x12,0x12,0x22,0x22,0xeb,0x7e,0x47,0x00,0xc2,0x5e,0x7e,0x51,0xef,0xae,0xca,0x00,0xab,0x14,
0xe5,0xee,0xab,0x7e,0xea,0xee,0x00,0x00,0x86,0x89,0x99,0xd8,0xdd,0xdd,0x99,0x66,0x86,0x18,0x66,0x66,0xd8,0xdd,0x28,0x06,0x61,0xdd,0xdd,0xdd,0xdd,0x21,0x55,0x11,
0x12,0x11,0x11,0x11,0x22,0x01,0x11,0x22,0x11,0x22,0x22,0x11,0xec,0xae,0x47,0x14,0xe5,0xee,0xee,0xaa,0xef,0xef,0xec,0x40,0xac,0x7a,0xfa,0xee,0xee,0xef,0xef,0xee,
0x00,0x00,0x00,0x86,0x99,0x9d,0x8d,0xd2,0x89,0x66,0xd6,0x2d,0x62,0x66,0xd6,0xdd,0x66,0x26,0xd2,0xdd,0xdd,0xdd,0xdd,0x15,0x55,0x14,0x01,0x00,0x11,0x11,0x22,0x12,
0x61,0x68,0x22,0x22,0x22,0x12,0xec,0xae,0x5c,0x4b,0xe7,0xae,0xee,0xe7,0xee,0xbe,0xa7,0xa4,0xae,0xaa,0xee,0xcc,0x7e,0xfe,0xef,0xaa,0x00,0x00,0x00,0x92,0x99,0xd9,
0x8d,0x66,0x88,0x68,0xdd,0x6d,0x25,0x2d,0x82,0xdd,0x28,0x66,0xdd,0xdd,0xdd,0xdd,0xdd,0x2d,0x55,0x24,0x00,0x00,0x56,0x12,0x11,0x22,0x88,0x68,0x26,0x22,0x12,0x51,
0xee,0xce,0xaa,0xea,0xef,0xa7,0xea,0xef,0xee,0xbc,0x77,0xa7,0x77,0xa7,0xbb,0xcb,0xbe,0xee,0xee,0xee,0x00,0x00,0x10,0x21,0x98,0x9d,0x89,0x66,0x88,0x88,0xdd,0x6d,
0x26,0x6d,0x62,0xdd,0x68,0xd6,0xdd,0xdd,0xdd,0xdd,0x5d,0x5d,0xb2,0x45,0x11,0x61,0xbd,0x12,0x21,0x86,0x88,0x68,0x66,0x22,0x11,0x77,0xae,0x7a,0x73,0xa7,0xaa,0x33,
0x33,0xa7,0x77,0xe7,0xee,0xbb,0xab,0xb7,0xaa,0xba,0xeb,0x33,0xa3,0x77,0x00,0x00,0x00,0x00,0x92,0x8d,0x68,0x66,0x86,0xdd,0xdd,0x8d,0x66,0x86,0x26,0xd6,0x66,0xd6,
0xdd,0xdd,0xdd,0xdd,0x2d,0xb2,0xb4,0x55,0x11,0xd6,0xbd,0x25,0x66,0x86,0x88,0x66,0x66,0x62,0xb2,0xee,0xee,0xae,0x37,0xff,0xee,0x3b,0x7a,0x71,0x7a,0x4a,0xe4,0xce,
0xcc,0xbb,0xcc,0xcb,0xee,0xee,0xef,0x5c,0x01,0x00,0x00,0x00,0xd0,0x89,0x86,0x66,0x98,0xdd,0xdd,0x68,0x68,0xd6,0x66,0x86,0x86,0xdd,0x99,0xdd,0xdd,0xdd,0x6d,0x61,
0x58,0x55,0x66,0xdd,0xdd,0x55,0x66,0x66,0x66,0x66,0x68,0x62,0xe2,0xee,0xee,0xee,0xea,0xff,0xee,0xaf,0xa5,0x55,0xfa,0xbe,0xc7,0xaa,0x7b,0x77,0x77,0xa5,0xec,0xfc,
0xcf,0x7b,0x01,0x10,0x00,0x01,0x90,0x68,0x66,0x88,0xd9,0x8d,0x98,0x69,0x26,0x11,0x68,0x66,0xd8,0xdd,0xd8,0xdd,0xdd,0xdd,0xd8,0x26,0xb6,0x55,0xd5,0xdd,0xdd,0x55,
0x66,0x26,0x66,0x26,0x66,0x66,0xe6,0xee,0xee,0xee,0xfa,0xef,0xee,0x4e,0x74,0x55,0xfe,0xef,0xc7,0xab,0xaa,0x57,0xab,0xeb,0xfe,0xff,0xcf,0xca,0x00,0x11,0x01,0x01,
0x86,0x66,0x66,0x98,0x9d,0x88,0x98,0x68,0x00,0x00,0x21,0x86,0xdd,0x9d,0x88,0xdd,0xdd,0xdd,0xdd,0x66,0x82,0x58,0xd6,0xdd,0x6d,0x5b,0x26,0x12,0x62,0x12,0x62,0x22,
0xe6,0xee,0xef,0xce,0xfa,0xef,0xee,0x4c,0x74,0x74,0xfe,0x3a,0xec,0xcc,0xbc,0xaa,0xa7,0xbb,0xee,0xfc,0xce,0xcc,0x00,0x10,0x01,0x81,0x68,0x66,0x22,0x99,0x99,0x88,
0x68,0x18,0x01,0x00,0x00,0x86,0xd8,0x9d,0xd8,0xdd,0x9d,0x8d,0xdd,0x6d,0x26,0x6d,0x66,0xdd,0x6d,0xb6,0x25,0x22,0x22,0x22,0x21,0x22,0xe2,0xee,0xcf,0xee,0xfe,0xef,
0xee,0xae,0xaa,0xc7,0xfe,0x7e,0xee,0xbc,0xaa,0xaa,0xbc,0xec,0xff,0xfe,0xce,0xcc,0x11,0x00,0x10,0x01,0x82,0x01,0x00,0x81,0x88,0x88,0x02,0x00,0x00,0x00,0x00,0x12,
0x00,0x98,0xd9,0xdd,0x9d,0xdd,0xdd,0x66,0x66,0x68,0x68,0xdd,0xdd,0x66,0x65,0x11,0x21,0x22,0x22,0x11,0xc1,0xee,0xee,0xec,0xff,0xef,0xee,0x33,0x37,0xc4,0xfe,0xaf,
0xbe,0xbb,0xaa,0x77,0x77,0xeb,0xce,0xfc,0xcf,0x4b,0x11,0x01,0x10,0x01,0x10,0x10,0x00,0x00,0x88,0x28,0x11,0x00,0x00,0x00,0x00,0x00,0x00,0x81,0xd9,0xdd,0x99,0xdd,
0xdd,0x66,0x68,0x62,0x66,0xdd,0xdd,0x66,0x68,0x12,0x21,0x12,0x11,0x11,0xc2,0xee,0xef,0xee,0xfe,0xee,0xee,0x45,0x74,0xeb,0xef,0xaa,0xef,0xbe,0xaa,0xa7,0xcb,0xee,
0xff,0xff,0xcf,0xcc,0x21,0x12,0x00,0x01,0x00,0x00,0x00,0x00,0x82,0x18,0x11,0x11,0x10,0x00,0x00,0x00,0x00,0x60,0x99,0x99,0x88,0xdd,0xdd,0x68,0x68,0x62,0x62,0xd6,
0xdd,0x68,0x68,0x26,0x86,0x12,0x11,0x11,0xec,0xee,0xef,0xee,0xfe,0xee,0xee,0x45,0xc7,0xec,0xef,0xa7,0xaa,0x77,0x55,0x55,0xa5,0xeb,0xbe,0xfc,0xef,0xce,0x21,0x12,
0x00,0x00,0x00,0x00,0x00,0x00,0x66,0x68,0x11,0x11,0x11,0x01,0x00,0x01,0x00,0x60,0xd9,0x89,0x98,0x99,0xdd,0x6d,0x86,0x66,0x66,0x86,0xdd,0x88,0x86,0x66,0x66,0x16,
0x21,0x00,0xeb,0xee,0xee,0xee,0xff,0xee,0xee,0x47,0xcc,0xea,0xef,0xe7,0xee,0xcc,0xcb,0xcc,0xcc,0xee,0xce,0xfc,0xef,0xce,0x22,0x01,0x01,0x11,0x00,0x00,0x00,0x10,
0x12,0x26,0x12,0x22,0x11,0x00,0x10,0x01,0x00,0x92,0x68,0x21,0xd8,0x89,0xdd,0x68,0x86,0x66,0x68,0x66,0x9d,0x88,0x86,0x66,0x66,0xa5,0x13,0x00,0xeb,0xce,0xee,0xee,
0xff,0xce,0xee,0x7a,0xee,0xfe,0xef,0xaa,0x77,0x57,0x77,0x77,0xba,0xec,0xff,0xfe,0xef,0xcc,0x21,0x11,0x11,0x11,0x01,0x00,0x37,0x03,0x00,0x00,0x11,0x12,0x01,0x11,
0x00,0x10,0x10,0x82,0x02,0x00,0x81,0x88,0xd9,0x88,0x86,0x68,0x68,0x66,0x88,0x88,0x12,0x62,0xb6,0xae,0x77,0x01,0xcb,0xcc,0xee,0xff,0xff,0xee,0xec,0xa5,0xee,0xff,
0x4c,0xea,0xcc,0xec,0xcc,0xcc,0xee,0xfe,0xce,0xfe,0xef,0xcc,0x21,0x26,0x11,0x11,0x01,0xe1,0x7f,0x33,0x00,0x00,0x11,0x11,0x10,0x22,0x02,0x00,0x00,0x01,0x10,0x00,
0x20,0x88,0x98,0x89,0x88,0x68,0x86,0x66,0x86,0x06,0x00,0x00,0xfb,0xef,0xaf,0x3a,0xeb,0xcc,0xff,0xff,0xff,0xef,0xce,0xc7,0xee,0xff,0xae,0xef,0xec,0xce,0xcc,0xcb,
0xee,0xfe,0x7a,0xff,0xef,0xcc,0x62,0x68,0x12,0x11,0x11,0xfe,0x7f,0x44,0x03,0x00,0x10,0x11,0x21,0x11,0x11,0x01,0x00,0x00,0x00,0x00,0x00,0x82,0x88,0x88,0x68,0x68,
0x86,0x66,0x66,0x00,0x00,0xa0,0xfe,0xee,0xee,0xff,0xef,0xfe,0xcf,0xfc,0xff,0xff,0xee,0xca,0xec,0xef,0xab,0x77,0x77,0xa7,0x75,0xaa,0xba,0xfe,0xae,0xff,0xff,0xee,
0x86,0x68,0x12,0x11,0xe1,0xff,0xef,0x44,0x1a,0x00,0x00,0x11,0x21,0x22,0x11,0x01,0x00,0x00,0x00,0x00,0x00,0x82,0x86,0x88,0x88,0x26,0x00,0x61,0x26,0x00,0x00,0xe5,
0xee,0xec,0xff,0xff,0xff,0xfe,0xcc,0xfc,0xfe,0xef,0xee,0xcb,0xee,0xae,0xaa,0xce,0xcc,0xcc,0xcc,0xcc,0xec,0xae,0xa7,0xfb,0xff,0xef,0x88,0x66,0x66,0x11,0xfc,0xff,
0xff,0xa7,0x77,0x10,0x11,0x11,0x21,0x12,0x11,0x11,0x00,0x10,0x01,0x01,0x01,0x66,0x86,0x88,0x88,0x02,0x00,0x10,0x12,0x01,0x00,0xe5,0xee,0xfe,0xfe,0xff,0xef,0xec,
0xcc,0xee,0xee,0xef,0xee,0xec,0xae,0x44,0xaa,0xaa,0x77,0xaa,0xa7,0xca,0xee,0x47,0xc3,0xfc,0xff,0xef,0x66,0x66,0x66,0x52,0xee,0xef,0xfe,0x33,0x34,0x11,0x11,0x11,
0x21,0x66,0x12,0x01,0x00,0x10,0x11,0x11,0x10,0x26,0x82,0x88,0x68,0x00,0x00,0x00,0x00,0x00,0x00,0xe5,0xee,0xee,0xfe,0xff,0xcf,0xec,0xcc,0xee,0xee,0xef,0xee,0xee,
0xef,0x5b,0xce,0xcc,0xbc,0xbb,0xaa,0xab,0xee,0xce,0xc7,0xfc,0xff,0xef,0x66,0x66,0x26,0xf2,0xff,0xee,0x7e,0x73,0x77,0x1a,0x21,0x01,0x82,0x69,0x26,0x11,0x11,0x00,
0x00,0x00,0x00,0x00,0x10,0x66,0x00,0x00,0x00,0x00,0x00,0x00,0x00,0xeb,0xee,0xee,0xee,0xff,0xcf,0xec,0xcc,0xcf,0xee,0xef,0xee,0xee,0xef,0xac,0xef,0xcc,0xbc,0xcb,
0xcc,0xec,0xfe,0xee,0xea,0xfe,0xff,0xff,0x66,0x66,0x66,0xf2,0xff,0xff,0xef,0xa4,0x7e,0x17,0x22,0x21,0x88,0x69,0x66,0x11,0x11,0x10,0x10,0x00,0x00,0x00,0x00,0x02,
0x00,0x00,0xd1,0x55,0x00,0x00,0x10,0xec,0xee,0xee,0xee,0xfe,0xee,0xcc,0xcc,0xcc,0xee,0xff,0xee,0xee,0xea,0xaa,0x77,0x55,0x77,0x75,0x77,0xa7,0xee,0x7a,0xee,0xec,
0xff,0xef,0x66,0x66,0x66,0xe2,0xff,0xff,0xef,0xa7,0x7f,0x27,0x22,0x82,0x88,0x68,0x66,0x12,0x11,0x01,0x11,0x01,0x00,0x00,0x00,0x00,0x00,0x20,0xdd,0x44,0x14,0x00,
0x50,0xed,0xee,0xee,0xee,0xff,0xce,0xdc,0xcc,0xec,0xec,0xff,0xee,0x7c,0x73,0xf7,0xec,0xcc,0xcc,0xcc,0xbc,0xec,0xbf,0x45,0xea,0xcc,0xff,0xef,0x66,0x66,0x66,0xe6,
0xfe,0xff,0xef,0x44,0x4a,0x27,0x62,0x88,0x88,0x88,0x66,0x26,0x22,0x12,0x12,0x01,0x00,0x00,0x00,0x00,0x00,0xd1,0xdd,0xb5,0x5b,0x02,0x50,0xed,0xce,0xee,0xef,0xef,
0xcd,0xcc,0xed,0xcc,0xee,0xff,0xfe,0xee,0xa5,0xaa,0x77,0xa7,0xca,0xbb,0xcc,0xee,0xef,0xab,0xec,0xec,0xfe,0xef,0x20,0x62,0x66,0xb6,0xff,0xee,0xcf,0x44,0x74,0x6a,
0x66,0x86,0x88,0x66,0x66,0x66,0x26,0x22,0x12,0x11,0x01,0x00,0x00,0x00,0x00,0xdd,0xdd,0x5d,0xbb,0x2d,0xe2,0xee,0xee,0xee,0xee,0xef,0xdc,0xdc,0xec,0xee,0xee,0xff,
0xfe,0xef,0xe7,0xee,0xcc,0x7a,0x77,0x54,0x55,0xeb,0xbb,0xcc,0xee,0xee,0xff,0xef,0x00,0x62,0x22,0xe6,0xff,0xee,0xef,0x45,0x77,0x67,0x66,0x66,0x86,0x26,0x66,0x66,
0x26,0x12,0x21,0x11,0x11,0x11,0x00,0x00,0x00,0xdd,0xdd,0x5b,0xcc,0x5d,0xe1,0xee,0xfe,0xee,0xff,0xcf,0xdc,0xcc,0xec,0xee,0xee,0xff,0xaf,0xce,0xfa,0xee,0xec,0xcc,
0xcb,0xeb,0xcc,0xfe,0xcc,0xca,0xee,0xee,0xff,0xef,0x01,0x22,0x11,0xf2,0xff,0xee,0xcf,0x54,0xa7,0x67,0x66,0x66,0x86,0x66,0x62,0x66,0x66,0x16,0x21,0x22,0x28,0x11,
0x01,0x01,0x20,0xdd,0xdd,0x55,0xdb,0xdd,0xeb,0xce,0xfe,0xec,0xee,0xcf,0xad,0xac,0xfa,0xef,0xfe,0xff,0xee,0xc3,0x5e,0x55,0x75,0x47,0x75,0xa7,0xb7,0xbe,0xaa,0xec,
0xee,0xee,0xff,0xee,0x11,0x21,0x11,0xf2,0xff,0xee,0xef,0x45,0xa7,0x67,0x66,0x66,0x66,0x66,0x22,0x62,0x26,0x26,0x12,0x86,0x68,0x16,0x11,0x11,0x51,0xdd,0xdd,0x5d,
0xdd,0xdd,0xcd,0xee,0xbd,0xee,0xfe,0xcf,0xcc,0x3a,0xe3,0xa7,0xfe,0xff,0xaf,0xea,0xef,0xcc,0xcc,0xcc,0xbc,0xbb,0xcb,0xee,0x7a,0xee,0xaf,0xee,0xfa,0xee,0x00,0x21,
0x12,0xf2,0xff,0xfe,0xce,0x74,0xaa,0x27,0x62,0x66,0x66,0x66,0x26,0x62,0x62,0x26,0x62,0x88,0x68,0x26,0x11,0x11,0xd1,0xdd,0xdd,0xdb,0xdd,0xdd,0xee,0xdd,0xbd,0xee,
0xfe,0xae,0xa7,0x37,0x33,0x33,0x73,0xea,0xaa,0x47,0x33,0x33,0x34,0x54,0x55,0x55,0x7a,0xff,0xaa,0xaf,0xfa,0xa7,0xfe,0xef,0x01,0x21,0x12,0xfb,0xff,0xfe,0xcf,0xa7,
0xaa,0x2a,0x22,0x62,0x66,0x26,0x26,0x22,0x22,0x26,0x66,0x86,0x66,0x66,0x22,0xd1,0xdd,0xdd,0xdd,0xdd,0xdd,0xed,0xdd,0xdd,0xed,0xec,0xee,0xee,0xec,0x4c,0xa3,0xaa,
0xea,0xa7,0x7a,0x44,0x34,0x13,0x11,0x11,0x00,0x73,0xea,0x7a,0x33,0x33,0xa7,0xaa,0xfe,0xef,0x13,0x73,0x21,0xf5,0xff,0xff,0xcf,0xa7,0xca,0x2a,0x02,0x20,0x66,0x22,
0x22,0x21,0x22,0x62,0x66,0x86,0x68,0x66,0x66,0xd6,0xdd,0xdd,0xdd,0xdd,0xdd,0xdd,0xdd,0xdd,0xdd,0xee,0xfe,0xee,0xee,0xae,0xea,0xfe,0xff,0x5a,0xce,0xcc,0xcc,0xce,
0xee,0xee,0xcc,0xae,0x37,0x77,0x77,0x73,0xa7,0xef,0xef,0xee,0x37,0x3a,0xa1,0xfc,0xff,0xff,0xef,0xaa,0xec,0x1e,0x10,0x20,0x22,0x22,0x52,0xac,0x37,0x64,0x66,0x66,
0x88,0x86,0x66,0xd8,0xdd,0xdd,0x8d,0xdd,0xdd,0xdd,0xdd,0xdd,0xdd,0xcd,0xee,0xee,0xee,0xae,0xea,0xbf,0x47,0xa7,0xaa,0xa7,0x57,0xaa,0xba,0xec,0xee,0x37,0x00,0x11,
0x11,0x33,0x31,0x33,0x54,0xa7,0xaa,0x7e,0xfa,0xee,0xee,0xee,0x7e,0x75,0xa7,0x14,0x11,0x01,0x10,0x22,0xfb,0xaf,0x33,0x34,0x66,0x68,0x86,0x86,0x86,0xdd,0xdd,0xdd,
0xdd,0xdd,0xdd,0xde,0xdd,0xdd,0xdd,0xdd,0xee,0xee,0xee,0xce,0xeb,0xef,0x4e,0xf7,0xee,0xec,0xee,0xee,0xec,0xee,0xfa,0xee,0x7e,0x77,0x37,0x31,0x43,0x75,0xa7,0xaa,
0xee,0xee,0xa7,0xff,0xff,0xff,0xef,0x73,0xaa,0xa7,0x04,0x01,0x00,0x51,0xff,0xef,0x37,0x44,0x84,0x66,0x62,0x66,0x86,0xdd,0xdd,0x9d,0xdd,0xdd,0xdd,0xdd,0xdd,0xdd,
0xdd,0xcd,0xee,0xff,0xee,0xee,0xee,0xee,0xae,0xa7,0x77,0xcb,0xcb,0xee,0xee,0xff,0xee,0xee,0xcf,0xec,0xec,0xa5,0xca,0xca,0xaa,0x7a,0x7a,0xfe,0xee,0xff,0xff,0xff,
0xff,0xa7,0xa7,0xaa,0x04,0x11,0x00,0x70,0xff,0xff,0x4e,0x77,0x24,0x66,0x22,0x22,0x92,0xdd,0xdd,0xd9,0xd9,0xdd,0xdd,0xdd,0xdd,0xdd,0xdd,0xdd,0xfe,0xee,0xff,0xff,
0xaa,0x33,0xa3,0xee,0xcc,0x77,0xc7,0xa7,0xca,0xcc,0xee,0xec,0xce,0xfc,0xee,0xa7,0xcb,0xac,0x77,0x33,0x7a,0xa7,0xee,0xff,0xaf,0xff,0xff,0xa7,0x77,0xac,0x34,0x03,
0x11,0x50,0xff,0xff,0x3f,0xa7,0xa7,0x22,0x22,0x22,0x96,0x99,0x9d,0x89,0xd9,0xdd,0xdd,0xdd,0xdd,0xdd,0xdd,0xdd,0xff,0xee,0xee,0xef,0xee,0x4a,0xe7,0xee,0xcc,0xec,
0xee,0xec,0xfe,0xce,0xef,0xec,0xee,0xec,0xee,0xaa,0x34,0x13,0x31,0xaa,0x3a,0x33,0xaa,0xfa,0xea,0xff,0xff,0xa7,0xaa,0xac,0x7a,0x33,0x77,0xf4,0xff,0xfe,0xaf,0xa4,
0xaa,0x12,0x11,0x21,0x88,0x98,0x8d,0x99,0xdd,0xdd,0xdd,0xdd,0x8d,0xdd,0xdd,0xcd,0xee,0xfe,0xea,0xaa,0xaa,0xaa,0x5e,0x45,0x34,0x74,0xa5,0xca,0xbc,0xee,0xff,0xee,
0xec,0xec,0xee,0x7a,0x33,0x33,0x33,0x33,0x7a,0x73,0x37,0x77,0xfa,0xfa,0xfe,0xa7,0xaa,0xae,0x4e,0xa3,0xae,0xfe,0xff,0xef,0xaf,0xa7,0xaa,0x14,0xa5,0x43,0x88,0xd8,
0x7d,0x98,0xd7,0xdd,0xdd,0xd9,0x86,0xdd,0xdd,0xed,0xfe,0xfe,0xaf,0xaa,0x43,0xa7,0xef,0xcc,0xce,0xec,0xee,0xee,0x7c,0xe7,0xff,0xee,0xe4,0xea,0xfe,0xfe,0x7e,0x33,
0x31,0xe7,0x3e,0xaa,0x37,0x73,0x73,0x7a,0xfa,0xa7,0x57,0xf7,0xef,0xe7,0x3f,0xf3,0xfe,0xff,0xff,0xee,0xce,0x7f,0xff,0x4a,0x54,0xb7,0xab,0xa7,0xba,0xd7,0x9d,0x7b,
0x55,0xdd,0x9d,0xfd,0xff,0xfe,0xaf,0xee,0xaa,0xee,0xee,0xee,0xce,0xbe,0xee,0xee,0xcc,0xeb,0xff,0xf7,0xaa,0x77,0xee,0xef,0xff,0x3a,0xa4,0xec,0xcf,0x34,0x33,0x7a,
0x3a,0x37,0x33,0x33,0x77,0xaa,0xaa,0xfa,0xae,0x77,0xaa,0xff,0xcf,0x33,0xee,0x33,0xfe,0xae,0xaa,0x7a,0xa3,0xaa,0x77,0x73,0x7c,0xaa,0x77,0x53,0x43,0x44,0x34,0x74,
0x34,0x31,0x33,0x54,0x45,0x44,0x44,0x44,0x77,0x77,0x55,0xaa,0x77,0x33,0x33,0xe3,0xff,0xef,0xff,0x47,0xe7,0xee,0xff,0x4f,0x33,0xe3,0xaa,0x73,0xaf,0xa7,0x33,0x13,
0x33,0xfa,0xae,0x73,0x37,0x33,0xea,0x7a,0xaa,0x7e,0xaa,0xaa,0xaa,0x7a,0xaa,0xaa,0xae,0xee,0xaa,0xaa,0x3a,0x37,0x33,0x13,0x11,0x11,0x11,0x33,0x11,0x33,0x11,0x01,
0x11,0x33,0x33,0x33,0x33,0x33,0x33,0x77,0xa7,0xfa,0xee,0xff,0xff,0x7a,0xea,0xee,0xff,0xcf,0xa7,0xea,0xfe,0xaf,0xea,0xea,0xaa,0x33,0x43,0x74,0xea,0xa4,0xaa,0xaa,
0xaa,0xaa,0xaa,0x7a,0x34,0x33,0x33,0x33,0x33,0x31,0x33,0x33,0x33,0x33,0x43,0x34,0x77,0x57,0x44,0x73,0x73,0x33,0x37,0x31,0x33,0x33,0x73,0x37,0xa7,0x77,0xa7,0xa7,
0xae,0x33,0xe7,0xef,0xff,0xee,0xff,0xa7,0xfe,0xff,0xef,0xef,0xaa,0x37,0x3e,0xf3,0xaa,0x73,0xfa,0x7e,0x77,0x7a,0x77,0x37,0x47,0x44,0x33,0x33,0x33,0x33,0x54,0x57,
0x57,0x47,0x44,0x33,0x33,0x33,0x33,0x33,0x33,0x33,0x33,0x31,0x33,0x33,0x33,0x74,0x77,0xaa,0xae,0xaa,0xea,0xae,0xaf,0xaa,0x3e,0xea,0xee,0x44,0xfa,0xff,0xff,0xef,
0xff,0xaa,0xff,0xef,0xea,0xfa,0x7e,0xa3,0xef,0x73,0xff,0xae,0xaa,0xae,0xaa,0xaa,0x77,0x33,0x33,0x43,0x44,0x77,0x44,0x33,0x33,0x33,0x33,0x33,0x44,0x75,0x45,0x34,
0x33,0x33,0x33,0x73,0x34,0x44,0x44,0x44,0x33,0x33,0x33,0x33,0x33,0x74,0x74,0xa7,0xaa,0xef,0xae,0xff,0xee,0xaa,0xff,0xff,0xcf,0x33,0xff,0xee,0xfa,0xff,0x33,0xaa,
0xee,0xa7,0xea,0xae,0xaa,0x7a,0x44,0x33,0x33,0x33,0x33,0x33,0x33,0x34,0x44,0x34,0x33,0x43,0x43,0x44,0x44,0x33,0x33,0x44,0x43,0x74,0xa7,0xaa,0x3a,0x33,0x33,0x33,
0x33,0x33,0x33,0x33,0x33,0x33,0x33,0x33,0x33,0x33,0x33,0x33,0x77,0xab,0xaa,0xea,0xef,0xaf,0xee,0x7a,0xfa,0xfc,0xfc,0xaf,0xaf,0xaa,0xaa,0x7a,0x44,0x44,0x44,0x75,
0x57,0x55,0x75,0x54,0x74,0x44,0x34,0x33,0x33,0x33,0x33,0x33,0x33,0x33,0x55,0x44,0x43,0x33,0x33,0x33,0x33,0x33,0x33,0x33,0x33,0x33,0x33,0x33,0x33,0x33,0x33,0x33,
0x33,0x33,0x33,0x33,0x33,0x33,0x34,0x34,0x74,0x57,0x75,0xea,0xee,0xea,0xaa,0xcc,0xaa,0x33,0x7a,0x77,0x57,0x44,0x44,0x33,0x33,0x33,0x33,0x44,0x77,0xaa,0xaa,0xaa,
0xaa,0x7a,0x47,0x44,0x44,0x74,0x77,0x47,0x13,0x33,0x33,0x33,0x33,0x33,0x33,0x33,0x33,0x33,0x33,0x33,0x33,0x33,0x34,0x34,0x34,0x33,0x33,0x45,0x55,0x7a,0xaa,0x7a,
0x45,0x44,0x45,0x45,0x34,0x33,0x33,0x33,0x73,0xaa,0xaa,0xaa,0x43,0x33,0x34,0x54,0x57,0x54,0x55,0x47,0x44,0x44,0x33,0x33,0x33,0x43,0x54,0x54,0xaa,0xa7,0x55,0x43,
0x44,0x77,0xaa,0x7a,0x57,0x45,0x44,0x44,0x44,0x34,0x33,0x33,0x33,0x33,0x33,0x33,0x44,0x77,0x74,0x7a,0x44,0x44,0x34,0x33,0x33,0x33,0x33,0x33,0x33,0x33,0x33,0x43,
0x77,0x44,0x33,0x34,0x33,0x77,0x55,0x44,0x54,0x75,0x75,0x77,0x44,0x57,0x44,0x44,0x44,0x33,0x33,0x44,0x74,0x47,0x44,0x33,0x33,0x33,0x33,0x33,0x33,0x33,0x43,0x74,
0x77,0x5a,0x45,0x33,0x43,0x43,0x44,0xa7,0x77,0x47,0x33,0x33,0x33,0x33,0x33,0x34,0x34,0x33,0x33,0x33,0x33,0x33,0x33,0x33,0x33,0x33,0x33,0x33,0x43,0x77,0x33,0x33,
0xaa,0xa7,0x57,0x57,0x77,0x75,0x57,0x44,0x54,0x44,0x44,0xa7,0xc5,0x4a,0x34,0x43,0x44,0x44,0x33,0x33,0x43,0x33,0x33,0x33,0x33,0x33,0x33,0x77,0xe7,0xaa,0xaa,0xaa,
0xea,0x44,0x33,0x33,0x33,0x33,0x33,0x33,0x33,0x33,0x33,0x43,0x44,0x34,0x33,0x33,0x34,0x33,0x43,0x43,0x33,0x33,0xc3,0xff,0x4a,0x73,0x57,0x75,0x45,0x44,0x44,0x44,
0x54,0x54,0x77,0x7a,0x77,0x44,0x33,0x74,0xa7,0x7a,0x7a,0x54,0x45,0x54,0x44,0x44,0x44,0x43,0x74,0x77,0xaa,0x57,0x33,0x33,0x33,0x33,0x33,0x74,0x77,0x45,0x44,0x44,
0x44,0x44,0x33,0x33,0x33,0x33,0x33,0xa7,0xa7,0xaa,0xa7,0x77,0x77,0x77,0x37,0x77,0xfe,0xef,0x4e,0xca,0xca,0xaa,0xfe,0x3c,0x47,0x77,0xa7,0xaa,0xaa,0x45,0x44,0x44,
0x54,0x77,0x57,0x77,0x55,0x77,0xa5,0x77,0xaa,0xa7,0xa7,0x77,0x55,0x47,0x44,0x34,0x33,0x33,0x33,0x33,0x54,0x45,0x44,0x54,0x44,0x57,0x34,0x43,0x54,0x77,0x77,0x7a,
0xaa,0xaa,0xaa,0xaa,0xaa,0xee,0x7a,0xa7,0xa7,0xfe,0xfe,0xef,0xef,0x7e,0x77,0xca,0xae,0x7e,0x7a,0x77,0x55,0x77,0x77,0x77,0x77,0x55,0x77,0x77,0x77,0x77,0x77,0xaa,
0xaa,0x5a,0x33,0x44,0x33,0x33,0x33,0x43,0x54,0x77,0x47,0x44,0x44,0x74,0x47,0x44,0x44,0x44,0x54,0x45,0xaa,0x77,0x77,0x34,0x44,0x44,0x33,0x33,0x33,0x33,0x33,0x33,
0x34,0xa7,0xea,0xfa,0xff,0xfe,0xff,0xaf,0xce,0xaa,0xaa,0xaa,0xaa,0xaa,0xaa,0xa7,0x7a,0xae,0xaa,0xca,0xaa,0xaa,0x73,0x33,0x7a,0xea,0x37,0x33,0x43,0x44,0x43,0x54,
0x44,0x44,0x44,0x33,0x34,0x44,0x77,0x77,0x77,0x77,0x57,0x44,0x44,0xa7,0x34,0x33,0x33,0x43,0x44,0x44,0x44,0x43,0x33,0x33,0x33,0x33,0x43,0x74,0xa4,0x75,0x77,0xa7,
0xea,0xae,0x77,0x57,0x55,0x45,0x55,0xa7,0xec,0xaa,0x77,0xaa,0xaa,0xea,0xaf,0xea,0x7a,0x7a,0x77,0xaa,0xea,0xaa,0x35,0x44,0x44,0x44,0x44,0x44,0x34,0x44,0x44,0x34,
0x73,0x57,0x54,0x57,0xa7,0xaa,0xe7,0xaa,0x7c,0x44,0x34,0x33,0x33,0x34,0x43,0x44,0x44,0x43,0x44,0x45,0x57,0x44,0x33,0x33,0x43,0x34,0x44,0x44,0x77,0x77,0x55,0x75,
0x57,0x77,0xa7,0xaa,0xee,0xaa,0xae,0xa7,0xfe,0xff,0xef,0xae,0xea,0xee,0xaa,0xaa,0x7a,0x77,0x55,0x57,0x55,0x77,0x77,0x77,0xa7,0xaa,0xea,0xce,0x57,0x45,0x45,0x45,
0x74,0xa7,0x77,0xaa,0xae,0x77,0x34,0x33,0x44,0x57,0xaa,0x77,0x57,0x44,0x43,0x44,0x44,0x54,0x44,0x44,0x44,0x74,0xa7,0xaa,0xaa,0x3a,0xa7,0xaa,0xee,0xaa,0xaa,0x77,
0x77,0x77,0x77,0xc4,0xea,0xaa,0x7a,0x54,0x55,0x75,0x75,0x75,0x77,0x77,0x77,0x77,0x77,0x75,0x77,0xa4,0xae,0x44,0x77,0x77,0x77,0x77,0x55,0x55,0x44,0x44,0x44,0xa5,
0xa7,0xea,0xaa,0x7a,0x44,0x44,0x45,0x77,0x77,0x77,0x77,0x77,0x77,0x77,0x77,0xfa,0x73,0xaa,0xee,0x7f,0xaa,0x7a,0x57,0x55,0x57,0x77,0x77,0x77,0xaa,0xea,0x7a,0x77,
0x77,0x77,0x77,0x7a,0x45,0x44,0x74,0x77,0x77,0x77,0x7a,0x77,0x55,0xaa,0x7a,0xa7,0x77,0x77,0x77,0x77,0x77,0x47,0x45,0x44,0x44,0x55,0x55,0x74,0xea,0xee,0xac,0x57,
0x77,0x77,0x77,0x77,0x57,0x55,0x77,0x77,0xa7,0xae,0x44,0x77,0xff,0xae,0x3a,0x77,0x77,0x77,0x55,0xa7,0xaa,0x7a,0xac,0x77,0x77,0x77,0x77,0x77,0x57,0x55,0x77,0x77,
0x77,0x77,0x77,0x77,0x77,0x47,0xe7,0xac,0x77,0xa7,0x77,0x77,0x77,0x77,0x77,0x77,0x77,0x57,0x75,0x45,0x55,0x75,0x77,0x77,0xaa,0xae,0xae,0x7a,0x45,0x54,0x75,0x75,
0xaa,0xaa,0xca,0xaa,0xa7,0x47,0xa3,0xaa,0x77,0x3a,0x77,0x7a,0xae,0xee,0xaa,0x77,0x77,0x77,0x37,0x77,0x77,0x77,0x77,0xaa,0x57,0x75,0x77,0x7a,0x77,0x77,0xa7,0xe7,
0xaa,0x77,0xaa,0x77,0x77,0x77,0x77,0x77,0x77,0x77,0x77,0x77,0x77,0x77,0x77,0x77,0x77,0x77,0x77,0xa7,0xaa,0xfe,0xe7,0xca,0xae,0xcc,0x5a,0x44,0x44,0xa4,0xa7,0x44,
0x33,0x7a,0x7a,0xa3,0xaa,0xaa,0xaa,0xa7,0xea,0x7a,0x7a,0xea,0x7e,0x73,0x7a,0xa7,0x7a,0x77,0x77,0x77,0x77,0xa7,0x77,0xa7,0xe7,0xa7,0x7a,0xae,0xaa,0x77,0x77,0x77,
0x77,0x77,0x77,0x77,0x77,0xaa,0xaa,0x77,0x77,0x7a,0x77,0x77,0xa7,0xaa,0xce,0xee,0xcc,0xa7,0xaa,0xaa,0x7a,0x43,0x54,0xea,0x5a,0x77,0xaa,0xf7,0xaa,0xe7,0x7a,0xaa,
0x7a,0x3a,0x77,0xaa,0xaf,0xef,0xee,0xea,0x77,0x77,0x77,0x77,0x57,0xa7,0xaa,0xaa,0x7f,0xaa,0xaf,0xaa,0xe7,0xaa,0x7e,0xaa,0x77,0x77,0x77,0x77,0x77,0x77,0xaa,0xaa,
0xaa,0x7a,0xaa,0x7a,0x77,0xa5,0xaa,0xaf,0xaa,0x77,0xa7,0xaa,0xaa,0xaa,0xaa,0x71,0xa7,0xff,0x75,0x75,0x74,0xfc,0xff,0xea,0x0a,0xaa,0xaa,0xae,0x7a,0x77,0xa7,0xae,
0xea,0x7e,0x77,0xa7,0x7a,0x77,0xcc,0xfe,0xfe,0xef,0xef,0xff,0xef,0xee,0xee,0xef,0xee,0xee,0xac,0xaa,0xac,0xba,0xbc,0xac,0xaa,0xaa,0xaa,0xaa,0xaa,0xaa,0xec,0xea,
0x7c,0xfa,0x7a,0x77,0xaa,0xaa,0xaa,0xaa,0x07,0x33,0xf1,0xef,0x4a,0xe7,0xec,0xfe,0xff,0x1f,0x30,0x30,0xef,0xfe,0xef,0x57,0x44,0x73,0x77,0x77,0xaa,0xaa,0xaa,0xea,
0xaa,0xec,0x7e,0xef,0xac,0x77,0x54,0x55,0x55,0x54,0x54,0x45,0x54,0x77,0xaa,0xea,0xee,0xea,0x7a,0x7e,0xaf,0xff,0xee,0xef,0xac,0xaa,0xaa,0xfa,0xae,0xa7,0xfa,0xaa,
0xaa,0xaa,0x7a,0xa0,0xfe,0xef,0xee,0xfe,0xee,0xee,0xff,0xbf,0x37,0x73,0xff,0xff,0xff,0x3f,0x34,0x34,0x77,0x77,0x7a,0xaa,0xaa,0xaa,0xaa,0xaa,0xee,0xaa,0x7a,0x77,
0x77,0x57,0x77,0x77,0x77,0x7a,0x77,0x77,0x77,0x75,0xe5,0xee,0xaf,0xaa,0xaa,0xee,0xaa,0xaa,0xaa,0xaa,0xaa,0xea,0xaf,0xaa,0xef,0x77,0x7a,0xae,0xaa,0xfe,0xff,0xff,
0xee,0xff,0xee,0xfe,0xaf,0xff,0x4f,0xfa,0xff,0xff,0xff,0xef,0xa3,0xaa,0xfc,0xaa,0xaa,0xfa,0xaa,0xaa,0xaa,0xec,0xaa,0x77,0x77,0x77,0x77,0x77,0x77,0x77,0x77,0x75,
0x7a,0x7a,0xaa,0xaa,0x77,0x77,0xea,0xee,0xfe,0xea,0xee,0xae,0x77,0xea,0x77,0xa7,0xff,0xff,0x7f,0xaa,0xaa,0xa3,0xee,0xfe,0xef,0xfe,0xee,0xff,0xaf,0xaa,0xfa,0xfa,
0xff,0xef,0xfa,0xff,0xff,0xff,0xaa,0xaa,0xea,0xfa,0xfe,0xff,0xae,0xaa,0xfa,0x5a,0x55,0x77,0x77,0xaa,0xa7,0xaa,0x7a,0xaa,0x7a,0xaa,0xaa,0xaa,0xaa,0xaa,0xaa,0xa7,
0x77,0xfa,0xaa,0xa7,0xaa,0xaa,0xae,0xea,0xaf,0xfa,0xff,0xff,0xef,0xef,0x7f,0xe3,0xff,0xff,0xff,0xff,0xee,0xff,0xef,0x4a,0xfa,0xff,0xff,0xff,0xff,0xff,0xff,0xff,
0xac,0xa7,0x44,0xfa,0xff,0xef,0xaa,0xea,0xae,0x55,0x55,0x55,0x55,0xaa,0xaa,0xba,0xab,0xaa,0xaa,0xaa,0xaa,0xaa,0xaa,0xaa,0xaa,0xaa,0xaa,0xee,0xaa,0xaa,0xaa,0xaa,
0xfe,0xee,0xfe,0xfe,0xff,0xff,0xff,0xaf,0xff,0xfe,0xff,0xff,0xff,0xff,0xff,0xff,0xcf,0xfe,0xee,0xff,0xff,0xff,0xff,0xff,0xff,0xfe,0xef,0x7a,0xea,0xec,0xff,0xff,
0xae,0xef,0xfa,0xef,0x77,0xa7,0xaa,0xa7,0xaa,0xaa,0xbb,0xab,0xaa,0xaa,0xaa,0xaa,0xaa,0xaa,0xaa,0xba,0xec,0xae,0xab,0xa7,0xa7,0x7f,0xaa,0xff,0xff,0xff,0xff,0xff,
0xff,0xea,0xff,0xff,0xff,0xff,0xff,0xff,
},
{ // dark
0xaa,0xaa,0xaa,0xaa,0xaa,0xaa,0xaa,0xda,0xaa,0xaa,0xaa,0xaa,0xaa,0xaa,0xaa,0xaa,0xaa,0xaa,0xaa,0xaa,0xaa,0xaa,0xaa,0xaa,0xaa,0xaa,0xaa,0xaa,0xaa,0xba,0xaa,0xaa,
0xaa,0xaa,0xaa,0xaa,0xaa,0xaa,0xaa,0xaa,0xaa,0xaa,0xaa,0xaa,0xaa,0xaa,0xaa,0xaa,0xaa,0xaa,0xaa,0xaa,0xaa,0xaa,0xaa,0xaa,0xaa,0xaa,0xaa,0xaa,0xaa,0xaa,0xaa,0xaa,
0xaa,0xea,0xab,0xaa,0xaa,0xaa,0xaa,0xaa,0xaa,0xaa,0xaa,0xaa,0xaa,0xaa,0xaa,0xaa,0xaa,0xaa,0xaa,0xaa,0xaa,0xaa,0xaa,0xaa,0xaa,0xaa,0xaa,0xaa,0xaa,0xaa,0xaa,0xaa,
0xaa,0xaa,0xaa,0xaa,0xaa,0xaa,0xaa,0xaa,0xaa,0xaa,0xaa,0xaa,0xaa,0xaa,0xaa,0xaa,0xaa,0xaa,0xaa,0xaa,0xaa,0xaa,0xaa,0xaa,0xaa,0x8a,0xaa,0xfb,0xad,0xaa,0x8a,0xaa,
0x8a,0xaa,0xaa,0xaa,0xaa,0x8a,0xaa,0xaa,0xaa,0xaa,0xaa,0xaa,0x8a,0x88,0x88,0x88,0xaa,0xaa,0xaa,0xaa,0xaa,0xaa,0xaa,0xaa,0xaa,0xaa,0xaa,0xaa,0xaa,0xaa,0xaa,0x8a,
0xaa,0xaa,0xaa,0xaa,0xaa,0xaa,0xaa,0xaa,0xaa,0xaa,0xaa,0xaa,0xaa,0xaa,0xaa,0xaa,0xaa,0xaa,0xaa,0xaa,0xaa,0xfd,0xbd,0xaa,0xaa,0xaa,0xaa,0xaa,0xaa,0xaa,0xaa,0xaa,
0xaa,0xaa,0xaa,0xaa,0xaa,0x88,0x88,0x78,0x87,0x88,0x88,0xa8,0xaa,0xaa,0xaa,0xaa,0xaa,0xaa,0xaa,0xaa,0xaa,0xaa,0xaa,0xaa,0xaa,0xaa,0xaa,0xaa,0xaa,0xaa,0xaa,0xaa,
0x5a,0xaa,0xaa,0xaa,0xaa,0xaa,0xac,0xaa,0xaa,0xaa,0xaa,0xaa,0xaa,0xaa,0xba,0xfe,0xbd,0xaa,0xaa,0xaa,0xaa,0xaa,0xaa,0xaa,0xaa,0xaa,0xaa,0xaa,0xaa,0x8a,0x88,0x78,
0x55,0x55,0x55,0x75,0x88,0x88,0x88,0x8a,0xaa,0xaa,0xaa,0xaa,0xaa,0xaa,0xaa,0xaa,0xaa,0x8a,0xaa,0xaa,0xaa,0xaa,0xaa,0xaa,0xaa,0xaa,0xaa,0xaa,0xaa,0xaa,0xaa,0xaa,
0xad,0xaa,0xaa,0xaa,0xaa,0xaa,0xaa,0xaa,0xed,0xff,0xef,0xad,0xaa,0xaa,0xaa,0xa8,0xaa,0xaa,0xaa,0xaa,0xaa,0x8a,0x88,0x88,0x78,0x45,0x00,0x00,0x00,0x54,0x75,0x88,
0x88,0x88,0xaa,0xaa,0xaa,0xaa,0xaa,0xaa,0xaa,0x88,0xa8,0xa8,0xaa,0xaa,0xaa,0xaa,0xaa,0xaa,0xaa,0xaa,0xaa,0xaa,0xaa,0xaa,0xaa,0xba,0xaf,0xaa,0x8a,0xaa,0xaa,0xa8,
0xaa,0xaa,0xda,0xff,0xcd,0xab,0xaa,0xaa,0xaa,0xaa,0xaa,0xaa,0xaa,0xaa,0x8a,0x88,0x88,0x78,0x55,0x00,0x00,0x00,0x00,0x00,0x54,0x87,0x88,0x88,0x88,0xa8,0xaa,0xaa,
0xaa,0x8a,0x88,0xaa,0xaa,0xaa,0xaa,0xaa,0xaa,0xaa,0xaa,0xaa,0xaa,0xaa,0xaa,0xaa,0xaa,0xaa,0xaa,0xda,0xdf,0xaa,0xaa,0xaa,0xaa,0x8a,0xaa,0xaa,0xda,0xff,0xdd,0xab,
0xaa,0x8a,0xaa,0xa8,0xaa,0xaa,0xaa,0x8a,0x88,0x88,0x88,0x57,0x04,0x00,0x00,0x00,0x00,0x00,0x40,0x75,0x87,0x88,0x88,0x88,0xa8,0xaa,0x8a,0x84,0xaa,0xaa,0xaa,0xaa,
0xaa,0xaa,0xaa,0xaa,0xaa,0xaa,0xaa,0xaa,0xaa,0xaa,0xaa,0xaa,0xaa,0xea,0xff,0xab,0xaa,0xaa,0xaa,0x8a,0xaa,0xcc,0xfe,0xff,0xef,0xce,0xab,0xaa,0x58,0x45,0x54,0xaa,
0xaa,0x88,0x88,0x88,0x78,0x57,0x04,0x00,0x00,0x00,0x00,0x00,0x00,0x54,0x77,0x88,0x88,0x88,0x88,0x5a,0x88,0xa8,0xaa,0xaa,0xaa,0xaa,0xaa,0xaa,0xaa,0xaa,0xaa,0xaa,
0xaa,0xaa,0xaa,0xaa,0xaa,0xaa,0xaa,0xdc,0xee,0xaa,0xaa,0xaa,0xaa,0xaa,0xaa,0xec,0xff,0xff,0xfe,0xff,0xac,0xaa,0xaa,0xaa,0x48,0xa5,0x8a,0x88,0x88,0x88,0x77,0x45,
0x00,0x00,0x00,0x00,0x00,0x00,0x00,0x54,0x75,0x87,0x88,0x88,0x58,0x44,0x88,0xaa,0xaa,0xaa,0xaa,0xaa,0xaa,0xaa,0xaa,0x8a,0xaa,0xaa,0xaa,0xaa,0xaa,0xaa,0xaa,0xaa,
0x99,0xde,0xff,0xce,0xaa,0xaa,0xaa,0xaa,0x8a,0xe8,0xfb,0xef,0xed,0xbc,0x88,0xaa,0xaa,0xaa,0xaa,0x8a,0x48,0x54,0x88,0x88,0x57,0x45,0x00,0x00,0x00,0x00,0x00,0x00,
0x00,0x40,0x55,0x77,0x88,0x87,0x55,0x88,0x88,0xa8,0xaa,0xaa,0xaa,0xaa,0xaa,0xaa,0xaa,0xaa,0xaa,0xaa,0xaa,0xaa,0xaa,0xaa,0xaa,0xaa,0xea,0xef,0xff,0xdf,0x8a,0xaa,
0xaa,0xa8,0x88,0x88,0xfa,0xee,0xdd,0xad,0x88,0x88,0x88,0xa8,0x88,0x88,0x88,0x58,0x45,0x85,0x57,0x04,0x00,0x00,0x00,0x00,0x00,0x00,0x00,0x40,0x55,0x55,0x44,0x44,
0x55,0x88,0x88,0x88,0xa8,0xaa,0xaa,0xaa,0xaa,0x8a,0xaa,0xaa,0xaa,0xaa,0xaa,0xaa,0x8a,0xa8,0x85,0x88,0xa8,0xdd,0xfe,0x8c,0x55,0x85,0x88,0x88,0x88,0xb8,0xee,0xee,
0xde,0xdd,0x8a,0x88,0x88,0x88,0x88,0x88,0x88,0x88,0x88,0x77,0x55,0x04,0x00,0x00,0x00,0x00,0x00,0x00,0x00,0x40,0x54,0x55,0x77,0x77,0x88,0x88,0x88,0x88,0x88,0x88,
0x88,0x88,0x88,0x88,0x88,0x88,0x88,0x8a,0x44,0x88,0x88,0x88,0x88,0x88,0xc8,0xdd,0xef,0xbe,0x88,0x88,0x88,0x88,0xb8,0xee,0xfe,0xfe,0xdf,0xef,0xbd,0xac,0x88,0x88,
0x88,0x88,0x88,0x88,0x78,0x77,0x55,0x04,0x00,0x00,0x00,0x00,0x00,0x00,0x00,0x40,0x54,0x75,0x77,0x77,0x88,0x88,0x88,0x88,0x88,0x88,0x88,0x88,0x88,0x88,0x88,0x88,
0x88,0x44,0x44,0x54,0x88,0x88,0x88,0xb9,0xdd,0xfe,0xff,0xff,0x88,0x88,0x88,0xc8,0xfe,0xef,0xff,0xff,0xee,0xff,0xee,0xae,0x88,0x88,0x88,0x88,0x88,0x88,0x77,0x57,
0x55,0x04,0x00,0x00,0x00,0x00,0x00,0x00,0x00,0x40,0x54,0x55,0x75,0x77,0x88,0x88,0x88,0x88,0x88,0x88,0x88,0x88,0x88,0x88,0x88,0x88,0xa8,0x00,0x44,0x44,0x44,0x85,
0x88,0xca,0xff,0xff,0xff,0xff,0x48,0x84,0x88,0x88,0xdc,0xff,0xff,0xef,0xdd,0xff,0xee,0x88,0x88,0x88,0x88,0x88,0x88,0x78,0x77,0x57,0x55,0x44,0x00,0x00,0x00,0x00,
0x00,0x00,0x00,0x40,0x54,0x55,0x75,0x77,0x88,0x88,0x88,0x88,0x88,0x88,0x88,0x88,0x88,0x88,0x88,0x88,0x44,0x44,0x44,0x44,0x44,0x54,0x58,0xb5,0xe8,0xde,0xee,0xcf,
0x44,0x54,0x84,0x88,0xfa,0xfb,0xff,0xde,0xdc,0xfd,0xa8,0x88,0x85,0x88,0x88,0x04,0x74,0x88,0x78,0x57,0x55,0x44,0x00,0x00,0x00,0x00,0x00,0x00,0x00,0x44,0x54,0x55,
0x75,0x77,0x88,0x88,0x88,0x88,0x88,0x88,0x88,0x88,0x48,0x88,0x88,0x88,0x04,0x44,0x44,0x44,0x44,0x44,0x58,0x55,0xd8,0xbd,0xed,0xfe,0x44,0x44,0x44,0x88,0xa8,0xd8,
0xee,0xde,0xcd,0xbd,0x5b,0x87,0x88,0x58,0x44,0x44,0x00,0x75,0x7b,0x55,0x55,0x44,0x04,0x00,0x00,0x00,0x00,0x00,0x00,0x44,0x54,0x55,0x55,0x77,0x88,0x88,0x88,0x58,
0x88,0x88,0x88,0x48,0x40,0x44,0x85,0x48,0x44,0x44,0x44,0x44,0x44,0x44,0x88,0x75,0xcd,0xcd,0xde,0xee,0x54,0x44,0x44,0x84,0x88,0xed,0xee,0xfe,0xbf,0xbe,0xbb,0x75,
0x88,0x45,0x44,0x44,0x04,0x50,0x7e,0x57,0x55,0x44,0x44,0x00,0x00,0x00,0x00,0x00,0x40,0x44,0x55,0x55,0x55,0x77,0x88,0x88,0x88,0x88,0x88,0x88,0x88,0x00,0x44,0x44,
0x84,0x44,0x44,0x44,0x44,0x44,0x44,0x44,0x84,0xb8,0xec,0xed,0xff,0xef,0xbd,0x44,0x44,0x88,0xdc,0xee,0xee,0xff,0xef,0xfe,0xdd,0x9c,0x8c,0x45,0x44,0x44,0x44,0x40,
0xae,0x55,0x55,0x45,0x44,0x04,0x00,0x00,0x00,0x00,0x44,0x44,0x55,0x55,0x75,0x87,0x88,0x88,0x88,0x88,0x88,0x88,0x88,0x40,0x44,0x44,0x44,0x44,0x44,0x44,0x44,0x44,
0x44,0xa4,0xc8,0xdd,0xfe,0xfd,0xff,0xfe,0x4c,0x44,0x44,0x54,0xec,0xee,0xff,0xef,0xfd,0xff,0xee,0xfe,0x4f,0x45,0x44,0x44,0x44,0xb4,0x9e,0x54,0x55,0x45,0x44,0x44,
0x04,0x00,0x00,0x44,0x44,0x54,0x55,0x55,0x75,0x87,0x88,0x88,0x88,0x88,0x88,0x88,0x05,0x40,0x44,0x44,0x44,0x44,0x44,0x44,0x44,0x44,0x44,0x54,0xfc,0xfe,0xff,0xff,
0xfe,0xff,0x44,0x44,0xdc,0xed,0xee,0xef,0xff,0xee,0xed,0xfe,0xff,0x5f,0x48,0x44,0x44,0x44,0x44,0xe4,0xdf,0x54,0x04,0x44,0x44,0x44,0x44,0x44,0x44,0x44,0x44,0x55,
0x55,0x75,0x77,0x87,0x88,0x88,0x88,0x88,0x88,0x88,0x04,0x44,0x44,0x44,0x44,0x44,0x44,0x44,0x54,0x44,0x44,0x44,0xba,0xff,0xff,0xde,0xee,0xff,0x44,0x44,0xd8,0xef,
0xfe,0xff,0xef,0xde,0xdc,0xed,0x5f,0x8c,0x44,0x44,0x44,0x44,0x44,0xff,0xfe,0x4c,0x04,0x44,0x44,0x44,0x44,0x44,0x44,0x44,0x44,0x55,0x55,0x75,0x77,0x88,0x48,0x88,
0x88,0x88,0x88,0x88,0x44,0x44,0x44,0x44,0x44,0x44,0x44,0x44,0xa4,0x45,0x44,0x44,0xc4,0xa8,0xee,0xdd,0xed,0xfe,0x8b,0x58,0x54,0xce,0xff,0xff,0xef,0xdd,0xbb,0xdd,
0xad,0x44,0x44,0x44,0x44,0x44,0x44,0xf5,0xde,0x48,0x44,0x44,0x04,0x44,0x44,0x44,0x44,0x44,0x44,0x55,0x04,0x44,0x75,0x88,0x88,0x88,0x88,0x88,0x85,0x88,0x58,0x44,
0x44,0x44,0x44,0x44,0x44,0x44,0xd5,0x48,0x44,0x44,0x44,0x54,0xde,0xbe,0xdd,0xee,0xde,0x5e,0x44,0xe5,0xbb,0xff,0xde,0xcd,0x9b,0xbb,0xdc,0x48,0x44,0x44,0x44,0x44,
0x44,0xeb,0xcf,0x4b,0x44,0x44,0x44,0x40,0x44,0x44,0x44,0x44,0x45,0x44,0x00,0x44,0x74,0x88,0x88,0x88,0x88,0x88,0x88,0x58,0x45,0x40,0x44,0x44,0x44,0x44,0x44,0x44,
0xd8,0x48,0x44,0x44,0x44,0xd8,0xdd,0x9b,0xcc,0xee,0xef,0x45,0x44,0x44,0xe4,0xef,0xed,0xdd,0xde,0xd9,0xbb,0x9c,0x48,0x44,0x44,0x44,0xee,0xff,0xef,0xdf,0x48,0x44,
0x44,0x04,0x44,0x44,0x44,0x44,0x00,0x04,0x44,0x44,0x44,0x58,0x85,0x88,0x88,0x88,0x88,0x04,0x44,0x44,0x44,0x44,0x44,0x44,0x44,0x44,0xda,0x4b,0x44,0x44,0x84,0xdd,
0xdc,0x99,0xbd,0xdd,0x8d,0x55,0x85,0x84,0xee,0xee,0xff,0xff,0xef,0xeb,0xed,0xdd,0x8c,0x54,0x44,0x44,0xd5,0xff,0xde,0xaf,0x44,0x44,0x44,0x44,0x44,0x44,0x44,0x45,
0x40,0x44,0x44,0x44,0x44,0x44,0x44,0x75,0x77,0x57,0x85,0x44,0x44,0x44,0x44,0x44,0x44,0x45,0x44,0xa4,0xdc,0x8d,0x54,0x54,0xdb,0xdd,0x9d,0xdb,0xbf,0xfd,0xcd,0xcb,
0xf5,0xea,0xee,0xfe,0xff,0xff,0xfe,0xcf,0xdf,0xdd,0xed,0xed,0x48,0x44,0x54,0xef,0xce,0x5d,0x44,0x44,0x44,0x40,0x44,0x44,0x55,0x44,0x40,0x44,0x44,0x44,0x44,0x44,
0x44,0x44,0x77,0x45,0x44,0x44,0x44,0x44,0x44,0x44,0x54,0x54,0x44,0x44,0xdc,0x5c,0xe8,0xdd,0xdd,0xed,0xbe,0xfd,0xef,0xdf,0xb9,0xff,0xee,0xee,0xfe,0xff,0xff,0xfe,
0xed,0xff,0xff,0xee,0xee,0xaf,0x44,0x44,0xd5,0xee,0xdf,0xcd,0x47,0x44,0x44,0x44,0x04,0x44,0x44,0x04,0x44,0x44,0x44,0x44,0x44,0x44,0x44,0x44,0x75,0x44,0x44,0x44,
0x44,0x44,0x44,0x44,0x84,0x44,0x44,0xa5,0xdc,0x8d,0x84,0xed,0xde,0xfe,0xfd,0xef,0xff,0xef,0xbb,0x99,0xfb,0xff,0xff,0xef,0xef,0xee,0xdb,0xef,0xff,0xff,0xaf,0x8c,
0x48,0xbe,0xff,0xfe,0xff,0xee,0xdd,0x45,0x44,0x44,0x44,0x44,0x44,0x44,0x44,0x44,0x44,0x44,0x44,0x44,0x44,0x44,0x44,0x44,0x44,0x44,0x44,0x44,0x44,0x44,0xe4,0x44,
0x44,0xdc,0xcc,0xdd,0x5a,0x8c,0xef,0xff,0xff,0xdf,0xee,0xff,0xcb,0xeb,0xfe,0xff,0xff,0xee,0xee,0xde,0xcd,0xde,0xfe,0x8f,0xef,0x88,0x88,0xec,0xff,0xff,0xde,0xfe,
0xac,0x44,0x44,0x44,0x44,0x44,0x44,0x44,0x44,0x44,0x44,0x48,0x44,0x44,0x44,0x44,0x44,0x44,0x44,0x44,0x44,0x44,0x44,0x44,0xd5,0x48,0x44,0xa5,0xcc,0xdc,0x48,0xd4,
0xac,0xff,0xfd,0xbf,0xdc,0xee,0xde,0xee,0xce,0xfe,0xef,0xde,0xed,0x9d,0xdd,0xdc,0xdd,0xcf,0x88,0x88,0x88,0xd8,0xfa,0xef,0xbd,0xdb,0x88,0x85,0x45,0x44,0x44,0x44,
0x44,0x44,0x44,0x44,0x44,0x48,0x44,0x44,0x44,0x44,0x44,0x44,0x44,0x44,0x44,0x44,0x44,0x44,0xd8,0x8a,0x58,0xc5,0xdb,0xcc,0x44,0x54,0xa4,0xef,0xfe,0xbd,0xdb,0xfd,
0xef,0xcc,0xcc,0xef,0xee,0xee,0xee,0x99,0xbe,0x9b,0xcb,0xcc,0x58,0x85,0x85,0xa8,0xee,0xde,0xcf,0xdb,0x8b,0x88,0x88,0x44,0x44,0x44,0x44,0x44,0x44,0x44,0x54,0x4d,
0x44,0x44,0x44,0x44,0x85,0x48,0x44,0x44,0x44,0x44,0x44,0x85,0xcd,0x8d,0xc8,0xdd,0xcd,0xcc,0x48,0x45,0xd4,0xde,0xcf,0x99,0xcb,0xdd,0xcf,0xdb,0xff,0xee,0xfe,0xee,
0xbd,0xb9,0xcf,0x99,0xd9,0xcb,0x8c,0x54,0xd5,0xec,0xff,0xfd,0xff,0xed,0xcc,0xb9,0x8a,0x88,0x45,0x44,0x44,0x44,0x44,0x44,0x84,0x5d,0x44,0x44,0x44,0x85,0x88,0x88,
0x48,0x44,0x44,0x44,0x85,0x88,0xbc,0x5a,0x85,0xdb,0xcc,0xcb,0x5c,0x8b,0xfc,0xdd,0x9c,0x77,0x99,0xcb,0xd9,0xff,0xff,0xff,0xef,0xcd,0x9f,0xdd,0xdf,0x99,0xb9,0xdd,
0x9c,0x5a,0x88,0xef,0xef,0xff,0xee,0xfe,0xee,0xfe,0x8a,0x58,0x88,0x48,0x44,0x45,0x44,0x44,0xd5,0xbd,0x44,0x44,0x88,0x88,0x88,0x88,0x88,0x48,0x44,0x85,0x58,0xaa,
0xdd,0x8d,0x58,0xb8,0xcb,0xcc,0x8a,0xfe,0xdd,0xbc,0x99,0x75,0x9b,0xbb,0x96,0xf6,0xff,0xff,0xdf,0xff,0xdd,0xff,0xff,0xbb,0x9d,0xb9,0xdd,0xcc,0x88,0x88,0xff,0xee,
0xce,0xfe,0xef,0x8e,0x88,0x55,0x55,0x88,0x85,0x4b,0x44,0x44,0xc5,0xcc,0x48,0x88,0x85,0x88,0x88,0x88,0x88,0x88,0x58,0x55,0x58,0xd8,0xcd,0xdc,0xa8,0xcc,0xbb,0xcc,
0x8b,0xbb,0xcc,0x69,0x69,0xc7,0xbd,0xd9,0x79,0x67,0xbb,0xfb,0xef,0xff,0xff,0xff,0xff,0xdd,0xed,0xb9,0xdd,0xbb,0xcd,0xef,0xef,0xee,0xbd,0xdc,0x8e,0x5b,0x54,0x54,
0x55,0x55,0xc8,0x5d,0x45,0x44,0xd8,0xcc,0x58,0x58,0x55,0x85,0x88,0x88,0x88,0x88,0x55,0x85,0x55,0x85,0xcc,0x8c,0xa4,0xbc,0xbb,0xcd,0xcb,0xcd,0x9b,0x96,0x6d,0xf6,
0xdf,0xfb,0x96,0x66,0x66,0xe9,0xff,0xff,0xef,0xfe,0xfe,0xff,0xfd,0xbc,0xeb,0xbe,0xde,0xee,0xee,0xde,0xdf,0xcb,0x8c,0x44,0x44,0x84,0x44,0x54,0xe5,0x8e,0x55,0xa5,
0xdd,0xdd,0x88,0x44,0x44,0x55,0x55,0x55,0x55,0xa5,0x55,0x55,0x54,0xc8,0xcc,0xcc,0x55,0xba,0xcb,0xdc,0xee,0xbc,0xdd,0xb7,0x9d,0xfe,0xfe,0xfe,0x6b,0x7b,0xbb,0xde,
0xff,0xef,0xde,0xfe,0xec,0xff,0xfe,0xee,0xbd,0xcf,0xe9,0xee,0xee,0xef,0xff,0xdd,0xbd,0x45,0x44,0xa4,0x45,0x44,0xfa,0x8d,0x54,0x55,0xcb,0xdc,0x8d,0x44,0x54,0x44,
0x44,0x54,0x44,0xd4,0x44,0x44,0x84,0xdc,0xcd,0xcc,0xcc,0xbb,0xcb,0xdb,0xde,0xfb,0x9f,0xf9,0xdd,0xdd,0xee,0xfe,0x9f,0x9d,0xbf,0xff,0xff,0xfe,0xde,0xef,0xcb,0xef,
0xfd,0xff,0xff,0xfd,0xfe,0xfe,0xfe,0xff,0xee,0xef,0xce,0xbc,0x84,0xa4,0x48,0x44,0xf5,0x8e,0x44,0x85,0xcc,0xcc,0x48,0x54,0x44,0x44,0x44,0x88,0x44,0xf8,0x45,0x55,
0x44,0xcb,0xcc,0xac,0xa8,0xbb,0xbb,0xbb,0xcc,0xff,0xdf,0xfe,0xee,0xcb,0xee,0xfe,0xef,0xef,0xfe,0xff,0xff,0xfe,0xdd,0xef,0x99,0xfb,0xde,0xfe,0xae,0xfc,0xef,0xff,
0xff,0xef,0xde,0xfe,0xef,0xcd,0xdd,0xb8,0x5a,0xa4,0xef,0xdd,0x48,0xc8,0xcc,0xcc,0x4b,0x84,0x44,0x44,0x54,0x88,0x58,0xeb,0x4c,0x54,0x44,0xb5,0xcc,0xcb,0x88,0xbb,
0xbb,0xdb,0xfc,0xfe,0xff,0xff,0xbf,0xdb,0xdd,0xee,0xed,0xff,0xff,0xff,0xef,0xde,0xed,0xde,0x99,0xbb,0x9f,0xeb,0xce,0xa8,0xff,0xff,0xff,0xef,0xcd,0xed,0xfe,0xff,
0x4d,0xba,0x4b,0x55,0xfa,0xaf,0x44,0x84,0xcc,0xcc,0xcc,0xa5,0x48,0x54,0x58,0x88,0x45,0xec,0x58,0x85,0x88,0xcb,0xcc,0xcb,0xaa,0xbb,0xca,0xdc,0xde,0xfd,0xff,0xec,
0xbd,0x99,0x9b,0xed,0xdd,0xee,0xff,0xff,0xde,0xed,0xde,0xbd,0x79,0x96,0xd9,0xb9,0xbb,0x89,0xbb,0xff,0xee,0xee,0xce,0xdb,0xed,0x8d,0x5a,0xba,0x8b,0x85,0xfe,0xde,
0x4c,0xa8,0xcb,0xcc,0x8b,0xb5,0x4a,0x55,0x8a,0x88,0x88,0xee,0x8e,0x84,0xb8,0xcc,0xdc,0xbb,0xcc,0xab,0xdb,0xcc,0xdc,0xce,0xbf,0xdb,0xb9,0x96,0x7d,0xc9,0x9d,0xb7,
0xfe,0xee,0xdd,0xee,0xdd,0x9d,0x9d,0x76,0xb9,0x9c,0x99,0xb9,0xeb,0xed,0xee,0xde,0xdf,0xbb,0xcb,0xcd,0x55,0xba,0x8b,0xe8,0xef,0xee,0x58,0xb5,0xcc,0xbb,0x5a,0xa8,
0x5a,0x54,0x8c,0x88,0xc8,0xee,0x8f,0xa4,0x88,0xbb,0xcb,0xbc,0xbc,0xaa,0xdc,0xbd,0xdc,0xcb,0x9b,0x99,0x69,0xb6,0x9d,0xb9,0x67,0x97,0xd9,0xed,0xed,0xef,0xdd,0xcc,
0x9e,0x69,0x7c,0xd9,0x99,0xb9,0x79,0xbb,0xee,0xdd,0xbf,0xbe,0xce,0xdc,0xcc,0xab,0xab,0xd8,0xee,0xed,0xbd,0xba,0xbc,0xcb,0xac,0xaa,0x5a,0x84,0xad,0x85,0x85,0xed,
0x5e,0x85,0x58,0xbb,0xdb,0xbb,0xac,0xba,0xbd,0xbd,0xbd,0x99,0xdc,0xbb,0x66,0xb9,0x9d,0x99,0x76,0x66,0x66,0x6b,0xfe,0xdf,0xfe,0xec,0x9e,0x9b,0xbb,0x99,0xbd,0x99,
0xcd,0xdb,0xde,0xec,0xff,0xdf,0xee,0xed,0xdc,0xdd,0xbb,0xa8,0xde,0xdd,0x8a,0xba,0xab,0xbb,0xbc,0xab,0x8a,0xa4,0xdd,0x58,0xca,0xee,0xce,0xaa,0xba,0xbc,0xcb,0xbb,
0xbb,0xba,0xdd,0xdd,0xbb,0xdb,0x7c,0x69,0x93,0xdb,0xbf,0x97,0xc3,0x67,0x77,0xb7,0x69,0xef,0xfe,0xfe,0xde,0x9c,0xf9,0x9b,0xfb,0xbd,0xeb,0xee,0xdf,0xfe,0xef,0xff,
0xff,0xed,0xee,0xbd,0xca,0xec,0xfe,0xde,0xad,0xaa,0xaa,0xaa,0xbb,0xaa,0x8a,0xb4,0xdd,0x58,0xea,0xee,0xbe,0x88,0xcc,0xcc,0xcc,0xcb,0xab,0xb8,0xec,0xce,0xdb,0x9d,
0x76,0x6b,0xe7,0xe9,0xef,0x99,0x66,0x9e,0x99,0x99,0xd9,0xef,0xff,0xef,0xff,0xbc,0xeb,0xcd,0xd9,0xde,0xdc,0xef,0xff,0xff,0xde,0xee,0xff,0xdf,0xdf,0xba,0xfa,0xfe,
0xef,0xee,0xdf,0xab,0xaa,0x8a,0xba,0xaa,0x8a,0xd8,0xdd,0x8c,0xda,0xed,0xee,0x8a,0xba,0xcb,0xbd,0xcb,0xdb,0xc9,0xfd,0xdb,0xfd,0x69,0xc9,0x79,0xeb,0xf9,0xfe,0xcb,
0x79,0xcd,0x97,0xbd,0xff,0xff,0xff,0xee,0xfe,0xff,0xfb,0xef,0xed,0xff,0xff,0xff,0xff,0xef,0xbd,0xfd,0xfd,0xaf,0xee,0xcc,0xba,0xfe,0xee,0xdd,0xdd,0xaa,0xa8,0xaa,
0xaa,0xaa,0xaa,0xc5,0xcc,0x8a,0xda,0xfd,0xde,0x88,0xb8,0xdb,0xbd,0xbb,0xcb,0xef,0xee,0xff,0xdf,0x99,0xec,0xb9,0xff,0xef,0xfe,0xfe,0x9e,0xfe,0xdb,0xfb,0xff,0xff,
0xef,0xef,0xec,0xfe,0xdf,0xfe,0xff,0xff,0xff,0xff,0xfe,0xef,0xbd,0xdb,0xdc,0xcf,0xcc,0xdd,0xbb,0xed,0xde,0xed,0xde,0xab,0xb8,0xaa,0x8a,0xaa,0xba,0xdd,0xcc,0xdc,
0xee,0xee,0xef,0xcd,0xbb,0xdb,0xcd,0xbb,0x8b,0xfb,0xee,0xff,0x9e,0xbc,0xed,0xe9,0xff,0xef,0xfe,0xff,0xee,0xfc,0xdf,0xff,0xff,0xff,0xee,0xdd,0xdd,0xfd,0xee,0xdd,
0xef,0xff,0xff,0xef,0xfe,0xde,0xbd,0x99,0x9b,0xdd,0xcd,0xcd,0xef,0xee,0xde,0xde,0xee,0x8c,0xaa,0x8a,0xaa,0xaa,0xaa,0xcc,0xcc,0xdb,0xfd,0xed,0xfe,0x8d,0xbb,0xdb,
0xcd,0xbb,0x8a,0xfe,0xff,0xff,0xbe,0xce,0xff,0xfe,0xef,0xee,0xee,0xff,0xcd,0xed,0xfe,0xff,0xff,0xef,0xdd,0xdd,0xcc,0xdd,0xde,0xcb,0xcd,0xfd,0xef,0xee,0xff,0xde,
0xbd,0xbb,0xb9,0xbb,0xdb,0xce,0xfe,0xef,0xee,0xdf,0xcd,0x88,0xaa,0x8a,0xaa,0xaa,0xb8,0xcd,0xcc,0xac,0xdc,0xdd,0xed,0xaa,0xbb,0xdc,0xdc,0xaa,0x8a,0xba,0xef,0xff,
0xef,0xff,0xff,0xfe,0xde,0xcf,0xec,0xdd,0xbd,0xe9,0xdb,0xff,0xfe,0xde,0xdd,0xdc,0xdb,0xcd,0xcd,0x9c,0xbd,0xdb,0xfd,0xfe,0xef,0xcd,0xcc,0xcb,0x9b,0xc9,0xbb,0xb9,
0xd9,0xef,0xee,0xed,0xdd,0xbc,0x88,0x8a,0xa8,0x8a,0xda,0xbd,0xbb,0xbc,0xcd,0xed,0xed,0xce,0xbc,0xcc,0xcc,0xca,0xaa,0xcc,0xee,0xef,0xfe,0xff,0xed,0xed,0xed,0xcd,
0xec,0xdd,0x9d,0x9c,0x99,0xed,0xef,0xed,0xde,0xcd,0xdc,0xde,0xdb,0x9b,0xdb,0xbb,0xbb,0xef,0xde,0xdd,0xde,0xcd,0xdb,0x9b,0x9b,0x99,0x99,0xef,0xee,0xdd,0xff,0xad,
0x88,0x8a,0x88,0x8a,0xc8,0xcd,0xbc,0xdd,0xdd,0xee,0xde,0xef,0xbb,0xcd,0xdc,0xdb,0xdd,0xde,0xdd,0xdd,0xee,0xbf,0xbd,0xdd,0xdb,0xbc,0xdc,0xdd,0x9c,0x97,0x79,0x97,
0x9c,0xed,0xfe,0xcd,0xdc,0xff,0xcd,0xbd,0x97,0x9b,0x99,0xdb,0xd9,0xdd,0xdf,0xfd,0xbb,0x9e,0xcd,0xdc,0xfb,0xee,0xde,0xed,0xdd,0xac,0x8b,0x88,0x88,0x88,0xdc,0xcd,
0xab,0xed,0xef,0xde,0xee,0xbe,0xca,0xcc,0xcc,0xbb,0xee,0xde,0xde,0xee,0xef,0xcb,0xdb,0x9c,0xb9,0xbc,0xcc,0xbd,0xcb,0x99,0x9b,0x77,0x99,0xf9,0xff,0xce,0xcc,0xff,
0xbe,0xdf,0xdb,0x99,0xbb,0xbb,0xbb,0xff,0xfe,0xee,0xdd,0xfd,0xdc,0x9c,0xff,0xfe,0xee,0xed,0xee,0xed,0x8a,0x88,0x8b,0x88,0xc8,0xcd,0xab,0xec,0xef,0xdd,0xed,0xff,
0xcd,0xcc,0x5c,0x75,0xfb,0xfe,0xed,0xee,0x9d,0xb9,0xb9,0x7b,0xd9,0x8d,0xcc,0xde,0xeb,0xbb,0xb9,0x7d,0xdb,0xff,0xff,0x5a,0x44,0x24,0xda,0xff,0xeb,0xdb,0xeb,0xcd,
0xff,0xff,0xfe,0xff,0xed,0xeb,0xbf,0xbe,0xed,0xee,0xee,0xcd,0xed,0xad,0x88,0xa8,0x8c,0x88,0xdb,0xcc,0xab,0xca,0xde,0xdd,0xdd,0xbe,0xcc,0xcc,0x59,0x75,0xe9,0xe9,
0xee,0xbc,0x9b,0x97,0x99,0x7c,0xeb,0xaf,0xcc,0xef,0xfd,0xbe,0xde,0xdb,0xc9,0xfe,0x5e,0x84,0x48,0x04,0x00,0xfc,0xed,0xdf,0xbe,0xdd,0xff,0xef,0xfe,0xef,0xff,0xde,
0xef,0xed,0xef,0xee,0xfd,0xdd,0xdd,0xad,0x8a,0xc8,0x8d,0xb8,0xcc,0xcd,0xbb,0xda,0xdd,0xed,0xed,0xde,0xde,0xc9,0x79,0x77,0x79,0xec,0x9f,0x9b,0x9b,0xcb,0xd9,0xb9,
0xfe,0xcf,0xec,0xff,0xf8,0xee,0xfd,0xe9,0xef,0xff,0x88,0x88,0x4a,0x84,0x44,0xf4,0xef,0xfe,0xdd,0xec,0xed,0xfe,0xee,0xdd,0xbd,0xee,0xdf,0xfe,0xee,0xee,0xee,0xde,
0xdd,0xef,0x8d,0xd8,0xad,0x88,0xcb,0xbb,0xec,0xdd,0xdd,0xee,0xdd,0xed,0x5e,0x75,0x77,0x77,0xfb,0xff,0xfe,0xed,0xd9,0xbe,0xed,0xec,0xef,0x48,0x44,0xeb,0xf0,0xff,
0xff,0xff,0xef,0xdf,0xaa,0x8b,0x4a,0x54,0x44,0x04,0xef,0xfd,0xfd,0xff,0xff,0xef,0xcd,0xee,0xbd,0xbb,0xbc,0xbb,0xef,0xee,0xee,0xdf,0xdd,0xbd,0x88,0xea,0xcd,0xa8,
0xbc,0xbb,0xbc,0xed,0xed,0xee,0xde,0xed,0x59,0x55,0x75,0x77,0xe7,0xdf,0xee,0xbe,0xfe,0xdb,0xfd,0xfe,0x48,0x00,0xa4,0x88,0x84,0x5c,0x00,0xfe,0xdc,0xae,0xcb,0xaa,
0x5a,0x44,0x45,0x04,0xf5,0xde,0xbd,0xed,0xdf,0xee,0xcc,0xff,0xcf,0x9b,0x99,0x99,0xeb,0xfe,0xee,0xee,0xdd,0xbd,0x88,0xea,0xcd,0xa8,0xbb,0x9b,0xc9,0xee,0xee,0xee,
0xee,0xee,0x7e,0x77,0x97,0x79,0x77,0xd7,0xee,0xee,0xef,0xfe,0xef,0xff,0x44,0x44,0xab,0xaa,0x54,0x44,0x44,0x00,0xec,0xaa,0xbc,0xaa,0xdc,0x4c,0x85,0x84,0xf4,0x8d,
0xd8,0xed,0xbf,0xeb,0xcc,0xcc,0xef,0xbc,0xbd,0xbb,0xdb,0xdf,0xed,0xed,0xdf,0xee,0xad,0xee,0xed,0xbc,0xbb,0x57,0x75,0x7d,0xef,0xcd,0xee,0xde,0xb9,0x77,0xdb,0x9b,
0x7a,0xfb,0xdf,0xed,0xff,0xff,0xde,0x5f,0x44,0x84,0xbc,0xaa,0x44,0x44,0x04,0x00,0xc4,0xaa,0xac,0xaa,0xae,0x84,0x8b,0xa5,0x85,0x44,0x40,0xc5,0xcc,0xdc,0xad,0xcc,
0xfc,0xbf,0xbe,0xcd,0xee,0x5b,0xd6,0xbe,0xee,0xdd,0x8a,0xdc,0xdd,0xab,0xaa,0x55,0x77,0xb7,0x9e,0xda,0xbb,0x6e,0x55,0x77,0xbc,0xec,0xd7,0xc9,0xcc,0xdf,0xfe,0x4c,
0xb5,0x4d,0x44,0xa5,0xad,0xaa,0x04,0x00,0x44,0x44,0x84,0xca,0xad,0xca,0xca,0x44,0x45,0xc8,0x48,0x45,0x04,0x80,0xdd,0xef,0xcc,0xdd,0xdd,0xed,0xef,0xbd,0x9e,0x57,
0xb5,0xad,0xec,0xbe,0xca,0xdd,0xdd,0xac,0xaa,0x79,0x77,0x87,0x9a,0xca,0xab,0x59,0x95,0xc7,0x9b,0xdd,0xbb,0xbc,0xdb,0xcd,0x8e,0x00,0xa8,0x58,0x44,0xc5,0xcd,0xaa,
0x45,0x40,0x8a,0x44,0x24,0xcd,0xbc,0xca,0xdc,0x48,0x42,0xc4,0x44,0x44,0x44,0x54,0xdf,0xef,0x1c,0xd8,0xdd,0xad,0xdd,0xde,0x78,0x77,0x97,0xac,0xca,0x7c,0xc7,0xcd,
0xdd,0xac,0x55,0x57,0x77,0x97,0xa9,0xeb,0xbc,0x9b,0x97,0xd9,0x9c,0xbc,0xbb,0xbc,0xad,0xca,0x4c,0x54,0x48,0x54,0x84,0xca,0x85,0xbc,0xc8,0x28,0x48,0x44,0x00,0xf2,
0xbd,0xac,0xcc,0x5c,0x58,0x82,0x2d,0x84,0x45,0x45,0xfc,0x6e,0x6d,0x08,0xdd,0x36,0xcc,0xdd,0x79,0x77,0x77,0xbc,0x77,0x57,0xb5,0xdd,0xcd,0x8c,0x55,0x77,0x99,0x78,
0xb7,0xdc,0xce,0x7c,0x77,0x79,0xbb,0xbc,0xd8,0xcc,0x6d,0xbd,0x44,0x84,0x44,0x84,0x85,0x4e,0xc8,0xed,0xcc,0x38,0x42,0x04,0x44,0xc4,0xdd,0xcc,0x44,0x44,0x88,0xb9,
0x6b,0x32,0x45,0x44,0xb4,0x69,0x66,0xc9,0xe6,0x63,0x8d,0xbc,0x7c,0xd9,0x99,0xdc,0x79,0x77,0xc7,0xdd,0xdd,0xcd,0x77,0x77,0xc9,0x9b,0x9b,0x75,0xc9,0x7b,0xb7,0xbc,
0xbd,0xcb,0x31,0xd1,0x93,0xab,0x44,0x84,0x44,0x85,0x61,0x88,0xdc,0xae,0xbd,0x66,0x13,0x04,0x44,0x44,0xde,0xa8,0x4a,0x44,0x50,0xcc,0xdd,0x13,0x2c,0x41,0xa4,0x44,
0x66,0x66,0x31,0x63,0x9b,0xdd,0x5c,0xbb,0x8c,0x77,0x97,0xb9,0x77,0xbc,0xbc,0x77,0x75,0x77,0xbb,0xbc,0x5c,0x77,0xc9,0xbb,0x28,0xbb,0xcb,0x3b,0x01,0x11,0x33,0x86,
0x44,0x45,0x12,0x16,0xc6,0xd5,0xdc,0x8f,0xde,0xbb,0x63,0xa1,0x44,0x44,0xcc,0xcc,0xab,0x44,0x04,0xd2,0xdc,0x1b,0x3d,0x53,0x44,0x48,0x64,0x36,0x16,0x11,0x31,0x96,
0x93,0xcc,0x5c,0x95,0xb9,0xc9,0x79,0xb7,0x5c,0x57,0x87,0xb7,0xbb,0xcc,0x5d,0x97,0x5b,0xd8,0xbc,0xcd,0xdb,0x13,0x13,0x33,0x93,0x44,0x54,0x48,0x11,0x39,0x99,0xe6,
0xf6,0xb9,0xee,0xdd,0x6b,0x6b,0x45,0x58,0xca,0xbc,0xcc,0x44,0x45,0xc4,0xfe,0xcd,0x6d,0x16,0x43,0x48,0x84,0x93,0x16,0x13,0x13,0x33,0x32,0xb6,0xb6,0x96,0xcd,0xdb,
0x7b,0x79,0x56,0x78,0x87,0xb9,0xdb,0x8d,0x25,0xb9,0x67,0x96,0x39,0x23,0x65,0x63,0x36,0x93,0x86,0x54,0x85,0x66,0x13,0xe6,0xbc,0xbd,0xbe,0xe9,0xd3,0x9d,0x1d,0x36,
0x5c,0x88,0xc8,0x6b,0xcc,0x55,0x4c,0x44,0x66,0x33,0xc6,0x63,0x5b,0x8b,0x88,0x69,0x96,0x33,0x31,0x88,0x04,0x11,0x11,0x22,0x66,0x66,0x69,0x3b,0x75,0x56,0xbb,0xbc,
0x67,0x69,0x36,0x36,0x23,0x32,0x33,0x22,0xbc,0x63,0x6d,0xb3,0x8d,0x88,0xc8,0x13,0x69,0xe9,0xdf,0xde,0xbd,0xbb,0x39,0x93,0x66,0x96,0xa6,0x38,0xd5,0xd6,0xcf,0x8b,
0xad,0x44,0x36,0x31,0x11,0x11,0x31,0xd6,0x85,0xd8,0x8c,0x69,0xc6,0xaa,0x45,0x34,0x13,0x11,0x21,0x12,0x31,0x33,0x33,0x22,0x22,0x22,0x21,0x11,0x11,0x11,0x21,0x84,
0x66,0x98,0xbb,0xb9,0xdf,0x86,0xde,0x6a,0x36,0x63,0xb9,0x93,0x66,0x63,0x33,0x13,0x93,0x11,0x11,0xb6,0x96,0x36,0x69,0x66,0x6e,0xdb,0x3e,0x5a,0xbc,0x66,0x36,0x11,
0x11,0x31,0x33,0x66,0x4c,0xc5,0xed,0xcc,0x8a,0x85,0x7b,0x31,0x16,0x11,0x11,0x11,0x11,0x11,0x00,0x11,0x10,0x11,0x13,0xb6,0x45,0xb9,0xcd,0xb3,0xc9,0xd4,0xb9,0x82,
0x6c,0x65,0x66,0x13,0x11,0x11,0x31,0x13,0x31,0x16,0x11,0x11,0x31,0x11,0x31,0x63,0x39,0x99,0xbb,0xd9,0x69,0x9b,0xd9,0x85,0x96,0x63,0x36,0x33,0x31,0x33,0x63,0x65,
0x96,0x6d,0xbb,0x45,0xb8,0x99,0x6c,0x9b,0x13,0x11,0x11,0x11,0x11,0x11,0x33,0x69,0x7b,0xdc,0x69,0x9d,0x66,0xbb,0x69,0x66,0x26,0x63,0x33,0x33,0x33,0x31,0x13,0x31,
0x33,0x33,0x63,0x66,0x33,0x13,0x13,0x13,0x11,0x11,0x11,0x31,0x33,0x33,0x66,0x66,0x96,0x9b,0x63,0x57,0x79,0x75,0x63,0x36,0x13,0x23,0x12,0x32,0x56,0x66,0x56,0x33,
0x33,0x33,0x33,0x33,0x21,0x21,0x33,0x33,0x33,0x33,0x33,0x36,0x36,0x33,0x33,0x33,0x33,0x22,0x33,0x33,0x33,0x66,0x66,0x66,0x66,0x36,0x6b,0x96,0x69,0x66,0x55,0x33,
0x36,0x13,0x13,0x31,0x13,0x11,0x11,0x33,0x33,0x33,0x66,0x66,0x66,0x53,0x35,0x22,0x66,0x76,0x66,0x66,0x36,0x36,0x33,0x36,0x23,0x22,0x21,0x33,0x32,0x23,0x22,0x33,
0x33,0x33,0x33,0x33,0x13,0x33,0x33,0x36,0x66,0x63,0x36,0x33,0x36,0x55,0x63,0x66,0x23,0x33,0x36,0x33,0x26,0x36,0x33,0x33,0x44,0x24,0x63,0x36,0x33,0x36,0x31,0x33,
0x31,0x33,0x11,0x11,0x33,0x33,0x33,0x33,0x33,0x33,0x33,0x63,0x33,0x33,0x33,0x22,0x32,0x32,0x63,0x33,0x33,0x33,0x23,0x22,0x32,0x33,0x33,0x33,0x33,0x33,0x33,0x33,
0x33,0x33,0x13,0x11,0x11,0x12,0x21,0x22,0x13,0x11,0x33,0x33,0x33,0x36,0x36,0x33,0x66,0x66,0x48,0x04,0x60,0x66,0x63,0x67,0x63,0x33,0x33,0x13,0x33,0x33,0x33,0x11,
0x12,0x11,0x11,0x11,0x11,0x11,0x11,0x21,0x32,0x33,0x23,0x11,0x22,0x22,0x21,0x33,0x33,0x22,0x21,0x12,0x21,0x23,0x12,0x11,0x21,0x32,0x13,0x11,0x11,0x11,0x11,0x32,
0x11,0x32,0x13,0x31,0x33,0x33,0x33,0x33,0x33,0x33,0x33,0x33,0x4c,0x48,0x44,0x66,0x66,0x79,0x67,0x66,0x63,0x02,0x23,0x31,0x33,0x48,0x04,0x23,0x33,0x12,0x13,0x32,
0x23,0x32,0x23,0x23,0x32,0x22,0x11,0x11,0x32,0x35,0x33,0x32,0x23,0x22,0x22,0x22,0x22,0x32,0x84,0x66,0x22,0x23,0x22,0x22,0x63,0xb5,0x93,0x66,0x36,0x33,0x33,0x33,
0x22,0x13,0x31,0x33,0x63,0x66,0x8a,0xa5,0x44,0x66,0x92,0x90,0x99,0x8b,0x93,0x33,0x02,0x20,0xd6,0xcb,0x52,0x32,0x31,0x33,0x13,0x31,0x11,0x11,0x11,0x11,0x11,0x11,
0x11,0x11,0x11,0x11,0x11,0x11,0x11,0x11,0x11,0x11,0x31,0xc3,0xdb,0x6b,0x33,0x13,0x52,0x65,0x66,0x66,0x36,0x33,0x33,0x33,0x33,0x03,0x44,0x6a,0x63,0x76,0x96,0x90,
0xc3,0xc8,0xaa,0x58,0x50,0x55,0xcb,0xd3,0xbb,0x9b,0x39,0x36,0x6d,0xd6,0xa9,0x68,0x16,0x33,0x33,0x33,0x23,0x11,0x11,0x11,0x11,0x11,0x11,0x11,0x11,0x11,0x11,0x11,
0x11,0x11,0x23,0x63,0x63,0x66,0x66,0x66,0x36,0x36,0x33,0x12,0x01,0x11,0x11,0x11,0x11,0x11,0x31,0x88,0x84,0xcc,0x92,0x99,0x0b,0x00,0x6b,0x9d,0xb6,0x69,0x67,0x22,
0x32,0x33,0x63,0x63,0x66,0x36,0x63,0x66,0x63,0x63,0x63,0x33,0x33,0x33,0x33,0x33,0x33,0x33,0x21,0x11,0x11,0x11,0x11,0x11,0x11,0x11,0x11,0x22,0x12,0x11,0x11,0x11,
0x22,0x21,0x11,0x12,0x22,0x11,0x01,0x11,0x11,0x31,0x11,0x63,0xb3,0xaa,0xd8,0x56,0xc8,0x69,0x99,0xb0,0x33,0x31,0x13,0x11,0x11,0x11,0x11,0x11,0x11,0x11,0x11,0x11,
0x11,0x11,0x11,0x11,0x31,0x11,0x12,0x31,0x11,0x11,0x11,0x11,0x11,0x31,0x23,0x11,0x11,0x11,0x11,0x11,0x11,0x11,0x11,0x11,0x11,0x11,0x11,0x11,0x11,0x11,0x11,0x32,
0x33,0x33,0x33,0x63,0x66,0x9b,0x96,0x3c,0x39,0x66,0x9d,0x56,0xb6,0x9b,0x33,0x33,0x16,0x36,0x11,0x11,0x13,0x16,0x11,0x11,0x11,0x11,0x11,0x11,0x01,0x01,0x11,0x11,
0x11,0x11,0x10,0x11,0x11,0x11,0x11,0x11,0x11,0x11,0x11,0x11,0x11,0x11,0x11,0x11,0x11,0x11,0x11,0x11,0x11,0x11,0x21,0x11,0x31,0x13,0x31,0x33,0x33,0x33,0x33,0x33,
0x32,0x33,0x36,0x66,0x33,0x33,0x33,0x33,0xb9,0xd6,0x39,0x99,0x63,0x33,0x6b,0x3b,0x63,0x11,0x11,0x11,0x11,0x11,0x11,0x11,0x11,0x11,0x11,0x11,0x11,0x11,0x11,0x11,
0x11,0x11,0x11,0x11,0x11,0x11,0x11,0x11,0x11,0x11,0x11,0x11,0x11,0x11,0x11,0x11,0x11,0x10,0x01,0x11,0x11,0x10,0x10,0x11,0x11,0x10,0x11,0x11,0x11,0x11,0x11,0x11,
0x11,0x11,0x69,0x9b,0x67,0x66,0x36,0x66,0x36,0x66,0x66,0x66,0x33,0x33,0x33,0x12,0x11,0x11,0x11,0x11,0x11,0x11,0x11,0x11,0x11,0x11,0x11,0x11,0x11,0x11,0x11,0x11,
0x11,0x11,0x11,0x11,0x11,0x11,0x11,0x11,0x11,0x11,0x11,0x11,0x11,0x11,0x11,0x11,0x11,0x11,0x11,0x11,0x11,0x11,0x11,0x11,0x11,0x11,0x11,0x11,0x31,0x13,0x33,0x11,
0x11,0x11,0x11,0x11,0x11,0x11,0x11,0x11,0x11,0x31,0x31,0x13,0x11,0x11,0x11,0x11,0x11,0x11,0x11,0x11,0x11,0x11,0x11,0x11,0x11,0x11,0x11,0x11,0x11,0x11,0x11,0x11,
0x11,0x11,0x11,0x11,0x11,0x11,0x11,0x31,0x11,0x11,0x11,0x11,0x11,0x11,0x11,0x11,0x11,0x11,0x11,0x13,0x33,0x33,0x11,0x11,0x11,0x11,0x01,0x11,0x11,0x11,0x11,0x11,
0x11,0x11,0x11,0x11,0x11,0x11,0x11,0x11,0x11,0x31,0x32,0x31,0x23,0x63,0x25,0x33,0x10,0x11,0x11,0x11,0x11,0x11,0x11,0x11,0x11,0x11,0x11,0x11,0x11,0x11,0x11,0x11,
0x11,0x11,0x11,0x11,0x11,0x11,0x11,0x11,0x11,0x11,0x11,0x10,0x11,0x11,0x10,0x11,0x13,0x13,0x31,0x11,0x11,0x11,0x11,0x11,0x11,0x11,0x11,0x11,0x11,0x11,0x11,0x11,
0x21,0x31,0x13,0x13,0x33,0x63,0x66,0x66,0x66,0x33,0x33,0x31,0x11,0x11,0x12,0x13,0x12,0x11,0x11,0x11,0x11,0x11,0x11,0x11,0x11,0x11,0x11,0x11,0x11,0x11,0x31,0x11,
0x13,0x11,0x00,0x10,0x11,0x11,0x11,0x11,0x11,0x11,0x36,0x31,0x33,0x33,0x31,0x11,0x33,0x11,0x11,0x11,0x13,0x11,0x11,0x11,0x11,0x11,0x11,0x11,0x10,0x10,0x11,0x11,
0x11,0x11,0x11,0x11,0x11,0x11,0x33,0x33,0x23,0x12,0x11,0x11,0x11,0x11,0x11,0x11,0x11,0x11,0x11,0x11,0x11,0x11,0x11,0x31,0x31,0x36,0x31,0x31,0x31,0x11,0x11,0x11,
0x11,0x11,0x11,0x11,0x66,0x36,0x33,0x33,0x33,0x33,0x33,0x33,0x16,0x36,0x36,0x13,0x11,0x11,0x11,0x11,0x11,0x11,0x11,0x11,0x11,0x11,0x11,0x11,0x11,0x11,0x11,0x11,
0x11,0x11,0x11,0x11,0x11,0x11,0x11,0x11,0x11,0x11,0x11,0x11,0x11,0x13,0x36,0x11,0x11,0x33,0x69,0xbb,0x63,0xb6,0x33,0x36,0x31,0x11,0x11,0x11,0x11,0x11,0x66,0x36,
0x33,0x36,0x33,0x66,0x63,0x66,0x96,0xb9,0x99,0x66,0x33,0x31,0x33,0x11,0x11,0x11,0x11,0x11,0x11,0x11,0x11,0x11,0x11,0x11,0x11,0x11,0x11,0x11,0x11,0x11,0x11,0x11,
0x11,0x11,0x11,0x11,0x11,0x33,0x63,0x63,0x97,0x63,0x63,0x66,0xbb,0x6b,0x73,0x66,0x33,0x33,0x33,0x13,0x11,0x11,0x11,0x11,0x33,0x03,0x30,0x63,0x33,0x33,0x33,0x36,
0x63,0x63,0x63,0x63,0x33,0x33,0x11,0x11,0x11,0x11,0x11,0x11,0x11,0x11,0x12,0x11,0x11,0x11,0x11,0x11,0x11,0x11,0x11,0x11,0x11,0x11,0x11,0x11,0x11,0x11,0x11,0x33,
0x33,0x33,0x33,0x63,0x33,0x33,0x33,0x33,0x11,0x11,0x11,0x11,0x11,0x11,0x11,0x11,0x13,0x31,0x33,0x00,0x30,0x33,0x33,0x33,0x31,0x13,0x11,0x11,0x11,0x11,0x11,0x11,
0x31,0x33,0x03,0x31,0x11,0x11,0x11,0x11,0x11,0x13,0x23,0x31,0x31,0x13,0x33,0x33,0x33,0x33,0x11,0x13,0x11,0x11,0x11,0x11,0x11,0x11,0x11,0x11,0x11,0x11,0x11,0x11,
0x11,0x11,0x11,0x11,0x11,0x11,0x11,0x33,0x33,0x33,0x31,0x33,0x00,0x00,0x00,0x30,0x33,0x33,0x33,0x33,0x33,0x33,0x33,0x33,0x33,0x33,0x63,0x33,0x19,0x39,0x31,0x11,
0x11,0x11,0x11,0x33,0x33,0x33,0x33,0x33,0x33,0x22,0x23,0x36,0x36,0x36,0x32,0x33,0x31,0x13,0x31,0x13,0x33,0x13,0x11,0x11,0x11,0x11,0x11,0x11,0x11,0x11,0x31,0x11,
0x33,0x31,0x13,0x33,0x33,0x33,0x00,0x00,0x00,0x20,0x33,0x33,0x33,0x33,0x33,0x36,0x63,0x63,0x33,0x36,0x66,0x6b,0x9b,0x6b,0x39,0x33,0x23,0x33,0x33,0x33,0x61,0x33,
0x11,0x11,0x31,0x33,0x36,0x66,0x66,0x63,0x63,0x33,0x33,0x33,0x33,0x13,0x31,0x31,0x11,0x11,0x11,0x11,0x31,0x11,0x11,0x63,0x33,0x33,0x13,0x66,0x33,0x33,0x33,0x11,
0x25,0x02,0x50,0x30,0x96,0x33,0x33,0x33,0x33,0x33,0x63,0x66,0x63,0x66,0x96,0x69,0x69,0x96,0x66,0x66,0x33,0x23,0x33,0x63,0x96,0x16,0x19,0x33,0x31,0x11,0x11,0x31,
0x33,0x33,0x33,0x33,0x13,0x11,0x11,0x11,0x11,0x11,0x11,0x31,0x33,0x63,0x33,0x33,0x63,0x33,0x3b,0x96,0x31,0x3d,0x63,0x36,0x96,0x16,0x66,0x05,0x60,0x63,0x3b,0x63,
0x36,0x33,0x33,0x33,0x33,0x63,0x33,0x63,0x33,0x33,0x33,0x66,0x63,0x63,0x66,0x36,0x66,0x66,0x66,0x66,0x66,0x36,0x33,0x33,0x33,0x33,0x33,0x33,0x33,0x33,0x31,0x16,
0x63,0x11,0x11,0x13,0x31,0x33,0x33,0x33,0x33,0x33,0x33,0x3b,0xb6,0xd6,0x66,0x6b,0x6d,0x63,0x63,0x36,0x66,0xeb,0x69,0xb6,0x63,0x36,0x26,0x30,0x33,0x33,0x33,0x33,
0x33,0x13,0x30,0x33,0x63,0x63,0x66,0x66,0x66,0x66,0x33,0x33,0x33,0x63,0x33,0x33,0x33,0x33,0x33,0x33,0x33,0x33,0x33,0x63,0x33,0x66,0x69,0x33,0x33,0x13,0x11,0x31,
0x31,0x33,0x33,0x63,0x63,0xd6,0xf6,0xeb,0xd9,0xed,0x66,0x36,0x33,0x96,0xb6,0x9d,0x36,0x36,0x6b,0x66,0x06,0x00,0x36,0x33,0x36,0x33,0x31,0x00,0x00,0x30,0x33,0x33,
0x33,0x33,0x33,0x33,0x33,0x33,0x33,0x33,0x33,0x33,0x33,0x33,0x33,0x33,0x33,0x63,0x63,0x66,0xbb,0xbb,0x7c,0x6b,0x39,0x33,0x33,0x32,0x33,0x36,0x66,0xb6,0xbb,0xe9,
0x8e,0xdd,0xee,0xed,0x6b,0x3c,0x63,0xd3,0xdf,0x99,0x3b,0xd3,0x69,0x06,0x00,0x00,0x10,0x66,0xc6,0x36,0x33,0x42,0x20,0x32,0x31,0x31,0x31,0x31,0x11,0x31,0x33,0x33,
0x33,0x33,0x33,0x33,0x33,0x33,0x33,0x33,0x66,0x36,0x66,0x66,0x66,0x66,0x66,0x63,0x33,0x33,0x33,0x63,0x36,0x36,0x63,0x36,0x63,0x66,0x56,0x69,0x6b,0x6b,0x36,0x63,
0x56,0xc9,0xbe,0xfd,0x6b,0xc9,0x66,0x02,0x20,0x00,0x00,0x69,0x36,0x33,0x33,0x33,0x35,0x33,0x13,0x36,0x13,0x31,0x11,0x13,0x33,0x33,0x33,0x33,0x33,0x33,0x33,0x33,
0x33,0x33,0x33,0x33,0x33,0x33,0x33,0x33,0x33,0x33,0x33,0x33,0x36,0x36,0x33,0x33,0x33,0x03,0x32,0x33,0x63,0x33,0x66,0x36,0x63,0x66,0x42,0x44,0x6d,0xd3,0xf3,0xce,
0x99,0x49,0x08,0x20,0x54,0x69,0x63,0x66,0x13,0x63,0x3b,0x36,0x96,0x33,0x33,0x33,0x33,0x33,0x33,0x33,0x33,0x33,0x33,0x33,0x33,0x33,0x33,0x13,0x13,0x33,0x33,0x33,
0x33,0x33,0x33,0x33,0x33,0x36,0x33,0x33,0x33,0x33,0x03,0x20,0x00,0x33,0x33,0x33,0x33,0x66,0x96,0x45,0x44,0x54,0xb9,0x33,0xbe,0x13,0xb6,0x99,0x4b,0x64,0x99,0x66,
0x9b,0x3b,0xd6,0x63,0x66,0x3b,0x6d,0x33,0x63,0x33,0x33,0x39,0x33,0x33,0x33,0x13,0x61,0x33,0x33,0x33,0x11,0x11,0x11,0x11,0x31,0x33,0x33,0x33,0x33,0x33,0x63,0x33,
0x33,0x33,0x13,0x33,0x33,0x06,0x66,0x13,0x33,0x36,0x66,0x69,0x7b,0x48,0x44,0x54,0xd6,0x36,0x6d,0xd3,0x99,0x6b,0xd9,0x9d,0x33,0xcb,0x9b,0x9b,0x66,0x3b,0x3e,0xb3,
0x6d,0x31,0x69,0x66,0xb3,0x36,0x33,0x63,0x36,0x66,0x66,0x63,0x63,0x39,0x33,0x13,0x11,0x33,0x33,0x33,0x63,0x33,0x33,0x36,0x63,0x66,0x66,0x33,0x33,0xd1,0x33,0xb6,
0x36,0x61,0x66,0x36,0x13,0xd6,0x8d,0x88,0x5d,0xc8,0xb6,0x6d,0x6e,0xdb,0xe6,0xd9,0xb9,0x6d,0x66,0xbb,0x69,0xb0,0xcb,0x79,0x6b,0xf6,0x3b,0xe6,0x66,0x3b,0xd9,0x66,
0x36,0x66,0xb6,0xb6,0x6b,0x6b,0xb6,0x33,0x36,0x33,0x33,0x36,0x66,0x33,0x96,0x63,0x63,0x63,0x36,0x66,0x63,0x33,0x63,0x33,0x3c,0xd3,0x36,0x96,0x69,0x36,0x68,0x9a,
0x5b,0xa5,0x8b,0xd8,0xc4,0xbe,0x9d,0xbe,0x8b,0x85,0x42,0xb5,0xbd,0xb6,0x02,0x20,0xd6,0xd6,0xcb,0xd7,0x9b,0x6e,0x6b,0x96,0x9f,0xb6,0x39,0x96,0xb6,0xd9,0xbd,0xb9,
0xb9,0x69,0x66,0x66,0x36,0x6b,0x63,0x69,0x6d,0x66,0x66,0x66,0x96,0x66,0x66,0xbb,0x63,0x39,0x6e,0xb3,0x66,0x9b,0x6b,0xb6,0x96,0x99,0x0b,0xb0,0xa9,0xbb,0x84,0xee,
0x8e,0x48,0x44,0x44,0x04,0x00,0x95,0x6b,0x54,0x20,0x95,0xb6,0xeb,0xdb,0xbd,0xbd,0xdb,0xb9,0x6e,0x9e,0x33,0x36,0x66,0x66,0x93,0xdd,0xde,0x9d,0x99,0x69,0x6b,0xc6,
0x63,0x6b,0x6b,0x6c,0x66,0x66,0x66,0x66,0x69,0xd6,0x69,0x6e,0x9d,0xd9,0xb9,0x6d,0x69,0x63,0x6b,0x06,0x02,0x00,0x92,0x69,0x44,0xfe,0x4c,0x44,0x44,0x45,0x44,0x40,
0x04,0xb9,0x79,0x94,0x36,0x63,0xe6,0xeb,0xd9,0xbd,0xee,0xdb,0xde,0x3c,0x6b,0x63,0x63,0x63,0x63,0x99,0x69,0x99,0x66,0x66,0xe9,0xd9,0x9b,0xdd,0xcb,0x96,0x96,0x66,
0x66,0x66,0xdd,0x9d,0x9e,0xbe,0xbe,0x9d,0xdb,0x9d,0x63,0x6c,0xb6,0x09,0x00,0x00,0xb2,0xed,0x44,0xfc,0xaa,0x48,0x55,0x44,0x44,0x44,0x44,0x95,0x66,0x6d,0x66,0x66,
0x96,0xb6,0xd3,0xbb,0xed,0xcd,0xdd,0xcb,0x99,0x66,0x63,0x66,0x66,0x66,0x66,0x96,0x66,0xb9,0x99,0xbb,0xbf,0xdd,0x96,0x66,0x96,0x66,0x66,0x66,0xe6,0xdd,0xcf,0xdf,
0xcd,0x9d,0x99,0x6b,0x36,0xd6,0xb9,0x66,0x09,0xb0,0x9b,0x63,0x84,0xe8,0xaa,0x9a,0x4b,0x44,0x44,0x44,0x8a,0x44,0x3e,0x69,0xdd,0x96,0x36,0x61,0x66,0x9b,0xd9,0x99,
0x9d,0x96,0x36,0xc6,0x66,0x66,0x66,0x66,0x66,0x66,0x63,0x63,0x66,0x66,0x9b,0x69,0x66,0x66,0x66,0x66,0x69,0x9b,0xdb,0xfb,0xdd,0xbd,0xe9,0xb9,0x36,0x66,0xb9,0xb6,
0xcd,0x6b,0x89,0x99,0xb3,0xd6,0x88,0xf5,0xcc,0x69,0xac,0xca,0x44,0x88,0x45,0x44,0xd8,0x9d,0xdb,0xb9,0x63,0x3b,0x66,0x63,0x96,0x69,0xd9,0x66,0x66,0x69,0x66,0x69,
0x6b,0x66,0x66,0x66,0x66,0x33,0x63,0x66,0x66,0x66,0x66,0x96,0x66,0x66,0x66,0x66,0xb6,0xb9,0xb9,0x9b,0x96,0x69,0xd6,0x66,0xc6,0xbd,0x66,0xdb,0xb6,0x3d,0x96,0xe6,
0xb8,0x39,0xdd,0xb9,0xcd,0x6b,0x55,0xa4,0x44,0x44,0xd8,0x39,0xbf,0x6d,0xe9,0x6d,0x96,0x66,0x96,0x66,0x66,0x3d,0xb6,0x39,0x93,0xbd,0x66,0x6b,0x63,0x96,0x66,0x36,
0x36,0x66,0x66,0x66,0x66,0x96,0x66,0x6b,0x66,0xd6,0x66,0x69,0x96,0x6b,0x66,0x69,0x96,0xb9,0x96,0x3e,0x11,0xe3,0x9e,0x6d,0x9b,0x49,0x8a,0xca,0xd3,0xfd,0xbc,0xb6,
0x5c,0x55,0x48,0x54,0x84,0x9b,0xbb,0x9d,0x9f,0x63,0x9d,0x9b,0x66,0xb6,0x66,0xdb,0xd6,0xb6,0x69,0xbd,0xb6,0x99,0x96,0x6d,0x66,0x66,0x66,0x66,0x66,0x66,0x66,0x66,
0x69,0xd6,0x6b,0x9d,0xd6,0x66,0x66,0xd3,0x39,0xbd,0xd6,0xd9,0x6b,0xee,0x3d,0xb6,0xde,0xb6,0xdd,0x44,0x69,0xf9,0xbd,0xfd,0xbe,0xed,0x5c,0x44,0x85,0x55,0x85,0xdd,
0xeb,0xed,0x9d,0xcb,0xdb,0x69,0x66,0x96,0x6d,0xe9,0xdb,0xd9,0x6b,0xdb,0xb9,0xb9,0xd9,0x69,0x6b,0x66,0x66,0x66,0x66,0x69,0xb6,0x66,0xd9,0xb6,0x9d,0x6d,0x9d,0x6b,
0xb6,0x69,0xbd,0xbb,0xdd,0xd9,0xbf,0x6e,0xfb,0x99,0xdd,0xd9,0xad,0x44,0x66,0xd6,0xbf,0xfb,0xcd,0xbe,0xab,0x45,0x84,0x88,0x45,0xec,0xe9,0xfc,0xcb,0xcd,0xb9,0x96,
0x6d,0xb6,0xdb,0xd6,0xbd,0xdd,0x9d,0xd9,0x9d,0xbd,0xdb,0xd6,0x66,0x69,0x66,0x66,0x66,0x99,0xb6,0xb9,0xd6,0x9d,0xbe,0xbb,0x9d,0xb6,0x66,0x9d,0xe9,0x9c,0xde,0xdd,
0xde,0x6d,0xdb,0x9e,0xdc,0xd9,0x4e,0x44,
},
{ // steel
0xc9,0xf4,0x75,0x77,0x77,0x77,0x77,0x77,0x77,0x77,0x77,0x77,0x77,0x77,0x77,0x77,0x77,0x77,0x77,0x77,0x77,0x77,0x77,0x77,0x77,0x77,0x77,0x77,0x77,0x77,0x77,0x77,
0x77,0x77,0x77,0x77,0x77,0x77,0x77,0x77,0x77,0x77,0x77,0x77,0x77,0x77,0x77,0x77,0x77,0x77,0x77,0x77,0x77,0x00,0x00,0x00,0x00,0x00,0xc8,0xf4,0x75,0x77,0x77,0x77,
0x01,0x00,0x74,0x77,0x77,0x77,0x77,0x77,0x77,0x77,0x77,0x77,0x77,0x77,0x77,0x77,0x77,0x77,0x77,0x77,0x77,0x77,0x77,0x77,0x77,0x77,0x77,0x77,0x77,0x77,0x77,0x77,
0x77,0x77,0x77,0x77,0x77,0x77,0x77,0x77,0x77,0x77,0x77,0x77,0x77,0x77,0x17,0x00,0x00,0x00,0x00,0x00,0xc8,0xf4,0x75,0x77,0x77,0x14,0x00,0x00,0x70,0x47,0x74,0x77,
0x77,0x77,0x77,0x77,0x77,0x77,0x77,0x77,0x77,0x77,0x77,0x77,0x77,0x77,0x77,0x77,0x77,0x77,0x77,0x77,0x77,0x77,0x77,0x77,0x77,0x77,0x77,0x77,0x77,0x77,0x77,0x77,
0x77,0x77,0x77,0x77,0x77,0x77,0x77,0x44,0x47,0x00,0x00,0x00,0x00,0x00,0xc8,0xf0,0x75,0x77,0x17,0x00,0x00,0x00,0x40,0x01,0x00,0x77,0x77,0x77,0x77,0x77,0x77,0x77,
0x77,0x77,0x77,0x77,0x77,0x77,0x77,0x77,0x77,0x77,0x77,0x77,0x77,0x77,0x77,0x77,0x77,0x77,0x77,0x77,0x77,0x77,0x77,0x77,0x77,0x77,0x77,0x77,0x77,0x77,0x77,0x77,
0x04,0x00,0x11,0x00,0x00,0x00,0x00,0x00,0xa8,0xf0,0x16,0x74,0x04,0x00,0x00,0x00,0x00,0x00,0x00,0x71,0x77,0x77,0x77,0x77,0x77,0x77,0x77,0x77,0x77,0x77,0x77,0x77,
0x77,0x77,0x77,0x77,0x77,0x77,0x77,0x77,0x77,0x77,0x77,0x77,0x77,0x77,0x77,0x77,0x77,0x77,0x77,0x77,0x77,0x77,0x77,0x77,0x77,0x77,0x01,0x00,0x00,0x00,0x31,0x36,
0x12,0x01,0xc9,0xf0,0x02,0x10,0x14,0x00,0x00,0x00,0x00,0x00,0x00,0x40,0x77,0x77,0x77,0x77,0x77,0x77,0x77,0x77,0x77,0x77,0x77,0x77,0x77,0x77,0x77,0x77,0x77,0x77,
0x77,0x77,0x77,0x77,0x77,0x77,0x77,0x77,0x77,0x77,0x77,0x77,0x77,0x77,0x77,0x77,0x77,0x77,0x77,0x47,0x00,0x00,0x00,0x80,0xdd,0x8c,0x26,0x10,0xa3,0xf0,0x02,0x00,
0x00,0x00,0x00,0x00,0x00,0x00,0x00,0x10,0x77,0x77,0x77,0x77,0x77,0x77,0x77,0x77,0x77,0x77,0x77,0x77,0x77,0x77,0x77,0x77,0x77,0x77,0x77,0x77,0x77,0x77,0x77,0x77,
0x77,0x77,0x77,0x77,0x77,0x77,0x74,0x77,0x77,0x77,0x77,0x77,0x47,0x77,0x01,0x00,0x00,0xb3,0xee,0xee,0xae,0x33,0xe3,0xf0,0x03,0x00,0x00,0x00,0x00,0x00,0x00,0x00,
0x00,0x40,0x77,0x77,0x77,0x77,0x77,0x77,0x77,0x77,0x77,0x77,0x77,0x77,0x77,0x77,0x77,0x77,0x77,0x77,0x77,0x77,0x77,0x77,0x77,0x77,0x77,0x77,0x77,0x77,0x77,0x14,
0x00,0x77,0x77,0x77,0x77,0x47,0x01,0x10,0x01,0x00,0x00,0xff,0xff,0xde,0xcc,0xf6,0xd3,0xec,0x06,0x00,0x00,0x00,0x00,0x00,0x00,0x00,0x00,0x74,0x77,0x77,0x77,0x77,
0x77,0x77,0x77,0x77,0x77,0x77,0x77,0x77,0x77,0x77,0x77,0x77,0x77,0x77,0x77,0x77,0x77,0x77,0x77,0x77,0x77,0x77,0x77,0x77,0x17,0x00,0x00,0x40,0x77,0x77,0x77,0x17,
0x00,0x00,0x00,0x00,0x00,0xbf,0xef,0xef,0xac,0xa2,0xe3,0xfc,0x0c,0x00,0x00,0x00,0x00,0x00,0x00,0x00,0x00,0x14,0x40,0x77,0x77,0x77,0x77,0x77,0x77,0x77,0x77,0x77,
0x77,0x77,0x77,0x77,0x77,0x77,0x77,0x77,0x77,0x77,0x77,0x77,0x77,0x77,0x77,0x77,0x77,0x77,0x17,0x00,0x00,0x40,0x47,0x77,0x77,0x01,0x00,0x00,0x00,0x00,0x21,0xaa,
0xac,0x68,0x36,0x32,0xd8,0xe2,0x03,0x00,0x00,0x00,0x00,0x00,0x00,0x00,0x00,0x00,0x00,0x74,0x77,0x77,0x77,0x77,0x77,0x77,0x77,0x77,0x77,0x77,0x77,0x77,0x77,0x77,
0x77,0x77,0x77,0x77,0x77,0x77,0x77,0x77,0x77,0x77,0x14,0x44,0x00,0x00,0x00,0x40,0x11,0x77,0x77,0x01,0x00,0x00,0x10,0xa8,0xdd,0xdd,0xad,0x89,0x36,0x12,0xef,0xe3,
0x03,0x00,0x00,0x00,0x00,0x00,0x00,0x00,0x00,0x00,0x00,0x70,0x77,0x77,0x77,0x77,0x77,0x77,0x77,0x77,0x77,0x77,0x77,0x77,0x77,0x77,0x77,0x77,0x77,0x77,0x77,0x77,
0x77,0x77,0x77,0x47,0x01,0x00,0x00,0x10,0x00,0x00,0x00,0x10,0x44,0x14,0x00,0x00,0xb3,0xdb,0xdd,0xdd,0xad,0x89,0x36,0x12,0xfc,0xe3,0x03,0x10,0x00,0x00,0x00,0x00,
0x00,0x00,0x00,0x00,0x00,0x70,0x77,0x77,0x77,0x77,0x77,0x77,0x77,0x77,0x77,0x77,0x77,0x77,0x77,0x77,0x77,0x77,0x77,0x77,0x77,0x77,0x77,0x47,0x44,0x01,0x00,0x10,
0x11,0x11,0x11,0x00,0x00,0x00,0x41,0x14,0x00,0x20,0xbb,0xdd,0xdd,0xdd,0xad,0x89,0x33,0x12,0xfa,0xfc,0x09,0x00,0x01,0x00,0x00,0x00,0x00,0x00,0x00,0x00,0x00,0x71,
0x77,0x77,0x77,0x77,0x77,0x77,0x77,0x77,0x77,0x77,0x77,0x77,0x77,0x77,0x77,0x77,0x77,0x77,0x77,0x74,0x44,0x14,0x41,0x14,0x11,0x41,0x14,0x11,0x11,0x00,0x00,0x00,
0x00,0x00,0x00,0x30,0xb5,0xdd,0xdd,0xdd,0xed,0xcc,0xac,0x69,0xe2,0xf2,0x09,0x01,0x11,0x01,0x00,0x00,0x00,0x00,0x00,0x00,0x10,0x74,0x77,0x77,0x77,0x47,0x74,0x77,
0x77,0x77,0x14,0x41,0x77,0x77,0x77,0x77,0x77,0x77,0x77,0x77,0x77,0x77,0x77,0x77,0x77,0x44,0x44,0x44,0x44,0x47,0x01,0x00,0x00,0x00,0x00,0x00,0x00,0x30,0xdb,0xfe,
0xff,0xff,0xff,0xef,0xce,0xee,0xd2,0xf1,0x03,0x11,0x01,0x00,0x00,0x00,0x00,0x00,0x00,0x00,0x00,0x41,0x11,0x44,0x44,0x14,0x10,0x44,0x77,0x44,0x01,0x10,0x74,0x77,
0x77,0x77,0x77,0x47,0x74,0x77,0x77,0x77,0x77,0x77,0x77,0x77,0x77,0x77,0x77,0x14,0x00,0x00,0x00,0x00,0x00,0x00,0x00,0xa0,0xfe,0xef,0xef,0xee,0xce,0xac,0x8c,0x66,
0xe3,0xf0,0x03,0x00,0x00,0x00,0x00,0x00,0x00,0x00,0x00,0x00,0x00,0x01,0x00,0x40,0x11,0x00,0x00,0x10,0x44,0x01,0x00,0x00,0x40,0x44,0x44,0x44,0x44,0x44,0x44,0x44,
0x44,0x44,0x44,0x44,0x44,0x44,0x44,0x44,0x44,0x44,0x00,0x00,0x00,0x00,0x00,0x00,0x00,0xf1,0xde,0xee,0xff,0xef,0xee,0xee,0xce,0xcc,0xe3,0xf0,0x13,0x01,0x00,0x00,
0x00,0x10,0x00,0x11,0x00,0x00,0x00,0x00,0x00,0x10,0x44,0x14,0x41,0x44,0x44,0x01,0x00,0x00,0x10,0x44,0x44,0x44,0x44,0x44,0x44,0x44,0x44,0x44,0x44,0x44,0x44,0x44,
0x44,0x44,0x01,0x41,0x01,0x00,0x00,0x00,0x00,0x00,0x00,0xe0,0xed,0xee,0xce,0xca,0xcc,0x9a,0x26,0x01,0xe3,0xf1,0x13,0x11,0x00,0x00,0x00,0x10,0x11,0x11,0x01,0x00,
0x00,0x00,0x00,0x10,0x44,0x44,0x44,0x44,0x11,0x01,0x00,0x00,0x40,0x44,0x44,0x44,0x44,0x44,0x44,0x44,0x44,0x44,0x44,0x44,0x44,0x44,0x44,0x04,0x00,0x00,0x00,0x00,
0x00,0x00,0x00,0x00,0x00,0xc0,0xbd,0xdb,0xad,0xca,0xcc,0x6a,0x26,0x01,0xd3,0xf1,0x13,0x01,0x00,0x00,0x00,0x10,0x11,0x11,0x01,0x00,0x00,0x00,0x00,0x10,0x01,0x44,
0x44,0x14,0x00,0x00,0x00,0x00,0x40,0x44,0x44,0x44,0x44,0x44,0x44,0x44,0x44,0x44,0x44,0x44,0x44,0x44,0x44,0x11,0x00,0x00,0x00,0x00,0x00,0x00,0x00,0x00,0x00,0x30,
0xb5,0xed,0xae,0xca,0xac,0x6a,0x23,0x01,0xe3,0xf6,0x38,0x12,0x00,0x00,0x11,0x11,0x11,0x11,0x11,0x00,0x00,0x00,0x00,0x00,0x00,0x10,0x44,0x14,0x01,0x00,0x00,0x00,
0x00,0x40,0x14,0x00,0x44,0x44,0x44,0x44,0x44,0x44,0x44,0x44,0x44,0x44,0x44,0x14,0x00,0x00,0x00,0x00,0x11,0x01,0x11,0x00,0x00,0x30,0xb4,0xfd,0xae,0xca,0xac,0x68,
0x23,0x01,0xe3,0xff,0xec,0x3e,0x00,0x11,0x11,0x11,0x11,0x11,0x11,0x00,0x10,0x04,0x00,0x00,0x00,0x00,0x44,0x44,0x11,0x00,0x10,0x00,0x00,0x10,0x00,0x00,0x40,0x44,
0x44,0x44,0x11,0x44,0x44,0x44,0x44,0x04,0x40,0x01,0x00,0x00,0x00,0x10,0x11,0x11,0x11,0x00,0x00,0x60,0xb4,0xed,0xad,0xca,0xac,0x68,0x26,0x01,0xd2,0xf1,0x18,0xaa,
0x11,0x11,0x11,0x11,0x11,0x11,0x01,0x10,0x74,0x47,0x01,0x00,0x00,0x00,0x01,0x11,0x01,0x10,0x11,0x00,0x00,0x00,0x00,0x00,0x41,0x44,0x44,0x14,0x00,0x40,0x44,0x44,
0x44,0x01,0x00,0x00,0x00,0x11,0x10,0x11,0x11,0x11,0x11,0x11,0x01,0x61,0xb4,0xdd,0xad,0xcc,0xac,0x69,0x26,0x01,0xe3,0xf2,0x13,0x69,0x11,0x44,0x11,0x11,0x11,0x11,
0x11,0x74,0xb7,0x57,0x24,0x01,0x00,0x00,0x00,0x00,0x00,0x11,0x11,0x11,0x00,0x00,0x00,0x00,0x00,0x40,0x01,0x01,0x00,0x10,0x44,0x44,0x44,0x01,0x00,0x00,0x10,0x11,
0x11,0x71,0x15,0x11,0x11,0x11,0x11,0x61,0xb4,0xdd,0xad,0xca,0xac,0x68,0x26,0x01,0xe8,0xf2,0x13,0x6a,0x41,0x57,0x14,0x11,0x11,0x11,0x74,0x77,0x77,0x57,0x45,0x14,
0x00,0x11,0x00,0x00,0x00,0x11,0x11,0x11,0x11,0x00,0x30,0x2a,0x00,0x00,0x00,0x00,0x00,0x40,0x44,0x44,0x44,0x11,0x11,0x11,0x10,0x11,0x21,0xbb,0x25,0x15,0x11,0x11,
0x11,0x81,0xb5,0xdd,0xad,0xca,0xac,0x68,0x26,0x01,0xe6,0xf1,0x13,0x8c,0xb7,0x7b,0x55,0x14,0x41,0x77,0x77,0x77,0x77,0x55,0x45,0x55,0x44,0x11,0x00,0x00,0x11,0x11,
0x11,0x11,0x11,0x11,0xc1,0x9e,0x00,0x01,0x00,0x00,0x00,0x00,0x01,0x10,0x11,0x11,0x11,0x11,0x11,0x11,0xb4,0xbb,0x55,0x25,0x12,0x11,0x11,0x81,0xb5,0xdd,0xad,0xaa,
0xac,0x68,0x26,0x01,0xc9,0xea,0x69,0xac,0x9a,0xa9,0x88,0x88,0xa9,0x58,0x55,0x55,0x65,0x36,0x63,0x36,0x66,0x33,0x22,0x22,0x22,0x22,0x22,0x22,0x22,0x83,0xdd,0x6a,
0x12,0x11,0x11,0x10,0x11,0x00,0x00,0x00,0x10,0x11,0x11,0x11,0x11,0x51,0xbb,0xbb,0x52,0x55,0x43,0x11,0x11,0x61,0xb5,0xdd,0xad,0xca,0xac,0x68,0x26,0x01,0xf3,0xfd,
0x96,0xee,0xee,0xee,0xec,0xad,0xeb,0xed,0xff,0xff,0xee,0xff,0xff,0xee,0xef,0xff,0xff,0xee,0xff,0xff,0xef,0xfe,0xfe,0xdf,0xdd,0x9d,0x12,0x16,0x11,0x11,0x11,0x11,
0x01,0x01,0x11,0x11,0x11,0x11,0x11,0xb5,0xbb,0xbb,0x35,0x55,0x53,0xb5,0x11,0x61,0xb5,0xdb,0xad,0xca,0xac,0x69,0x26,0x01,0x93,0x96,0x33,0x68,0x55,0x36,0x66,0x36,
0x33,0xb2,0x7b,0x7d,0x7d,0x5b,0xd5,0x55,0xd4,0x4a,0xb5,0x94,0x32,0x23,0x1a,0xa1,0x1a,0xd9,0xed,0x9d,0x12,0x13,0x11,0x11,0x11,0x11,0x11,0x41,0x44,0x11,0x11,0x11,
0xb1,0xbb,0xbb,0xbb,0x55,0x55,0x35,0xb5,0x15,0x61,0xb5,0xda,0xad,0xca,0xac,0x69,0x26,0x11,0xcc,0xcc,0xec,0xdc,0xac,0xcc,0xcc,0xcc,0xcc,0x22,0xbc,0xaa,0xae,0xca,
0xea,0xae,0xea,0x8c,0xda,0xac,0xa8,0x96,0x9a,0xe9,0x8e,0xec,0xee,0xad,0x13,0x16,0x11,0x11,0x11,0x11,0x41,0x44,0x14,0x11,0x11,0x54,0xbb,0xbb,0xbb,0xbb,0x53,0xb5,
0x55,0x55,0x55,0xbb,0xb5,0xda,0xad,0xca,0xac,0x69,0x26,0x11,0xff,0xff,0xff,0xff,0xff,0xff,0xff,0xff,0xff,0x6f,0x91,0x9a,0xaa,0xaa,0xaa,0xaa,0xaa,0xaa,0xaa,0xac,
0xaa,0xaa,0xaa,0xaa,0xea,0xec,0xcd,0x69,0x23,0x13,0x11,0x11,0x11,0x44,0x44,0x44,0x11,0x11,0x54,0xb7,0xbb,0xbb,0xbb,0xbb,0x55,0x55,0x55,0x55,0x55,0xdb,0xb5,0xdd,
0xcd,0xca,0xac,0x89,0x26,0x01,0xff,0xef,0xff,0xff,0xff,0xef,0xff,0xff,0xcf,0xff,0x2a,0xea,0xef,0xee,0xee,0xee,0xee,0xee,0xfe,0xde,0xdd,0xcd,0xee,0xee,0xfe,0xde,
0xee,0xce,0x29,0x1c,0x11,0x41,0x44,0x44,0x14,0x11,0x11,0x41,0xbb,0xbb,0xbb,0xbb,0xbb,0xbb,0x55,0x55,0x5b,0x55,0x55,0xd5,0xb5,0xdb,0xcd,0xcc,0xcc,0x9a,0x38,0x12,
0xee,0xee,0xee,0xee,0xee,0xed,0xee,0xef,0x9f,0xff,0xef,0x92,0xef,0xee,0xee,0xee,0xee,0xee,0xee,0xef,0xff,0xef,0xff,0xee,0xfe,0xff,0xff,0xff,0xff,0x1e,0x11,0x10,
0x00,0x11,0x11,0x11,0x11,0xb1,0xbb,0xbb,0xbb,0xbb,0xbb,0x5b,0xbb,0x55,0x55,0x55,0x5b,0xa5,0xb5,0xed,0xdf,0xcd,0xac,0x69,0x23,0x12,0xff,0xff,0xff,0xff,0xff,0xff,
0xff,0xff,0x9f,0xee,0xff,0x8f,0x18,0x11,0x11,0x11,0x11,0x11,0x00,0xf6,0xff,0xfe,0x0f,0x00,0x11,0xfc,0xee,0xae,0x33,0x0a,0x01,0x10,0x00,0x11,0x01,0x01,0x11,0xb5,
0xbb,0xbb,0xbb,0xbb,0xbb,0x55,0xb5,0x55,0x5b,0x55,0xb5,0xd5,0xdb,0xdd,0xcd,0xca,0xac,0x69,0x26,0x11,0xff,0xef,0xff,0xfe,0xee,0xff,0xef,0xff,0xae,0xef,0xec,0xff,
0x8d,0x12,0x11,0x11,0x11,0x11,0x00,0xe0,0xef,0xfc,0x1a,0x00,0x00,0xe2,0xed,0x9c,0x12,0x13,0x11,0x01,0x00,0x11,0x11,0x00,0x40,0xb7,0x77,0xbb,0xbb,0xbb,0x5b,0x55,
0xb5,0x55,0x55,0xb5,0x55,0xdb,0xb5,0xdd,0xad,0xca,0xac,0x69,0x23,0x02,0x22,0x22,0x12,0x22,0x22,0x22,0x22,0x22,0x22,0xc2,0xee,0xfe,0xff,0x28,0x10,0x11,0x01,0x00,
0x11,0xd0,0xef,0xec,0x1a,0x11,0x01,0xe0,0xed,0x9c,0x12,0x03,0x00,0x10,0x01,0x10,0x00,0x40,0x77,0x7b,0xb7,0xbb,0xbb,0xbb,0xbb,0x55,0x55,0x55,0xb5,0x55,0x55,0xdb,
0xb5,0xdd,0xad,0xca,0xac,0x69,0x26,0x02,0xee,0xce,0xcc,0xcc,0xec,0xee,0xcc,0xce,0xcc,0x03,0xf9,0xef,0xff,0x5f,0x14,0x10,0x01,0x11,0x00,0xd0,0xee,0xda,0x09,0x11,
0x01,0xd1,0xee,0x9c,0x12,0x13,0x00,0x71,0x45,0x01,0x10,0x74,0x77,0x77,0x77,0xbb,0xbb,0xb7,0x7b,0x55,0x55,0xb5,0x55,0x5b,0x55,0xdb,0xb5,0xdd,0xad,0xca,0xac,0x69,
0x26,0x02,0xfe,0xef,0xce,0xfe,0xed,0xed,0xee,0xcf,0xec,0xaa,0x22,0xee,0xed,0x48,0x44,0x11,0x41,0x47,0x14,0xd1,0xee,0xd9,0x09,0x11,0x00,0xd1,0xed,0x9c,0x12,0x16,
0x41,0x77,0x55,0x45,0x74,0x77,0x77,0x77,0xb7,0xbb,0x77,0xbb,0x57,0x75,0x55,0xd5,0x56,0x5b,0x55,0xb5,0xb5,0xdd,0xad,0xca,0xac,0x69,0x26,0x01,0x66,0x66,0x66,0x63,
0x66,0x66,0x66,0x96,0x86,0x22,0x6c,0xa0,0xed,0x78,0x44,0x44,0x77,0x57,0x44,0xd4,0xee,0xca,0x18,0x11,0x01,0xd1,0xdd,0x9c,0x12,0x46,0x77,0x77,0x55,0x75,0x77,0x77,
0x77,0x77,0xb7,0x7b,0x77,0xbb,0x55,0xb5,0x66,0x99,0x36,0x82,0x5b,0xb7,0xb5,0xcd,0xad,0xca,0xac,0x69,0x26,0x11,0xaa,0xaa,0xca,0xaa,0xcc,0xcc,0xcc,0xec,0xcc,0x12,
0x61,0x1c,0xe3,0x78,0xb7,0x77,0x77,0x47,0x44,0xd7,0xee,0xaa,0x18,0x11,0x41,0xd7,0xdd,0x9c,0x11,0x7b,0x77,0x77,0x75,0x77,0x77,0x77,0x77,0x77,0x77,0x77,0xb7,0x77,
0xd5,0xee,0xc9,0xde,0x9c,0xd6,0xee,0xbb,0xb5,0xdd,0xad,0xca,0xac,0x69,0x26,0x01,0xaa,0xaa,0xaa,0xaa,0xcc,0xcc,0xcc,0xcc,0xcc,0x02,0x01,0xa2,0x16,0x73,0xbb,0xbb,
0x7b,0x47,0x44,0xd7,0xee,0x9a,0x19,0x41,0x77,0xd7,0xdd,0x9c,0x12,0x7b,0x77,0x77,0x77,0x77,0x77,0x77,0x77,0x77,0x77,0x77,0x77,0x47,0xdb,0xee,0xc9,0xde,0x9c,0xd6,
0xee,0xbb,0xb5,0xdd,0xad,0xca,0xac,0x69,0x26,0x11,0xaa,0xaa,0xaa,0xaa,0xcc,0xcc,0xaa,0xca,0xca,0x02,0x10,0x11,0xc3,0x12,0xb7,0xbb,0xbb,0x7b,0x44,0xd4,0xee,0x6c,
0x78,0x77,0x77,0xd7,0xdd,0x8c,0x11,0x7b,0x77,0x77,0x77,0x77,0x77,0x77,0x77,0x77,0x77,0x77,0x77,0x44,0xdb,0xde,0xa8,0x9c,0x36,0xa2,0xfe,0xbb,0xb5,0xdd,0xad,0xca,
0xac,0x69,0x26,0x12,0xaa,0xaa,0xaa,0xaa,0xaa,0xaa,0xaa,0xda,0xac,0x13,0x11,0x21,0x12,0x98,0x7b,0xbb,0x7b,0xbb,0x77,0xd5,0xef,0x6a,0x78,0x77,0x77,0xd7,0xdd,0x8c,
0x12,0x7b,0x77,0x74,0x77,0x77,0x77,0x77,0x77,0x77,0x77,0x7b,0x47,0x54,0xed,0xee,0xfe,0xff,0xff,0xee,0xef,0xae,0xb5,0xda,0xad,0xca,0xac,0x69,0x23,0x11,0xee,0xfe,
0xff,0xff,0xff,0xfe,0xef,0xff,0xff,0xcf,0x02,0x21,0x10,0x21,0x77,0x77,0x77,0xb7,0x77,0xeb,0xef,0x9c,0x5a,0x74,0x77,0xd7,0xee,0xae,0x22,0x4b,0x44,0x77,0x77,0x77,
0x77,0x47,0x77,0x77,0xb4,0x4c,0x44,0xb4,0xfe,0xff,0xee,0xee,0xce,0xea,0xff,0xaf,0xb5,0xda,0xad,0xca,0xac,0x69,0x23,0x11,0xcc,0xcc,0xcd,0xcc,0xcc,0xcc,0xac,0xea,
0xca,0x32,0xac,0x21,0x11,0x01,0x7b,0xbb,0x77,0x77,0x77,0xfd,0xff,0xec,0x7e,0x47,0x47,0xdb,0xcd,0xaa,0x13,0x43,0x74,0x47,0x77,0x77,0x75,0x74,0x77,0x44,0xeb,0x9e,
0x45,0x54,0xdf,0xce,0xca,0xcd,0x8a,0xa1,0xde,0x9e,0x55,0xda,0xad,0xca,0xac,0x69,0x23,0x11,0xcc,0xcc,0x88,0x86,0x66,0x66,0xc3,0xea,0xcc,0x12,0x32,0x9c,0x11,0x01,
0x7b,0xae,0x77,0x77,0x77,0xe7,0xee,0x3c,0x4a,0x77,0x77,0xef,0xcf,0xce,0x39,0xba,0x74,0x45,0x44,0xb4,0x4c,0x44,0x44,0x54,0xed,0xde,0x44,0x44,0xed,0xde,0xca,0xcd,
0x8a,0xa2,0xce,0xbe,0x55,0xdd,0xad,0xca,0xac,0x69,0x23,0x12,0xcc,0xed,0xca,0xec,0xcc,0x8c,0xc6,0xea,0xcc,0x12,0x11,0x21,0x9c,0x12,0xdb,0xce,0x48,0x74,0x57,0xd7,
0xee,0x2c,0x58,0x44,0x54,0xee,0xff,0xee,0x3c,0xba,0xb4,0x4b,0x44,0xd5,0x8c,0x44,0x44,0x54,0xee,0xde,0x45,0xbb,0xed,0xde,0xca,0xce,0x8a,0xa2,0xce,0xee,0xb5,0xdd,
0xad,0xca,0xac,0x69,0x26,0x12,0xcc,0xed,0xec,0xee,0xee,0x9e,0xc8,0xea,0xcc,0x12,0x11,0x11,0x31,0x8c,0xeb,0xee,0x4d,0x44,0x5b,0xd4,0xee,0x2c,0xd9,0x45,0x44,0xff,
0xff,0xff,0xfe,0xbf,0xb7,0x5b,0x44,0xe5,0xce,0x44,0x57,0xb4,0xee,0xee,0x7c,0xbb,0xed,0xde,0xca,0xce,0x8a,0x31,0x69,0x9a,0x52,0x66,0x68,0x66,0x66,0x23,0x22,0x11,
0xcc,0xee,0xcc,0xac,0xca,0xcc,0xc8,0xea,0xcc,0x12,0x21,0x11,0x00,0x62,0xed,0xcd,0x5a,0xb4,0xad,0xd5,0xde,0x2c,0xdc,0x4a,0xb4,0xfd,0xee,0xce,0x68,0x5e,0xbb,0xbb,
0x55,0xee,0xce,0x4b,0xbb,0xe7,0xde,0xcd,0xbc,0xbb,0xed,0xde,0xca,0xce,0xca,0xcc,0xcc,0xce,0xcc,0xcc,0xcc,0xcc,0xcc,0xac,0xcc,0xaa,0xcc,0xee,0xcc,0xcc,0xaa,0xcc,
0xc8,0xea,0xcc,0x12,0x61,0x3e,0x11,0x22,0xdd,0xdd,0xac,0xb4,0xbd,0xeb,0xee,0x2c,0xdc,0x5c,0xd4,0xed,0xee,0x9d,0x12,0xbd,0xbb,0xbb,0x5b,0xed,0xcd,0x78,0xbb,0xdb,
0xee,0xee,0xce,0xbb,0xdd,0xde,0xca,0xcd,0xac,0xc6,0xec,0xef,0xbb,0xdd,0xcd,0xcc,0xcd,0x8c,0xa6,0x12,0xcc,0xee,0xec,0xcc,0xce,0xcc,0xc8,0xea,0xcc,0x12,0x61,0x8e,
0x60,0x26,0xee,0xee,0xdd,0xb5,0x9b,0xed,0xee,0x2c,0xdd,0x8a,0xd4,0xed,0xee,0x8c,0x12,0xad,0xbd,0xab,0xeb,0xde,0xce,0xbd,0xbb,0xed,0xee,0xde,0xcc,0xdb,0xdd,0xde,
0xca,0xcd,0xac,0xe6,0xee,0xff,0xab,0xee,0xce,0xea,0xde,0x9c,0xa9,0x33,0xcc,0xee,0xaa,0xaa,0xaa,0xca,0xc8,0xea,0xcc,0x12,0x61,0x8e,0x91,0x2f,0xee,0xde,0xee,0xdb,
0xbb,0xeb,0xde,0x2c,0xdd,0xdd,0xdd,0xed,0xee,0x9c,0x12,0xde,0xbd,0xad,0xed,0xee,0xef,0xdd,0xdb,0x6d,0x89,0x98,0xa6,0xc6,0xdd,0xde,0xaa,0xcd,0x3a,0x33,0x33,0x33,
0x33,0x33,0x33,0x33,0x33,0x33,0x33,0x33,0xcc,0xee,0xaa,0xaa,0xaa,0xcc,0xc8,0xea,0xcc,0x12,0x61,0x8e,0x80,0x2e,0xee,0x9d,0xc9,0xde,0xbb,0xed,0xde,0x2c,0xdd,0xdd,
0xdd,0xed,0xee,0x9c,0x12,0xde,0xdd,0xbd,0xed,0xee,0xce,0xdd,0xdb,0xce,0xff,0xff,0xff,0xff,0xdd,0xde,0xdc,0xda,0xff,0xee,0xee,0xff,0xee,0xfe,0xfe,0xee,0xfe,0xee,
0xee,0xee,0xcc,0xee,0xaa,0xaa,0xaa,0xaa,0xc8,0xea,0xcc,0x12,0x61,0x6e,0x80,0x1e,0xad,0xaa,0x99,0xa9,0xab,0xed,0xde,0x3c,0xdc,0xaa,0xba,0xee,0xee,0x9c,0x12,0xbd,
0xdb,0xbb,0xdd,0xad,0x6a,0x98,0xdd,0xce,0xde,0xed,0xdd,0xdd,0xdd,0xde,0xde,0xff,0xcd,0xaa,0xaa,0xaa,0xaa,0xaa,0xca,0xea,0xac,0xca,0xcc,0xaa,0xcc,0xfe,0xee,0xee,
0xed,0xce,0xca,0xea,0xca,0x12,0x11,0x22,0x81,0x2e,0xce,0xcc,0xcc,0xcc,0xec,0xee,0xde,0x3c,0xcc,0xcc,0xcc,0xef,0xee,0x9c,0x12,0xce,0xcc,0xcc,0xcc,0xcc,0xcc,0xcc,
0xec,0x9e,0xac,0xfc,0xda,0xdd,0xdd,0xde,0xfe,0xbd,0xad,0xaa,0x89,0x88,0x88,0x89,0xc8,0xca,0x9a,0x88,0x89,0x88,0xcc,0xec,0xee,0xff,0xff,0xef,0xcc,0xea,0xcc,0x23,
0x12,0x11,0x21,0x26,0xde,0xde,0xcd,0xdd,0xde,0xed,0xee,0x3c,0xdc,0xee,0xed,0xed,0xee,0x9c,0x12,0xee,0xdd,0xed,0xde,0xce,0xcc,0xde,0xfe,0x8e,0xca,0xfd,0xac,0xca,
0xdd,0xde,0xbd,0xbb,0xcd,0x9a,0xfc,0xff,0xff,0xff,0xef,0xca,0xaa,0xff,0xff,0xff,0xcc,0xec,0xcc,0xfe,0xff,0xcf,0xca,0xea,0xcc,0x12,0x2a,0x11,0x11,0x22,0x9a,0xaa,
0x9a,0xa9,0xac,0xed,0xee,0x3c,0xac,0x9a,0xca,0xed,0xee,0x9c,0x12,0xad,0x99,0x99,0xaa,0x9a,0x89,0xa9,0xa9,0x69,0x89,0xa6,0x86,0x99,0xdd,0xde,0xbd,0xdd,0xcd,0xaa,
0xec,0xff,0xff,0xff,0xee,0xaa,0x9a,0xee,0xff,0xff,0xac,0xec,0xec,0xfe,0xff,0xaf,0xca,0xea,0xcc,0x12,0x6e,0x11,0x11,0x29,0xad,0xaa,0xaa,0xac,0xaa,0xee,0xde,0x3c,
0xcc,0xaa,0xca,0xee,0xee,0x9c,0x12,0xaf,0xa9,0x99,0xa9,0xaa,0xaa,0xaa,0xaa,0xaa,0xaa,0xaa,0xcc,0xee,0xed,0xef,0xde,0xdf,0xcd,0xaa,0xfa,0xec,0xee,0xce,0xef,0xca,
0x8a,0xcf,0xee,0xfe,0xac,0xec,0xca,0xfc,0xff,0xaf,0xca,0xea,0xcc,0x12,0x16,0x11,0x21,0x2c,0xee,0xde,0xcd,0xcc,0xde,0xee,0xee,0x3e,0xec,0xde,0xee,0xef,0xee,0xac,
0x33,0xdf,0xcc,0xcc,0xcc,0xcc,0xcc,0xcc,0xcc,0xcc,0xcc,0xec,0xee,0xfe,0xde,0xee,0xdd,0xdf,0xcd,0xaa,0xfa,0xae,0xee,0xec,0xee,0xca,0x8a,0xff,0xca,0xee,0xaa,0xec,
0xaa,0xe9,0xee,0xaf,0xca,0xec,0xcc,0x12,0x13,0x11,0x21,0x2c,0xef,0xee,0xef,0xee,0xef,0xef,0xce,0x3c,0xfe,0xee,0xee,0xef,0xee,0xae,0x3a,0xfc,0xec,0xee,0xee,0xee,
0xee,0xee,0xee,0xee,0xee,0xee,0xff,0xff,0xdd,0xde,0xdc,0xdf,0xca,0xaa,0xea,0xee,0xec,0xec,0xee,0xaa,0x8a,0xef,0xcf,0xee,0xac,0xec,0xaa,0xea,0xee,0xaf,0xca,0xec,
0xcc,0x12,0x13,0x11,0x21,0x2c,0xef,0xde,0xce,0xcc,0xde,0xee,0xcf,0x6a,0xec,0xce,0xec,0xff,0xff,0xee,0x9c,0xee,0xda,0xcc,0xcc,0xcc,0xcc,0xcc,0xcc,0xcc,0xcc,0xed,
0xee,0xee,0xdd,0xde,0xdc,0xdf,0xca,0xaa,0xea,0xfe,0xce,0xde,0xee,0xaa,0x8a,0xef,0xfe,0x9c,0xac,0xec,0xaa,0xea,0xee,0xaf,0xca,0xec,0xcc,0x12,0x13,0x11,0x21,0x2c,
0xef,0xdd,0xde,0xcc,0xce,0xfe,0xff,0x9e,0xee,0xce,0xec,0xff,0xff,0xee,0xec,0xef,0xdc,0xcc,0xcc,0xcc,0xcc,0xcc,0xcc,0xcc,0xdd,0xee,0xee,0xfe,0xdd,0xde,0xdc,0xdf,
0xca,0xaa,0xea,0xee,0xcc,0xdc,0xee,0xca,0x6a,0xef,0xfe,0xca,0xaa,0xec,0xaa,0xea,0xee,0xaf,0xca,0xdc,0xca,0x22,0x13,0x11,0x21,0x3a,0xef,0xdd,0xee,0xcd,0xee,0xee,
0xee,0x3a,0xee,0xcd,0xec,0xef,0xee,0x9d,0x22,0xef,0xda,0xcc,0xcc,0xcc,0xcc,0xcc,0xcc,0xdc,0xee,0xee,0xee,0xee,0xdd,0xee,0xdc,0xdf,0xcd,0x99,0xea,0xce,0xfe,0xca,
0xee,0xca,0x8a,0xef,0xcf,0xfe,0x33,0x63,0x32,0x63,0x66,0x39,0x33,0x63,0x33,0x11,0x02,0x00,0x10,0x13,0x66,0x66,0x66,0x66,0x68,0x69,0x66,0x23,0x66,0x36,0x63,0x68,
0x66,0x23,0x11,0x69,0x33,0x33,0x33,0x33,0x33,0x33,0x33,0x66,0x66,0x66,0x88,0x98,0x63,0x66,0x33,0x38,0x33,0x22,0x63,0x66,0x66,0x38,0x66,0x33,0x23,0x89,0x36,0x99,
0x88,0x88,0x88,0x88,0x88,0x88,0x88,0x98,0xc9,0x88,0x88,0x88,0x88,0x88,0x88,0x66,0x86,0x88,0x89,0x88,0x88,0x88,0x88,0x89,0x88,0x88,0x99,0x68,0x8a,0x88,0x88,0x88,
0x88,0x88,0x68,0x86,0x86,0x66,0x88,0x88,0x68,0x66,0x88,0x88,0x88,0x88,0x86,0x86,0x88,0x66,0x66,0x66,0x86,0x88,0x88,0x66,0x88,0x88,0xff,0xff,0xff,0xff,0xff,0xff,
0xff,0xff,0xff,0xff,0xff,0xff,0xff,0xff,0xff,0xff,0xff,0xff,0xff,0xff,0xff,0xff,0xff,0xff,0xff,0xff,0xff,0xff,0xff,0xff,0xff,0xff,0xff,0xff,0xff,0xff,0xff,0xff,
0xff,0xff,0xff,0xff,0xff,0xff,0xff,0xff,0xff,0xff,0xff,0xff,0xff,0xff,0xff,0xff,0xff,0xff,0xff,0xff,0xff,0xff,0xff,0xff,0xff,0xff,0xff,0xff,0xdf,0xfe,0xff,0xff,
0xff,0xff,0xff,0xff,0xff,0xff,0xce,0xff,0xff,0xff,0xff,0xff,0xff,0xff,0xff,0xff,0xfc,0xff,0xff,0xff,0xff,0xff,0xff,0xef,0xcf,0xef,0xff,0xff,0xff,0xff,0xff,0xff,
0xff,0xcf,0xff,0xff,0xff,0xff,0xff,0xff,0xff,0xff,0xef,0xfc,0xff,0xef,0xdd,0xdd,0xdd,0xdd,0xdd,0xdd,0xdd,0xed,0xcf,0xec,0xdd,0xdd,0xdd,0xdd,0xdd,0xdd,0xdd,0xfe,
0xac,0xde,0xed,0xdd,0xdd,0xdd,0xdd,0xdd,0xdd,0xee,0xe9,0xdd,0xdd,0xdd,0xdd,0xdd,0xdd,0xed,0x9e,0xdc,0xdd,0xdd,0xcc,0xdd,0xcd,0xdc,0xec,0xae,0xdc,0xdd,0xde,0xcd,
0xcc,0xcc,0xcc,0xed,0xcf,0xe9,0xdd,0xed,0xdd,0xdd,0xdd,0xcd,0xcc,0xdc,0xcd,0xed,0xcf,0xec,0xdd,0xdd,0xdd,0xdd,0xdd,0xcc,0xdd,0xfe,0xac,0xde,0xdd,0xdd,0xcd,0xcd,
0xcc,0xcc,0xcc,0xfe,0xe9,0xdd,0xdd,0xdd,0xdd,0xcd,0xcc,0xed,0x9e,0xdc,0xcc,0xcc,0xcc,0xcc,0xcc,0xcc,0xec,0xae,0xdc,0xdd,0xcc,0xcc,0xcc,0xcc,0xcc,0xdc,0xcf,0xe9,
0xdd,0xdd,0xdd,0xdd,0xdd,0xcd,0xdc,0xdd,0xcd,0xec,0xcf,0xdc,0xdd,0xdd,0xdd,0xdd,0xcc,0xdc,0xcc,0xfe,0xac,0xde,0xdd,0xdd,0xcd,0xcc,0xcc,0xcc,0xcc,0xfe,0xe9,0xdd,
0xcd,0xdd,0xdd,0xcc,0xcc,0xed,0x9e,0xdc,0xcc,0xcc,0xcc,0xcc,0xdd,0xcd,0xec,0xae,0xdc,0xdd,0xcc,0xcc,0xcc,0xcc,0xcc,0xdc,0xcf,0xe9,0xcd,0xcc,0xdc,0xcc,0xdc,0xcc,
0xcc,0xdc,0xde,0xdc,0xcf,0xec,0xdc,0xdd,0xdd,0xcd,0xcc,0xdc,0xdd,0xfd,0xac,0xce,0xcd,0xdd,0xcd,0xdc,0xdd,0xcc,0xdc,0xee,0xe9,0xdc,0xcc,0xcc,0xcd,0xcc,0xdd,0xed,
0xae,0xce,0xcc,0xcc,0xcc,0xcc,0xcd,0xcc,0xed,0xce,0xcc,0xcc,0xcc,0xcc,0xcc,0xcc,0xcd,0xcc,0xcf,0xca,0xcc,0xcc,0xee,0xee,0xee,0xee,0xee,0xee,0xee,0xfe,0xef,0xfe,
0xee,0xee,0xee,0xee,0xee,0xee,0xee,0xfe,0xce,0xef,0xee,0xee,0xee,0xee,0xee,0xee,0xee,0xfe,0xfc,0xef,0xee,0xee,0xee,0xee,0xee,0xee,0xcf,0xef,0xee,0xee,0xee,0xee,
0xee,0xee,0xfe,0xcf,0xee,0xee,0xee,0xee,0xee,0xee,0xee,0xee,0xef,0xfc,0xee,0xee,0xec,0xce,0xcc,0xec,0xcc,0xcc,0xcc,0xcc,0xee,0xce,0xcc,0xec,0xce,0xcc,0xcc,0xcc,
0xcc,0xec,0xee,0xcc,0xcc,0xcc,0xcc,0xcc,0xcc,0xcc,0xcc,0xea,0xee,0xcc,0xcc,0xcc,0xcc,0xcc,0xcc,0xcc,0xee,0xcc,0xcc,0xaa,0xcc,0xcc,0xcc,0xcc,0xcc,0xef,0xcf,0xcc,
0xcc,0xcc,0xee,0xce,0xec,0xee,0xee,0xee,0xee,0xee,0x69,0x66,0x66,0x66,0x66,0x66,0x88,0x88,0x88,0x86,0x88,0x9a,0x66,0x86,0x66,0x88,0x68,0x88,0x88,0x88,0x88,0x88,
0x68,0x68,0x66,0x66,0x66,0x88,0x98,0x69,0x66,0x66,0x66,0x66,0x66,0x86,0x88,0x86,0x68,0x66,0x86,0x68,0x86,0x68,0x66,0x66,0x98,0x89,0x66,0x66,0x66,0x86,0x66,0x66,
0x86,0x88,0x68,0x86,0x66,0x66,0x66,0x66,0x66,0x66,0x66,0x66,0x66,0x36,0x68,0x33,0x33,0x33,0x66,0x66,0x66,0x66,0x66,0x66,0x33,0x33,0x33,0x33,0x33,0x33,0x33,0x33,
0x62,0x23,0x32,0x33,0x33,0x33,0x33,0x33,0x33,0x33,0x66,0x66,0x66,0x66,0x66,0x66,0x66,0x66,0x36,0x83,0x33,0x36,0x33,0x33,0x63,0x66,0x36,0x63,0x33,0x36,0x33,0x33,
0x33,0x33,0x33,0x33,0x66,0x66,0x36,0x68,0x33,0x33,0x33,0x33,0x63,0x36,0x33,0x33,0x33,0x32,0x33,0x22,0x22,0x22,0x33,0x33,0x33,0x23,0x62,0x22,0x22,0x22,0x22,0x22,
0x33,0x22,0x22,0x22,0x32,0x33,0x33,0x33,0x33,0x33,0x23,0x22,0x33,0x33,0x66,0x33,0x33,0x33,0x33,0x33,0x33,0x22,0x23,0x22,0x88,0x66,0x66,0x66,0x66,0x86,0x88,0x88,
0xc9,0xa6,0x99,0x99,0x88,0x89,0x99,0x99,0x89,0x88,0x66,0x86,0x69,0x86,0x88,0x66,0x66,0x66,0x66,0x66,0x93,0x36,0x66,0x66,0x66,0x66,0x66,0x86,0x68,0x86,0x66,0x66,
0x66,0x66,0x86,0x68,0x88,0x89,0x66,0x66,0x68,0x6c,0x68,0x66,0x66,0x66,0x66,0x68,0x66,0x66,0x22,0x22,0x22,0x22,0x22,0x22,0x22,0x62,0x23,0x22,0x22,0x22,0x22,0x22,
0x32,0x23,0x22,0x22,0x22,0x22,0x22,0x22,0x22,0x22,0x22,0x22,0x22,0x22,0x62,0x22,0x22,0x11,0x22,0x22,0x22,0x22,0x22,0x11,0x22,0x22,0x22,0x33,0x23,0x22,0x32,0x22,
0x33,0x23,0x22,0x33,0x28,0x23,0x22,0x22,0x22,0x22,0x22,0x22,0x33,0x22,0x22,0x22,0x33,0x22,0x62,0x23,0x22,0x22,0x22,0x33,0x33,0x33,0x33,0x33,0x33,0x23,0x22,0x22,
0x22,0x22,0x22,0x22,0x22,0x22,0x22,0x22,0x62,0x22,0x22,0x22,0x22,0x22,0x22,0x22,0x23,0x22,0x33,0x33,0x33,0x33,0x33,0x33,0x33,0x33,0x33,0x33,0x32,0x22,0x62,0x26,
0x22,0x22,0x32,0x32,0x33,0x33,0x66,0x66,0x66,0x66,0x66,0x63,0x38,0x63,0x33,0x33,0x33,0x33,0x23,0x22,0x22,0x22,0x22,0x22,0x22,0x22,0x22,0x22,0x22,0x22,0x22,0x22,
0x22,0x22,0x82,0x23,0x33,0x23,0x22,0x22,0x22,0x22,0x22,0x22,0x22,0x22,0x22,0x33,0x23,0x22,0x22,0x22,0x22,0x22,0x22,0x22,0x33,0x63,0x36,0x36,0x66,0x66,0x66,0x66,
0x33,0x33,0x33,0x22,0x22,0x36,0x33,0x33,0x33,0x33,0x33,0x23,0x22,0x22,0x22,0x22,0x22,0x22,0x22,0x22,0x22,0x22,0x22,0x22,0x22,0x22,0x22,0x22,0x81,0x21,0x22,0x22,
0x22,0x22,0x22,0x22,0x22,0x22,0x22,0x22,0x22,0x22,0x22,0x32,0x22,0x32,0x33,0x33,0x33,0x33,0x33,0x23,0x83,0x22,0x22,0x33,0x33,0x33,0x22,0x22,0x22,0x22,0x36,0x22,
0x22,0x22,0x22,0x22,0x22,0x22,0x22,0x22,0x22,0x22,0x22,0x22,0x22,0x22,0x22,0x22,0x22,0x22,0x22,0x22,0x22,0x22,0xa1,0x21,0x22,0x22,0x22,0x22,0x22,0x22,0x22,0x22,
0x22,0x22,0x22,0x22,0x22,0x22,0x22,0x22,0x22,0x22,0x22,0x22,0x22,0x22,0x12,0x63,0x22,0x22,0x22,0x22,0x22,0x22,0x22,0x63,0x62,0x22,0x22,0x22,0x22,0x22,0x22,0x22,
0x22,0x22,0x22,0x22,0x22,0x22,0x22,0x22,0x22,0x22,0x22,0x22,0x22,0x12,0x11,0x21,0xa1,0x31,0x22,0x22,0x22,0x22,0x22,0x22,0x12,0x21,0x22,0x12,0x22,0x21,0x12,0x22,
0x21,0x22,0x22,0x22,0x22,0x22,0x22,0x22,0x22,0x23,0x36,0x22,0x22,0x22,0x68,0x66,0x3c,0x68,0x66,0x66,0x66,0x66,0x66,0x66,0x66,0x36,0x33,0x33,0x33,0x33,0x66,0x66,
0x33,0x33,0x33,0x33,0x33,0x33,0x33,0x33,0x63,0x38,0x83,0x33,0x33,0x33,0x33,0x33,0x33,0x33,0x33,0x33,0x33,0x86,0x33,0x33,0x33,0x33,0x33,0x63,0x66,0x66,0x66,0x66,
0x88,0x88,0x68,0x36,0x66,0xa3,0x33,0x33,0x63,0x83,0x33,0x36,0x33,0x33,0x33,0x33,0x33,0x33,0x33,0x33,0x33,0x33,0x33,0x33,0x33,0x33,0x33,0x33,0x33,0x33,0x23,0x22,
0x22,0x32,0x63,0x22,0x22,0x22,0x22,0x33,0x33,0x22,0x22,0x22,0x23,0x33,0x23,0x92,0x33,0x23,0x32,0x33,0x33,0x63,0x66,0x66,0x66,0x33,0x33,0x33,0x22,0x22,0x33,0x23,
0x36,0x23,0x62,0x26,0x33,0x33,0x33,0x33,0x33,0x33,0x33,0x33,0x33,0x33,0x33,0x33,0x33,0x33,0x33,0x33,0x33,0x33,0x33,0x33,0x33,0x33,0x33,0x23,0x92,0x21,0x22,0x33,
0x22,0x22,0x22,0x22,0x32,0x33,0x33,0x33,0x23,0x22,0x39,0x33,0x33,0x33,0x33,0x33,0x33,0x33,0x33,0x33,0x33,0x33,0x22,0x22,0x22,0x22,0x32,0x26,0x28,0x33,0x23,0x33,
0x33,0x33,0x33,0x33,0x33,0x33,0x33,0x33,0x33,0x33,0x33,0x33,0x33,0x33,0x33,0x33,0x33,0x33,0x33,0x33,0x33,0x33,0x92,0x32,0x33,0x33,0x33,0x22,0x32,0x23,0x33,0x33,
0x33,0x33,0x33,0x23,0x63,0x33,0x33,0x33,0x33,0x33,0x33,0x33,0x22,0x22,0x22,0x22,0x22,0x33,0x22,0x22,0x22,0x62,0x32,0x33,0x33,0x66,0x66,0x66,0x66,0x66,0x36,0x66,
0x33,0x66,0x33,0x33,0x33,0x33,0x33,0x33,0x33,0x33,0x33,0x33,0x33,0x33,0x33,0x33,0xa2,0x22,0x33,0x33,0x33,0x33,0x33,0x33,0x33,0x33,0x33,0x33,0x33,0x33,0x92,0x33,
0x33,0x33,0x33,0x33,0x33,0x33,0x33,0x33,0x22,0x22,0x33,0x33,0x33,0x33,0x22,0x22,0x33,0x63,0x66,0x66,0x66,0x66,0x66,0x66,0x66,0x66,0x66,0x33,0x33,0x33,0x33,0x33,
0x33,0x33,0x33,0x33,0x33,0x33,0x33,0x33,0x33,0x33,0xa2,0x32,0x33,0x33,0x33,0x33,0x33,0x33,0x33,0x33,0x33,0x33,0x33,0x33,0x23,0x2a,0x33,0x33,0x33,0x33,0x33,0x33,
0x33,0x33,0x33,0x63,0x33,0x33,0x33,0x33,0x23,0x32,0x88,0x68,0x88,0x88,0x68,0x66,0x36,0x33,0x33,0x33,0x33,0x33,0x63,0x36,0x33,0x33,0x33,0x33,0x33,0x33,0x33,0x33,
0x33,0x33,0x33,0x33,0x83,0x33,0x33,0x33,0x33,0x33,0x33,0x33,0x33,0x33,0x33,0x33,0x33,0x33,0x33,0x66,0x33,0x33,0x33,0x33,0x33,0x33,0x33,0x33,0x33,0x33,0x33,0x33,
0x66,0x66,0x86,0x66,0x9a,0x99,0x88,0x88,0x88,0x88,0x68,0x66,0x66,0x33,0x66,0x66,0x66,0x66,0x66,0x66,0x66,0x66,0x66,0x66,0x66,0x66,0x66,0x66,0x33,0x86,0x66,0x23,
0x23,0x32,0x33,0x33,0x33,0x33,0x33,0x33,0x33,0x33,0x33,0x33,0x33,0xa2,0x62,0x33,0x33,0x33,0x33,0x33,0x33,0x33,0x33,0x33,0x33,0x33,0x33,0x86,0x99,0x99,0xaa,0xaa,
0xaa,0xcc,0xcc,0xac,0xaa,0xaa,0xaa,0xaa,0x9a,0xaa,0xaa,0xaa,0xaa,0xaa,0x9c,0xaa,0xaa,0xaa,0xaa,0xaa,0xaa,0xaa,0x99,0xaa,0xcc,0x99,0xa9,0xa9,0xac,0x9a,0x99,0xa9,
0x99,0xaa,0xaa,0x99,0x9a,0x99,0xca,0xaa,0x9c,0x99,0x99,0x99,0x99,0x99,0x99,0x99,0x99,0xa9,0xaa,0xcc,0xaa,0xaa,0xaa,0xca,0x22,0x22,0x22,0x33,0x22,0x22,0x22,0x22,
0x22,0x22,0x22,0x22,0x22,0x22,0x33,0x23,0x2e,0x22,0x22,0x22,0x22,0x22,0x22,0x32,0x33,0x23,0x22,0x22,0x22,0x22,0x22,0x22,0x32,0x23,0x22,0x22,0x22,0x22,0x32,0x32,
0x93,0x32,0x23,0x22,0x22,0x22,0x22,0x22,0x22,0x22,0x22,0x22,0x22,0x22,0x22,0x22,0x22,0x22,0x66,0x66,0x66,0x66,0x36,0x33,0x33,0x33,0x33,0x33,0x33,0x33,0x33,0x33,
0x63,0xa3,0x63,0x9a,0x66,0x66,0x36,0x63,0x66,0x66,0x66,0x66,0x66,0x66,0x66,0x36,0x63,0x66,0x66,0x66,0x66,0x66,0x33,0x33,0x63,0x6a,0xc2,0x63,0x33,0x33,0x33,0x33,
0x66,0x66,0x66,0x66,0x66,0x66,0x33,0x33,0x33,0x33,0x33,0x36,0x86,0x88,0x88,0xa9,0xaa,0x89,0x88,0x68,0x66,0x66,0x36,0x63,0x66,0x66,0x66,0xc3,0x63,0x66,0x66,0x66,
0x66,0x66,0x66,0x66,0x66,0x66,0x66,0x66,0x66,0x66,0x66,0x66,0x66,0x66,0x66,0x66,0x66,0x66,0x66,0x33,0x33,0x3c,0x36,0x33,0x33,0x33,0x66,0x66,0x88,0x99,0x99,0x88,
0x68,0x66,0x36,0x66,0x66,0x66,0x88,0x89,0x98,0x99,0xaa,0x9a,0x89,0x68,0x66,0x66,0x66,0x66,0x36,0x66,0x36,0x3e,0x66,0x66,0x66,0x66,0x66,0x66,0x66,0x66,0x66,0x66,
0x66,0x66,0x66,0x66,0x66,0x66,0x66,0x66,0x66,0x66,0x66,0x66,0x66,0x33,0x23,0x6c,0x66,0x66,0x66,0x66,0x36,0x63,0x66,0x66,0x88,0x88,0x88,0x66,0x66,0x66,0x66,0x66,
0x88,0x86,0x88,0x88,0x88,0x66,0x68,0x66,0x66,0x66,0x66,0x66,0x66,0x98,0x66,0x3a,0x66,0x66,0x66,0x86,0x88,0x88,0x86,0x88,0x66,0x66,0x66,0x66,0x66,0x66,0x66,0x66,
0x66,0x66,0x66,0x66,0x66,0x66,0x66,0x66,0x63,0xe2,0x83,0x66,0x66,0x66,0x66,0x66,0x66,0x66,0x66,0x66,0x66,0x66,0x66,0x66,0x66,0x66,0x66,0x66,0x86,0x66,0x66,0x66,
0x88,0x66,0x66,0x66,0x66,0x66,0x66,0x86,0xf3,0x62,0x66,0x66,0x66,0x66,0x68,0x98,0x99,0x89,0x68,0x66,0x66,0x66,0x66,0x66,0x66,0x66,0x66,0x66,0x86,0x99,0x89,0x66,
0x66,0x66,0x36,0x93,0x89,0x66,0x66,0x66,0x66,0x66,0x88,0x66,0x66,0x66,0x88,0x88,0x66,0x88,0x68,0x88,0x88,0x88,0x68,0x88,0x88,0x88,0x88,0x88,0x86,0x68,0x66,0x66,
0x88,0x69,0x6a,0x66,0x33,0x66,0x66,0x66,0x88,0x86,0x98,0x99,0x99,0x68,0x68,0x66,0x66,0x66,0x66,0x66,0x66,0x68,0x88,0x99,0x99,0x89,0x66,0x66,0x96,0x23,0x6e,0x68,
0x66,0x86,0x66,0x66,0x88,0x66,0x66,0x66,0x88,0x88,0x88,0x88,0x88,0x88,0x88,0x88,0x86,0x86,0x88,0x86,0x88,0x88,0x88,0x88,0x98,0x89,0x98,0x39,0x3e,0x69,0x66,0x66,
0x86,0x98,0x99,0x88,0x89,0x99,0x99,0x88,0x98,0x68,0x68,0x66,0x66,0x66,0x66,0x66,0x66,0x86,0x88,0x68,0x66,0x66,0x66,0x69,0x99,0x66,0x68,0x66,0x66,0x66,0x88,0x68,
0x88,0x88,0x88,0x88,0x88,0x88,0x88,0x88,0x88,0x88,0x88,0x88,0x88,0x98,0x99,0x99,0x99,0x99,0x99,0x99,0x99,0xe3,0x96,0xa9,0x99,0x9a,0x89,0x89,0x88,0x66,0x66,0x66,
0x66,0x66,0x66,0x66,0x66,0x66,0x66,0x66,0x66,0x66,0x66,0x66,0x66,0x66,0x66,0x66,0x66,0x66,0xe2,0x63,0x86,0x66,0x66,0x66,0x86,0x88,0x88,0x88,0x88,0x88,0x88,0x88,
0x88,0x88,0x88,0x88,0x88,0x98,0x99,0x99,0x99,0x99,0x99,0x99,0x99,0x99,0x89,0xc8,0x96,0xa9,0x9a,0x99,0x68,0x66,0x66,0x86,0x68,0x66,0x68,0x66,0x66,0x66,0x66,0x66,
0x66,0x66,0x66,0x66,0x66,0x66,0x66,0x86,0x88,0x68,0x66,0x66,0x66,0x6c,0x68,0x66,0x66,0x66,0x66,0x88,0x88,0x88,0x88,0x88,0x88,0x88,0x88,0x88,0x88,0x98,0x99,0x98,
0x99,0x99,0x99,0x99,0x99,0x99,0x99,0x99,0x29,0x3f,0x86,0x88,0x88,0x88,0x68,0x66,0x66,0x88,0x68,0x86,0x88,0x66,0x66,0x66,0x66,0x66,0x66,0x66,0x68,0x66,0x66,0x66,
0x66,0x98,0x99,0x99,0x89,0x86,0x26,0x3e,0x88,0x88,0x88,0x66,0x86,0x88,0x88,0x88,0x88,0x88,0x88,0x88,0x68,0x88,0x66,0x88,0x68,0x88,0x98,0x99,0x89,0x99,0x99,0x99,
0x99,0x9a,0xa3,0x69,0x88,0x88,0x88,0x68,0x66,0x68,0x68,0x88,0x66,0x86,0x88,0x66,0x66,0x66,0x66,0x66,0x66,0x88,0x99,0x89,0x66,0x66,0x66,0x86,0x99,0x99,0x99,0x88,
0x68,0xc6,0x93,0x68,0x66,0x66,0x66,0x88,0x66,0x66,0x88,0x66,0x66,0x66,0x66,0x66,0xaa,0xaa,0xca,0xaa,0xaa,0xaa,0xaa,0xaa,0xaa,0xaa,0xaa,0x9a,0xfa,0x63,0x86,0x88,
0x88,0x88,0x66,0x86,0x88,0x88,0x66,0x88,0x88,0x66,0x66,0x66,0x66,0x88,0x99,0x99,0x89,0x88,0x66,0x66,0x66,0x88,0x98,0x89,0x88,0x88,0x66,0xe3,0xaa,0xaa,0xaa,0xaa,
0xaa,0xa9,0xaa,0xaa,0xaa,0xaa,0xaa,0xaa,0xaa,0xaa,0xaa,0xaa,0xaa,0xaa,0xcc,0x9c,0x3f,0x33,0x33,0x66,0x66,0x36,0x6f,0x86,0x88,0x88,0x88,0x88,0x88,0x86,0x88,0x66,
0x86,0x86,0x88,0x68,0x88,0x88,0x89,0x98,0x99,0x99,0x99,0x89,0x88,0x88,0x89,0x86,0x66,0x88,0x86,0x88,0x88,0x36,0x3f,0x66,0x66,0x33,0x33,0x36,0xf3,0xcc,0xcc,0xcc,
0xaa,0xca,0xaa,0xaa,0xaa,0xaa,0xaa,0xca,0xac,0xe9,0x89,0x88,0x88,0x88,0x98,0x88,0x3e,0x88,0x88,0x88,0x88,0x88,0x88,0x88,0x88,0x68,0x66,0x66,0x66,0x88,0x88,0x88,
0x99,0x99,0x99,0x99,0x99,0x99,0x99,0x99,0x99,0x99,0x68,0x88,0x86,0x86,0x88,0x36,0x8c,0x69,0x88,0x88,0x88,0x88,0x68,0x9f,0x9c,0xac,0xaa,0xaa,0xaa,0xaa,0xaa,0xaa,
0xaa,0xaa,0xaa,0xcc,0x86,0x88,0x88,0x88,0x88,0xf3,0x83,0x88,0x88,0x88,0x88,0x88,0x88,0x88,0x98,0x88,0x88,0x68,0x88,0x88,0x89,0x98,0x99,0x99,0x99,0x99,0x99,0x99,
0x99,0x99,0x99,0x99,0x88,0x88,0x66,0x86,0x88,0x68,0xe3,0x83,0x88,0x88,0x88,0x88,0x68,0xe9,0xa9,0xaa,0xaa,0xaa,0xaa,0xaa,0xaa,0xaa,0xaa,0xaa,0xaa,0x6f,0x88,0x88,
0x88,0x88,0x68,0xaa,0x86,0x68,0x88,0x88,0x88,0x88,0x86,0x88,0x88,0x88,0x99,0x99,0xa9,0xaa,0x9a,0x99,0x99,0x99,0x99,0x99,0x99,0x99,0x99,0x99,0x99,0x99,0x66,0x66,
0x66,0x86,0x88,0x88,0xc3,0x89,0x88,0x88,0x88,0x88,0x88,0xe3,0xaa,0xaa,0xaa,0xaa,0xaa,0xaa,0xaa,0xaa,0xaa,0xca,0xf9,0x86,0x88,0x88,0x88,0x88,0x68,0x3f,0xc9,0xa2,
0x89,0x88,0x88,0x68,0x88,0x88,0x88,0x99,0x99,0x99,0x99,0xa9,0xaa,0x99,0x99,0x99,0x99,0x99,0x99,0x99,0x99,0x99,0x99,0x88,0x68,0x66,0x86,0x88,0x98,0x69,0x38,0x3f,
0x88,0x88,0x88,0x88,0x88,0x38,0x9f,0xaa,0xaa,0xaa,0xaa,0xaa,0xaa,0xaa,0xaa,0x9a,0x9e,0x88,0x88,0x88,0x88,0x98,0xe3,0x86,0xc9,0x6c,0x66,0x66,0x86,0x66,0x68,0x66,
0x66,0x89,0x86,0x88,0x88,0x98,0x89,0x89,0x99,0x99,0x99,0x99,0x89,0x88,0x68,0x88,0x86,0x68,0x66,0x66,0x86,0x88,0x98,0xac,0x68,0xaa,0x96,0x86,0x88,0x88,0x88,0x68,
0xf8,0xa9,0xaa,0xaa,0xaa,0xaa,0xaa,0xaa,0xaa,0xe9,0x6c,0x68,0x66,0x88,0x66,0x66,0xf9,0x99,0x9a,0x99,0x99,0x99,0x99,0xa9,0xaa,0x99,0x99,0xaa,0xaa,0x9a,0xaa,0xaa,
0x9a,0xaa,0xaa,0xa9,0x99,0x99,0x99,0x99,0xaa,0xaa,0x99,0x99,0x99,0x99,0x99,0x99,0x99,0x99,0x99,0xfa,0x83,0x66,0x66,0x66,0x66,0x66,0xc3,0x9e,0xaa,0xaa,0xaa,0xaa,
0xaa,0x9c,0xaa,0xfa,0xcc,0xcc,0xaa,0xca,0xaa,0xac,0xaa,0xaa,0xaa,0x9a,0xaa,0xaa,0xaa,0xaa,0xaa,0xaa,0xee,0x9a,0xaa,0xaa,0xaa,0xaa,0xaa,0xaa,0xaa,0xaa,0xaa,0xaa,
0xaa,0xaa,0xaa,0xaa,0xfc,0xaa,0x99,0x99,0xaa,0xaa,0xaa,0x9a,0x99,0xa9,0xaa,0xac,0xaa,0xaa,0xa9,0x9a,0xa9,0xaf,0xc9,0xc8,0xaa,0xaa,0xaa,0xec,0x8c,0x9f,0x9a,0xaa,
0xaa,0xaa,0xa9,0x8c,0xac,0xaa,0xaa,0x99,0x99,0xa9,0xaa,0xaa,0x9c,0x69,0x6e,0x86,0x88,0x88,0x88,0x88,0x98,0xaa,0xaa,0x99,0x99,0x88,0x88,0x88,0x88,0x68,0xf2,0x93,
0xaa,0x99,0x99,0x99,0x89,0xa9,0x9a,0x99,0x8a,0x9a,0x99,0x99,0x9a,0xaa,0x9a,0xf9,0xc6,0xac,0xaa,0xaa,0xaa,0xaa,0xf8,0xac,0xac,0xaa,0xaa,0xaa,0xaa,0xaa,0xaa,0xaa,
0xaa,0x99,0x99,0xaa,0xaa,0xaa,0xae,0x3a,0x3f,0x88,0x88,0x98,0x88,0x98,0x99,0x99,0x99,0x99,0x99,0x99,0x99,0x99,0x88,0x88,0xe3,0x96,0x9c,0x9a,0x99,0x99,0x9a,0x99,
0xaa,0xaa,0xca,0x9a,0xaa,0xaa,0xaa,0xaa,0xaa,0xca,0x6f,0xaa,0xaa,0xaa,0x99,0x69,0xee,0xa9,0xaa,0xaa,0xaa,0xaa,0xaa,0xaa,0xaa,0xaa,0xaa,0xaa,0xaa,0xaa,0x99,0x99,
0x99,0x69,0x6f,0xaa,0x9a,0x99,0x99,0x99,0x99,0x99,0x99,0x99,0x99,0x99,0xa9,0xaa,0x99,0x99,0xc8,0x8a,0x99,0x99,0x99,0x99,0xaa,0x99,0xaa,0xaa,0xaa,0xaa,0xaa,0xaa,
0xaa,0xaa,0xaa,0x8a,0xcf,0x96,0x99,0xaa,
},
{ // fairy
0x88,0x48,0x84,0x85,0x81,0x81,0x40,0x00,0x01,0x11,0x40,0x10,0x51,0x84,0x58,0x05,0x40,0x11,0x00,0x04,0x00,0x70,0x77,0x77,0x77,0x77,0x77,0x77,0x77,0x77,0x77,0x77,
0x77,0x77,0x77,0x77,0x77,0x77,0x77,0x77,0x41,0x89,0x44,0x04,0x40,0x00,0x40,0x84,0xaa,0x84,0x84,0x88,0x08,0x80,0x00,0x00,0x18,0x10,0x88,0x88,0x88,0x88,0x41,0x14,
0x18,0x40,0x00,0x10,0x55,0x44,0x41,0x88,0x48,0x10,0x01,0x10,0x41,0x00,0x20,0x72,0x77,0x77,0x77,0x77,0x77,0x77,0x77,0x77,0x77,0x77,0x77,0x77,0x77,0x77,0x77,0x77,
0x77,0x77,0x97,0xa9,0x84,0x01,0x11,0x00,0x00,0x81,0xba,0xb8,0xa8,0xaa,0x14,0x00,0x01,0x10,0x00,0x01,0xaa,0x8b,0x08,0x81,0x11,0x88,0x0a,0x44,0x05,0x01,0xa0,0x88,
0x08,0x08,0x00,0x54,0x18,0x00,0x41,0x00,0x01,0x32,0x70,0x37,0x77,0x77,0x77,0x77,0x77,0x77,0x77,0x77,0x77,0x77,0x77,0x77,0x77,0x77,0x37,0x77,0x02,0x82,0x88,0x84,
0x18,0x11,0x41,0x88,0xaa,0xbb,0x8a,0x40,0x48,0x00,0x00,0x00,0x10,0x45,0xbb,0x0b,0x08,0x10,0x00,0xa4,0x88,0x0a,0x0a,0x80,0xb1,0xaa,0x14,0x00,0x00,0x84,0x10,0x01,
0x40,0x00,0x00,0x01,0x90,0x03,0x73,0x77,0x77,0x77,0x77,0x77,0x77,0x77,0x77,0x77,0x77,0x77,0x77,0x77,0x03,0x22,0x04,0x40,0x88,0x00,0x4a,0x81,0x08,0x88,0xa8,0xbb,
0x44,0x00,0x08,0x10,0x00,0x08,0x84,0x88,0x8a,0x8a,0x81,0x01,0x40,0xb8,0xaa,0x84,0x88,0xa0,0xbb,0x8a,0x01,0x11,0x00,0x88,0x18,0x88,0x00,0x01,0x00,0x00,0x00,0x00,
0x23,0x77,0x77,0x77,0x77,0x77,0x77,0x77,0x77,0x77,0x77,0x77,0x77,0x27,0x43,0x00,0x10,0x10,0x44,0x81,0x48,0xa8,0x8a,0xa8,0xba,0xbb,0x1a,0x00,0x01,0x41,0xa1,0x10,
0x10,0x8b,0x88,0x41,0x88,0x05,0x01,0x04,0xa4,0x88,0x88,0xb8,0xbb,0xab,0x88,0x08,0xa0,0x8b,0x48,0x88,0x00,0x0a,0x04,0x88,0x00,0x11,0x00,0x73,0x77,0x77,0x77,0x77,
0x77,0x77,0x77,0x77,0x77,0x77,0x77,0x07,0x14,0x14,0x88,0x44,0xa8,0x8a,0x48,0xba,0xaa,0x8a,0xba,0xa8,0x00,0x01,0x00,0x01,0x48,0x84,0x81,0xbb,0x8b,0x84,0x01,0x51,
0x10,0x80,0xbb,0xba,0xba,0x04,0xbb,0x08,0x88,0x44,0x88,0xa0,0x88,0x8a,0x10,0x18,0x88,0xa0,0x50,0x21,0x73,0x77,0x77,0x77,0x77,0x77,0x77,0x77,0x77,0x77,0x77,0x77,
0x77,0x37,0x43,0x49,0x49,0x84,0xba,0x48,0x88,0xb1,0xbb,0x1a,0x80,0x40,0x01,0x14,0x00,0x11,0x01,0xb8,0xb8,0x8a,0x8b,0xa8,0x48,0xa5,0x10,0x00,0xb9,0xbb,0x80,0x08,
0x41,0x01,0x10,0xa8,0x48,0x48,0x80,0xbb,0x88,0xa0,0x44,0xa8,0x44,0x02,0x72,0x77,0x77,0x77,0x77,0x77,0x77,0x77,0x77,0x77,0x77,0x77,0x77,0x77,0x33,0x77,0x83,0x8a,
0xbb,0xa8,0xbb,0xba,0xab,0x10,0x00,0x00,0x11,0x00,0x18,0x48,0x80,0x84,0xbb,0x01,0x48,0x8a,0x81,0x5a,0x88,0x01,0xa4,0x88,0x00,0x48,0x01,0x50,0x80,0xab,0x80,0x4a,
0x84,0xbb,0x8b,0xa5,0x18,0xa4,0x39,0x43,0x72,0x77,0x77,0x27,0x77,0x77,0x77,0x77,0x77,0x77,0x77,0x77,0x77,0x77,0x77,0x27,0x42,0xaa,0x99,0xba,0xbb,0xbb,0xb4,0x01,
0x00,0x41,0x00,0x84,0x40,0x48,0x84,0x84,0xbf,0x8a,0xfb,0x8a,0x88,0x08,0xa4,0xcf,0x48,0x54,0x01,0x00,0x00,0x01,0x05,0x01,0x00,0x8a,0xb8,0xab,0xaa,0xaa,0x8a,0x04,
0x77,0x77,0x77,0x77,0x37,0x10,0x77,0x77,0x77,0x77,0x77,0x77,0x27,0x73,0x77,0x77,0x77,0x43,0xa8,0x7a,0xa7,0xba,0xe7,0xab,0x04,0x10,0x10,0x10,0x81,0x08,0x41,0xa8,
0x88,0xbf,0xaf,0x44,0xff,0x4f,0x88,0x4a,0x54,0xbb,0x8b,0x01,0x15,0x55,0xa5,0x00,0x01,0x10,0x80,0xbb,0xbf,0x88,0x98,0x9a,0x98,0x18,0x30,0x77,0x77,0x77,0x77,0x72,
0x77,0x77,0x77,0x77,0x77,0x77,0x37,0x77,0x77,0x77,0x77,0x43,0x77,0x73,0xa7,0x7b,0x77,0x97,0x00,0x81,0x05,0x81,0x84,0x8b,0x88,0xfb,0x88,0xfb,0xbf,0xb8,0xff,0x4b,
0xf8,0x8c,0x9a,0x88,0x88,0x01,0x44,0x00,0x44,0x00,0x00,0x40,0x81,0xb0,0xaa,0x8a,0x35,0xa7,0x83,0x49,0x21,0x77,0x77,0x77,0x77,0x77,0x37,0x33,0x77,0x77,0x77,0x77,
0x77,0x77,0x77,0x77,0x77,0x77,0x77,0x37,0x73,0x77,0xaa,0x1a,0x44,0x04,0x11,0x84,0xb8,0x4b,0xa8,0xfb,0xbb,0xfb,0xbf,0xbb,0xff,0xaf,0xfc,0xef,0xfb,0xbb,0xa8,0x58,
0xa8,0x80,0x18,0x00,0x08,0x41,0x00,0x01,0xaa,0x32,0x18,0x72,0x37,0x73,0x72,0x77,0x77,0x77,0x77,0x77,0x02,0x00,0x72,0x77,0x77,0x77,0x77,0x77,0x77,0x77,0x77,0x77,
0x77,0x03,0x20,0x99,0xa8,0xaa,0xaa,0x14,0x45,0x84,0xba,0x84,0xa0,0xcb,0xaf,0xb8,0xaf,0xab,0xff,0xff,0xff,0xbf,0xab,0x88,0xa8,0x88,0x01,0xb8,0x88,0xa1,0x08,0x14,
0x00,0x80,0x58,0x94,0x27,0x77,0x77,0x77,0x77,0x77,0x77,0x77,0x27,0x30,0x22,0x00,0x20,0x77,0x77,0x77,0x77,0x77,0x77,0x77,0x77,0x77,0x77,0x23,0x01,0x84,0x84,0x88,
0x4a,0x81,0x8b,0x18,0x10,0x01,0xa0,0x44,0xfc,0xbc,0xff,0xba,0xff,0xff,0xff,0xbb,0xbb,0x88,0xf8,0xbb,0x84,0xb8,0x8a,0xab,0x10,0x01,0x01,0xa8,0x15,0x88,0x20,0x23,
0x73,0x77,0x77,0x77,0x77,0x77,0x03,0x00,0x02,0x00,0x00,0x73,0x77,0x77,0x77,0x77,0x77,0x77,0x77,0x77,0x33,0x47,0x01,0x41,0x81,0xaa,0x1b,0x88,0x0a,0x19,0x00,0x00,
0x41,0x50,0xcb,0xff,0xff,0xab,0xff,0xff,0xbf,0xbb,0xbb,0xbb,0xfb,0xcf,0x88,0xb4,0xff,0x5a,0xa8,0x80,0x88,0x10,0x80,0x10,0x00,0x01,0x72,0x23,0x72,0x77,0x77,0x77,
0x22,0x22,0x00,0x20,0x02,0x72,0x77,0x77,0x77,0x77,0x77,0x77,0x77,0x33,0x22,0x42,0x44,0x45,0x81,0x88,0xbb,0xaa,0x00,0x14,0x10,0x10,0x01,0x84,0xa4,0xfb,0xfb,0xcf,
0xff,0xff,0x8b,0x8b,0xab,0xbb,0xff,0xbf,0xaa,0xfb,0xbf,0x54,0x88,0x14,0x18,0x40,0x44,0x00,0x04,0x11,0x02,0x01,0x20,0x73,0x77,0x77,0x23,0x22,0x02,0x02,0x22,0x77,
0x77,0x77,0x77,0x77,0x37,0x77,0x27,0x22,0x00,0x44,0x14,0x84,0xa4,0x88,0x1b,0x10,0xa4,0x01,0x41,0x80,0x88,0x1a,0xa4,0xbb,0xba,0xff,0xff,0xbf,0xab,0xab,0xba,0xfb,
0xff,0xbb,0xbb,0xff,0xbf,0x4b,0xab,0x00,0xa0,0x41,0x48,0x11,0x10,0x00,0x00,0x00,0x01,0x73,0x77,0x23,0x22,0x22,0x00,0x00,0x20,0x32,0x37,0x22,0x73,0x77,0x73,0x77,
0x43,0x44,0x48,0x88,0x88,0xaa,0xb8,0xba,0x8b,0x01,0x41,0x11,0xa8,0x88,0xa4,0xab,0xba,0xbb,0xbb,0xfb,0xcf,0xbb,0x8a,0xba,0xbb,0xff,0xff,0xcc,0xff,0xff,0xff,0xab,
0xab,0x88,0xa4,0x4b,0x18,0x41,0x18,0x04,0x11,0x01,0x41,0x02,0x73,0x22,0x22,0x22,0x22,0x00,0x02,0x00,0x23,0x00,0x32,0x77,0x33,0x77,0x37,0x4a,0x8a,0xa8,0xb8,0xb8,
0xba,0x8b,0x41,0x44,0x41,0xa8,0xba,0x4a,0x48,0xfa,0xbb,0xbb,0xb8,0x8a,0xcc,0x49,0xa8,0xba,0xfb,0xfc,0xff,0xff,0xff,0xbc,0xbb,0xbb,0x8a,0x48,0xba,0x4b,0xaa,0xa8,
0x50,0x80,0x55,0x44,0x00,0x00,0x32,0x22,0x22,0x22,0x22,0x02,0x00,0x20,0x00,0x00,0x00,0x33,0x33,0x33,0x32,0x33,0x8a,0xab,0xab,0xbb,0xbb,0x8b,0x41,0x8a,0x88,0xaa,
0xbb,0xa4,0xaa,0xfa,0xfb,0xbb,0x84,0xa8,0xc6,0xc4,0xcf,0xfc,0xcf,0xff,0xcf,0xfb,0xbb,0x8a,0xba,0xbb,0xbb,0x88,0xb4,0xbb,0xab,0x8b,0x81,0x08,0x18,0x22,0x22,0x22,
0x00,0x20,0x22,0x20,0x22,0x22,0x22,0x00,0x22,0x22,0x20,0x33,0x33,0x23,0x20,0x44,0x88,0xbb,0x89,0xba,0xba,0xbb,0xaa,0x88,0xba,0x88,0xba,0x8b,0xb8,0xbb,0xaf,0x88,
0x41,0xaa,0xff,0xcf,0xcc,0xcc,0xff,0xbf,0xaa,0xb8,0xbb,0xab,0xba,0xbb,0xbb,0xab,0xba,0xba,0xab,0xbb,0x8a,0x10,0x00,0x24,0x22,0x22,0x22,0x22,0x20,0x22,0x22,0x22,
0x22,0x22,0x22,0x22,0x22,0x23,0x33,0x22,0x00,0xa4,0xba,0x22,0xb4,0x3b,0xb9,0x49,0x02,0xa8,0xb8,0xa8,0xbb,0xab,0xf8,0xbf,0xcf,0xa4,0x8b,0xf9,0xcf,0xcc,0xff,0xff,
0xff,0xab,0xab,0xaa,0x8a,0xba,0x1a,0xbb,0xba,0xbb,0x8a,0xbb,0xaa,0xb2,0x8b,0x85,0x01,0x00,0x20,0x32,0x22,0x22,0x22,0x22,0x22,0x22,0x22,0x22,0x22,0x22,0x02,0x02,
0x22,0x22,0x22,0xa8,0x92,0x22,0xaa,0x2a,0x33,0x22,0xa8,0x8b,0xbb,0xba,0xbb,0xbf,0xbb,0xff,0x8f,0x8a,0x9e,0xf9,0xcf,0xff,0xef,0xeb,0xbf,0xba,0xab,0x4a,0x48,0xb8,
0x88,0xb1,0xab,0xba,0xab,0xa0,0x0a,0x98,0x8a,0x84,0x58,0x21,0x22,0x22,0x22,0x22,0x22,0x22,0x22,0x22,0x22,0x32,0x37,0x22,0x22,0x22,0x22,0x22,0x22,0x22,0x22,0x22,
0x99,0x22,0x22,0xa9,0xba,0x88,0xab,0xbb,0xbb,0xfe,0xba,0xfb,0xff,0xae,0xff,0xff,0xff,0xff,0xab,0xba,0xba,0x8a,0xeb,0x8e,0xb4,0xc4,0x4b,0xaa,0xbb,0xa8,0x48,0x40,
0x08,0x20,0xaa,0xa8,0x8a,0x20,0x23,0x22,0x33,0x33,0x33,0x32,0x22,0x22,0x32,0x77,0x37,0x33,0x22,0x22,0x22,0x22,0x22,0x22,0x22,0x33,0x33,0x23,0x88,0xaa,0xa8,0xaa,
0xab,0xfa,0xbf,0xfb,0xbb,0xab,0xff,0xbf,0xff,0xff,0xff,0xab,0xab,0xfa,0xbb,0xab,0xfb,0x84,0xc4,0xbc,0xab,0xa8,0xbb,0x8a,0x88,0x00,0x01,0x00,0x99,0x48,0x93,0x08,
0x77,0x33,0x22,0x20,0x37,0x33,0x22,0x32,0x77,0x77,0x77,0x37,0x37,0x22,0x22,0x22,0x33,0x33,0x33,0x33,0x33,0x93,0xaa,0xa4,0xbb,0xba,0xbb,0xbb,0xfb,0xff,0xbf,0xaa,
0xfb,0xff,0xff,0xef,0x9f,0xb4,0xba,0xbb,0xfb,0xaf,0xea,0xbf,0xcb,0xbf,0xaa,0xfb,0xae,0xaa,0x8a,0x11,0x45,0x10,0x66,0x96,0x73,0x33,0x77,0x47,0x10,0x00,0x23,0x33,
0x73,0x77,0x77,0x77,0x77,0x33,0x37,0x37,0x32,0x33,0x33,0x73,0x7d,0x33,0x33,0x22,0x81,0xa8,0xab,0xba,0xab,0xbb,0xbb,0xbb,0xff,0xbf,0xc9,0xff,0xff,0xef,0x29,0xaa,
0xa4,0xba,0xc9,0x6f,0xc2,0xef,0xfe,0x26,0xaa,0xfe,0xbb,0xbc,0xa8,0x01,0xa5,0x08,0x20,0x66,0x76,0x77,0x32,0x87,0x14,0x00,0x00,0x77,0x77,0x77,0x77,0x77,0x77,0x73,
0x73,0x73,0x77,0x23,0x22,0xd7,0x7d,0xd7,0x23,0x84,0x88,0xaa,0xbb,0xab,0xbb,0xab,0xbb,0xbb,0xfb,0xff,0xff,0xff,0xfc,0xff,0x44,0x00,0x9b,0xba,0x04,0xfc,0xe6,0xff,
0xef,0x22,0xfb,0xef,0xbf,0xbb,0xab,0x88,0x15,0x66,0x65,0x66,0x36,0x43,0x01,0x84,0x11,0x00,0x20,0x73,0x77,0x77,0x77,0x77,0x77,0x37,0x37,0x77,0x77,0x77,0x33,0xdd,
0x7d,0x7d,0x93,0xa8,0xb9,0xbb,0xad,0xbb,0xde,0xbb,0xaa,0xbb,0xab,0xcb,0xff,0xfc,0xcf,0xff,0x44,0x40,0x40,0x08,0x00,0xf2,0xff,0xfe,0xfc,0xfc,0xff,0xa9,0xab,0xba,
0xaa,0x88,0x04,0xc2,0xdc,0xc6,0x7d,0x87,0x48,0x48,0x04,0x00,0x00,0x20,0x77,0x22,0x77,0x77,0x77,0x77,0x37,0x73,0x73,0x77,0x77,0xd7,0xdd,0xdd,0x3d,0x76,0xa9,0xbb,
0xa7,0xcb,0xcd,0xaa,0xaa,0xba,0xab,0xab,0xfb,0xff,0xcf,0xfc,0x42,0xa4,0x99,0x08,0x04,0x60,0xff,0xfe,0xfc,0xfe,0x29,0x20,0xaa,0xba,0xab,0x88,0x18,0x32,0xdd,0xcd,
0x7d,0xaa,0x44,0x44,0x88,0x48,0x00,0x20,0x03,0x00,0x72,0x77,0x77,0x77,0x73,0x33,0x33,0xd7,0x77,0xdd,0x7d,0x77,0x77,0x73,0xba,0x22,0xb6,0xdd,0xa7,0xba,0x4b,0xbb,
0xce,0x8a,0xaa,0xff,0xef,0xfc,0x44,0x99,0x99,0x44,0x44,0x77,0xff,0xcc,0xfc,0x9e,0x4a,0x40,0xaa,0xd9,0xad,0xc8,0x8a,0x21,0xdd,0xcc,0x66,0x96,0xaa,0x1a,0x00,0x40,
0x44,0x4a,0x14,0x00,0x30,0x77,0x77,0x77,0x37,0x37,0x37,0xd7,0xdd,0xdd,0xdd,0xdd,0x23,0x20,0x88,0x00,0x70,0xdd,0xa7,0x9c,0x2f,0xe9,0x9e,0xa4,0x08,0xf9,0xff,0xfc,
0x9a,0x99,0x49,0xac,0x04,0xd7,0xff,0xcc,0xcc,0x99,0x99,0x09,0x90,0xdd,0xbd,0x88,0x6d,0xd9,0xdd,0xc6,0xcc,0x96,0xa4,0x00,0x80,0x08,0x10,0x04,0x01,0x00,0x00,0x72,
0x7d,0x77,0x73,0x77,0x77,0xd7,0xdd,0xdd,0x7d,0xd7,0x8d,0x01,0x00,0x00,0x70,0x7d,0x7d,0xed,0xee,0xee,0x0c,0xa2,0x24,0xe7,0xff,0xcf,0x79,0xd7,0xce,0x39,0x19,0xd7,
0xff,0xcc,0xd6,0x77,0x99,0x12,0x70,0xdd,0xdd,0xda,0xdd,0xdd,0xdd,0xcd,0xcc,0x6c,0x44,0x11,0xb4,0x01,0x00,0x00,0x40,0x01,0x00,0xd7,0x7d,0x77,0x77,0x77,0x77,0x77,
0xd7,0xdd,0xdd,0x77,0x49,0x14,0x01,0x01,0x90,0x02,0xd7,0xdd,0xee,0xce,0x3c,0x22,0x37,0xe7,0xff,0x6e,0x72,0xd7,0x7c,0x77,0x77,0xe7,0xef,0x6e,0xd6,0x97,0x94,0x99,
0x04,0xd7,0xdd,0xdd,0xdd,0xdd,0xdd,0xdd,0xdd,0xcd,0xa8,0x84,0xba,0x80,0x01,0x10,0x41,0x12,0x71,0xd7,0x77,0x77,0x77,0x77,0x72,0xdd,0xdd,0xdd,0xdd,0x7d,0x44,0xaa,
0x41,0x44,0x04,0x00,0xd2,0x77,0xfd,0x6e,0xdd,0x77,0x7d,0xd7,0xff,0xcf,0xd3,0xdd,0x7c,0x77,0x7d,0xf7,0xcf,0x6c,0xd6,0x23,0x99,0x99,0x94,0xd7,0xdd,0xdd,0xdd,0x2d,
0xd2,0xcd,0xdc,0x9c,0xaa,0xaa,0xaa,0x1a,0x04,0x00,0x48,0x00,0x00,0x20,0x77,0x77,0x77,0x43,0x20,0x72,0xdd,0xdd,0x77,0xdd,0x49,0x0a,0x00,0x00,0x41,0x91,0xd3,0x77,
0xe7,0xce,0xdc,0x77,0x7d,0x32,0xff,0xcf,0xdd,0xdd,0x7c,0x77,0x7d,0xed,0xce,0x6c,0xd6,0x77,0xc7,0x93,0xd2,0xdd,0xdd,0xdd,0xee,0x49,0xd6,0xdd,0xcc,0xac,0xba,0xab,
0xb9,0x94,0x8b,0x04,0x44,0x01,0x00,0x00,0x77,0x77,0x37,0x00,0x00,0x30,0xdd,0x3d,0x00,0x99,0x44,0x41,0xa4,0x08,0x10,0xd9,0xdd,0x7d,0xe7,0x6c,0xd6,0xd7,0x3d,0x20,
0xff,0xcf,0x66,0xcd,0x46,0x70,0xd7,0xfe,0xce,0x66,0xdc,0xdd,0x6d,0x77,0xd7,0xdd,0xdd,0xed,0xed,0xce,0xde,0xdd,0xdd,0x9d,0x7a,0x7c,0x9b,0xb9,0xaa,0x48,0x9a,0x44,
0x10,0x32,0x77,0x37,0x72,0x44,0x00,0x72,0xd7,0x47,0x00,0x84,0x8a,0x84,0xba,0x48,0x04,0xd2,0xdd,0x7d,0xe7,0xce,0x96,0x30,0x97,0x44,0xff,0xff,0x6c,0x46,0x44,0x41,
0xc4,0xfe,0xce,0x66,0x26,0x77,0x6d,0x77,0x77,0xdd,0xd3,0xdd,0xee,0xed,0xee,0xed,0xdd,0x7d,0x77,0xd7,0xee,0xab,0x97,0xba,0x99,0x4a,0x01,0x70,0x77,0x27,0x40,0x02,
0x00,0x00,0x20,0x42,0x00,0xaa,0xaa,0xba,0xab,0xb1,0x48,0xd2,0xdd,0xdd,0xdd,0x6c,0x46,0x40,0x40,0x98,0xff,0xcf,0xce,0xc6,0x94,0x19,0xc0,0xff,0x6f,0x6c,0x04,0xd2,
0x66,0x77,0xd7,0x41,0x32,0xdd,0xdd,0xee,0xde,0xdd,0x7d,0xd7,0x77,0xd7,0xcc,0x77,0x77,0x77,0x9d,0x47,0x42,0x32,0x77,0x27,0x24,0x40,0x04,0x20,0x43,0x01,0x14,0xa0,
0xaa,0xbb,0x9b,0xba,0xa9,0xdd,0xdd,0xdd,0xdd,0xcc,0x56,0x04,0x21,0xcc,0xff,0xcf,0xcc,0x6c,0x66,0x8c,0xe9,0xcf,0x6f,0xcc,0x14,0x21,0x30,0x7d,0x94,0x14,0x90,0x26,
0xd2,0xce,0xdc,0xdd,0xdd,0xd7,0x7d,0xd7,0x6c,0x77,0x77,0x77,0xcd,0x37,0x77,0x77,0x77,0x23,0x42,0x94,0x92,0x00,0x42,0x44,0xa9,0x44,0x34,0x77,0xed,0x7e,0x77,0xdd,
0xdd,0x6d,0xc7,0xce,0x96,0x8a,0xe4,0xec,0xfe,0xff,0xee,0xce,0xcc,0x9c,0xfc,0xcf,0x6c,0x9c,0x44,0x10,0x62,0xdd,0x8b,0x48,0x40,0x04,0x22,0xee,0xd6,0x79,0xdd,0xdd,
0x7d,0xd7,0x66,0x77,0x32,0x77,0x3c,0x77,0x77,0x77,0x37,0x77,0x24,0x73,0x29,0x04,0x92,0x74,0x99,0x49,0x79,0x77,0xd7,0x76,0x23,0xdd,0xdd,0x19,0xe4,0xec,0x6c,0x99,
0xce,0xfe,0xff,0xcf,0xec,0xce,0xec,0xed,0xfe,0xfc,0xc6,0x9c,0x94,0x18,0x69,0x69,0xba,0x88,0x05,0x41,0x61,0xbe,0x99,0x00,0x77,0xd7,0xdd,0xed,0x6c,0x49,0x00,0x32,
0x36,0x77,0x77,0x33,0x77,0x77,0x77,0x77,0x39,0x33,0x77,0x77,0xd7,0x77,0x77,0x77,0xc7,0x49,0x01,0x04,0x62,0x99,0xeb,0xcc,0x8c,0xa8,0xee,0xee,0xff,0xcf,0x66,0xee,
0xee,0xef,0xff,0xff,0xf6,0x6c,0x99,0x98,0x96,0x8a,0x48,0x80,0x40,0x40,0xe9,0xbe,0x48,0x04,0x01,0xd2,0xdd,0xcd,0x9c,0x4a,0x00,0x00,0x20,0x67,0xc7,0xcc,0xcc,0x36,
0x33,0xc3,0xcc,0x73,0x77,0x77,0x67,0x77,0x77,0x7d,0xcd,0x8c,0x04,0x10,0x99,0xcc,0xce,0xbe,0xa8,0xcb,0xec,0xff,0xff,0xfe,0x00,0xec,0xee,0xfe,0xce,0xcf,0xf6,0x6e,
0x66,0x96,0xb9,0x8b,0xa8,0x88,0x0b,0x18,0x01,0xa4,0x88,0x51,0x00,0x20,0xcd,0x6c,0xa4,0x88,0x4a,0x11,0x90,0xc6,0x66,0xcc,0xcc,0x6c,0x6c,0x6c,0x66,0x66,0x66,0xcc,
0x29,0x72,0xdd,0xdd,0x6c,0x44,0xb1,0xa1,0x69,0xc9,0x6e,0x8a,0xbb,0xcb,0xfe,0xff,0xff,0xfe,0x61,0xef,0xfe,0xce,0xec,0x6c,0xf6,0xcf,0xdc,0xcc,0xcc,0xaa,0xaa,0xac,
0x2c,0x1b,0x41,0x84,0x44,0x44,0x10,0xc8,0xcd,0x6c,0x81,0x99,0x6b,0x66,0xe6,0xec,0xec,0xee,0xce,0xcc,0xec,0xee,0xee,0xce,0x6c,0xc2,0x66,0x39,0x66,0x42,0xa1,0xa8,
0xca,0xc9,0x56,0xc5,0xbc,0xac,0xbd,0xee,0xff,0xff,0xab,0xec,0xb0,0x69,0xac,0xec,0xbf,0xee,0xf9,0x6e,0xce,0x96,0xd9,0xbb,0xca,0xf8,0xec,0xba,0xb4,0xaa,0xa8,0xba,
0x88,0x64,0x66,0x6c,0x49,0x65,0xcc,0xec,0xee,0xde,0xec,0x6c,0xde,0xdd,0xcd,0xcc,0xde,0xec,0xef,0xec,0xcc,0x66,0xcc,0x85,0xa9,0xd9,0xec,0xce,0x6c,0xcc,0xec,0xee,
0xee,0xfe,0xff,0xab,0xa4,0xfb,0x10,0x20,0x48,0xa4,0x9b,0xc9,0xee,0x66,0xc9,0x4a,0x61,0xe9,0xee,0xce,0xcf,0xce,0xc6,0x96,0x4a,0x99,0xaa,0x11,0x40,0xcd,0xc6,0xdc,
0xee,0xee,0xcc,0xe7,0xdc,0xec,0xff,0xce,0xcc,0xde,0xec,0xce,0xde,0xee,0xee,0xcc,0x66,0x6c,0x66,0x9c,0x96,0xce,0xce,0xcc,0xee,0xee,0xce,0xee,0xeb,0x8c,0xb8,0xbb,
0x04,0x48,0x69,0x85,0x8a,0xa8,0xc9,0xcb,0x48,0x84,0x41,0x90,0xee,0xfe,0xef,0xce,0x6c,0x66,0x44,0x00,0xa4,0x18,0x11,0xc2,0xcc,0xe6,0xdd,0xec,0x7e,0xce,0xec,0xff,
0x9f,0x02,0x20,0xf3,0xee,0xde,0xdc,0xee,0xce,0xce,0xee,0xce,0xe6,0xac,0xc9,0x69,0xce,0xee,0xee,0xec,0x8c,0xea,0xba,0xba,0x8c,0xaa,0x2b,0xcc,0x6c,0x59,0x19,0x88,
0x44,0x95,0x46,0x4b,0x10,0x94,0xee,0xfe,0xcc,0xcc,0xcc,0xc6,0xa9,0x41,0xa0,0x8b,0x4a,0xcc,0x66,0xc6,0xee,0xee,0xee,0xce,0xff,0xcf,0x22,0x22,0x22,0x02,0xdc,0xee,
0xdd,0xee,0x2e,0xec,0xed,0x05,0x94,0xec,0xcc,0xcb,0x6e,0xee,0xec,0xa9,0x4a,0x8a,0x84,0x4a,0xb9,0xba,0xcf,0xec,0x6c,0x6c,0x02,0xa0,0xa9,0x99,0xcc,0x96,0x48,0x11,
0x99,0xe2,0xee,0xec,0xce,0xcc,0x96,0xaa,0x14,0xac,0x9c,0xce,0x66,0x66,0xdc,0xdd,0xed,0xec,0xee,0x3e,0x02,0x32,0x09,0x20,0xc2,0xed,0xee,0xed,0xee,0xee,0x2e,0x14,
0xc9,0xec,0xec,0xef,0xee,0xfe,0xee,0xaa,0x18,0x48,0xba,0xba,0xbb,0xab,0xef,0xcc,0xce,0x05,0x10,0x25,0xbc,0x6f,0xcc,0x66,0xbc,0x91,0x48,0x61,0xee,0xee,0x6c,0x6e,
0x66,0xbf,0x6c,0xfc,0xce,0xee,0xcc,0x96,0xc1,0xee,0xee,0xee,0xee,0x37,0x33,0x72,0x33,0x33,0x33,0xee,0xdf,0xee,0xce,0x6c,0x84,0xaa,0xc6,0xee,0xcf,0xcc,0xec,0xfe,
0xce,0xae,0x94,0xaa,0xaa,0xbb,0xee,0xab,0xef,0xcc,0x6c,0x05,0x50,0x01,0xd2,0xee,0xcc,0x66,0xec,0x66,0xb6,0x98,0xff,0xee,0xee,0xec,0x6c,0xcc,0x2c,0x62,0xcc,0x66,
0xee,0x6c,0x29,0xec,0xde,0xec,0xce,0x33,0x33,0x33,0x33,0x33,0x33,0xde,0xee,0xde,0x7e,0xcc,0xac,0xe9,0xec,0xbe,0xcc,0xc6,0xdc,0xae,0x88,0x44,0xba,0xaa,0x84,0xe6,
0xce,0xcc,0xec,0xff,0xce,0x66,0x1c,0x60,0x60,0xee,0xce,0x6e,0xe6,0x96,0xec,0xc6,0xe6,0xfc,0xee,0xef,0x6c,0xe2,0xcc,0x66,0xef,0x6c,0xec,0xcc,0x66,0x66,0x6c,0xd6,
0xdc,0x37,0x23,0x22,0x23,0x22,0xc3,0xee,0xfd,0xce,0xce,0xee,0xcf,0xed,0xee,0xc9,0xce,0xec,0xee,0xce,0xa8,0xba,0xb8,0xbb,0x6a,0xcc,0xce,0xc6,0xcc,0xfc,0xee,0xec,
0x19,0xc0,0xe6,0xff,0xee,0x6e,0xc6,0x6c,0xc6,0x66,0x26,0x69,0x6d,0xdd,0x66,0x62,0x37,0x33,0x77,0x33,0x73,0x37,0x23,0xd3,0xdd,0xd7,0xdd,0x33,0x33,0x23,0x33,0x33,
0x77,0x77,0x77,0xc6,0xce,0xfe,0xcc,0xff,0xcf,0xcc,0xce,0xed,0xff,0x8e,0xab,0xe8,0x8b,0xfb,0xcc,0xcc,0x66,0xfc,0xcf,0xcc,0xcc,0xc6,0x9e,0xc9,0xcc,0xcc,0x87,0x01,
0x32,0x36,0x73,0x37,0x73,0x9d,0xd7,0x77,0x37,0xd2,0x37,0x32,0x7d,0x77,0xd7,0x77,0x33,0xd7,0xdd,0xd7,0xdd,0x33,0x33,0x33,0x33,0x33,0x33,0xdd,0xd7,0x77,0x77,0x77,
0x33,0xd7,0xcc,0xf6,0xcd,0xfe,0x9e,0xe6,0xaf,0xee,0xcf,0xce,0xfc,0x6f,0xc6,0xce,0xef,0xfe,0xcc,0xcc,0xfc,0xcf,0xcc,0xcc,0x23,0x97,0x72,0xec,0xdd,0x37,0xd3,0xdd,
0xdd,0x3d,0x66,0x76,0x97,0x72,0xdd,0x77,0x77,0x93,0x22,0x77,0x77,0xd7,0xdd,0x37,0x33,0x33,0x33,0x73,0x77,0xdd,0xd7,0x7d,0xdd,0xdd,0x9d,0xd7,0x7d,0xd7,0x7d,0xd7,
0xcd,0xec,0xee,0xec,0xee,0xcc,0xcc,0xfc,0xfc,0xef,0xee,0xff,0xcf,0xcc,0xff,0xcc,0xcc,0xcc,0xdc,0x99,0x96,0xf9,0xcc,0x29,0x79,0xd7,0xdd,0xcc,0x66,0x39,0x29,0x72,
0x77,0x37,0x37,0x29,0x32,0x77,0x77,0x77,0x77,0x77,0x77,0x77,0x77,0x77,0x77,0x77,0x77,0x77,0x77,0xdd,0x96,0xd9,0x7d,0xd7,0xdd,0xc7,0xc6,0xec,0xce,0xec,0xfe,0xff,
0xcc,0xff,0xcc,0xfc,0xff,0xef,0xee,0xce,0xec,0xcc,0xec,0xec,0xdd,0x69,0x89,0xd7,0xce,0x66,0x77,0x77,0x77,0x77,0x66,0x33,0x12,0x34,0x77,0x37,0x39,0x42,0x29,0x37,
0x77,0x77,0x77,0x77,0x77,0x77,0x77,0x77,0x77,0x77,0x77,0x77,0x77,0x77,0x44,0x34,0x99,0xdd,0xdd,0xcd,0x99,0x9d,0x3d,0x79,0xcc,0xfc,0xfe,0xcf,0xce,0xec,0xef,0xee,
0xfe,0xef,0xff,0xce,0xcc,0xcc,0x7e,0x67,0x96,0x73,0xc7,0x76,0x77,0x37,0x77,0xcc,0x66,0x32,0x58,0x44,0x77,0x37,0x47,0x20,0x77,0x77,0x77,0x77,0x77,0x77,0x77,0x77,
0x77,0x77,0x77,0x77,0x77,0x77,0x32,0x77,0x77,0x92,0x77,0xd7,0xdd,0x7d,0xd7,0xdd,0x9d,0xd9,0xcc,0xcc,0xfe,0xcc,0xff,0xee,0x99,0xee,0xff,0xff,0xef,0xef,0xef,0xcc,
0xec,0x6e,0x26,0x22,0xd6,0x37,0x23,0x77,0xd7,0xce,0xc6,0x73,0xb3,0x79,0x77,0x37,0x87,0x20,0x27,0x77,0x77,0x77,0x72,0x77,0x77,0x77,0x77,0x77,0x77,0x77,0x77,0x77,
0x33,0x77,0x37,0x93,0x79,0x77,0xdd,0xd7,0xdd,0x23,0x66,0xd7,0xed,0xee,0xfe,0xef,0xff,0xee,0x99,0xff,0xcf,0xc2,0xfe,0xfe,0xfe,0xee,0xee,0xee,0x66,0x22,0x26,0x77,
0x77,0xd7,0x7c,0xce,0xcc,0xcc,0xdd,0x37,0x36,0x04,0x88,0x15,0x01,0x70,0x77,0x22,0x21,0x73,0x77,0x77,0x77,0x77,0x77,0x77,0x77,0x77,0x77,0x77,0x71,0x32,0x33,0x77,
0x77,0x92,0x27,0x62,0x66,0xc6,0xee,0xfe,0xce,0xff,0xff,0xff,0xff,0xff,0x0f,0x00,0xf6,0xff,0xfc,0xfe,0xee,0xce,0x6e,0x66,0x22,0x73,0x77,0xe7,0xce,0xcc,0xcf,0x62,
0xcc,0xcc,0x3c,0x89,0x81,0x00,0x55,0x32,0x73,0x88,0x85,0x73,0x77,0x77,0x77,0x77,0x37,0x37,0x77,0x77,0x77,0x77,0x77,0x77,0x77,0x16,0xc3,0xcc,0xee,0x66,0xc6,0xee,
0xff,0xfe,0xfe,0xff,0xff,0xff,0xcc,0xf6,0xf6,0x6a,0xff,0xcf,0xff,0xce,0xee,0xee,0xce,0x26,0x62,0x36,0x22,0xce,0xff,0xfe,0xbe,0x85,0xec,0xcf,0x36,0xa9,0xab,0xab,
0x44,0x22,0x23,0x93,0x2b,0x37,0x73,0x77,0x77,0x37,0x73,0x23,0x73,0x77,0x77,0x77,0x77,0x33,0x77,0x93,0xcb,0xec,0xee,0xce,0xec,0xee,0xee,0xef,0xff,0xec,0xff,0xcf,
0x66,0x9c,0x84,0xac,0xc2,0xcf,0xff,0x0c,0xe2,0xee,0xce,0x6c,0x26,0x66,0xc4,0xfe,0xef,0xee,0xfc,0xeb,0xee,0xcf,0x4b,0x96,0x99,0x8f,0x40,0x20,0x59,0x36,0x3d,0x66,
0x33,0x33,0x33,0x33,0x77,0x37,0x77,0x37,0x73,0x77,0x77,0x77,0x37,0xd6,0xce,0xce,0xce,0xcc,0xee,0xfe,0xee,0xff,0xef,0x60,0xf2,0xab,0x6c,0xcc,0x9b,0x99,0xf8,0xfc,
0x4f,0x59,0x05,0xf2,0xce,0x6c,0x6c,0x6c,0xbc,0xcf,0xff,0xff,0xcf,0xff,0xce,0x8c,0x58,0x88,0x6c,0x6c,0x61,0x48,0x62,0x2a,0xc3,0x3c,0x02,0x33,0x33,0x33,0x73,0x73,
0x77,0x42,0x77,0x77,0x77,0x37,0x73,0x3d,0xee,0xee,0xce,0xee,0xee,0xfe,0xff,0xff,0x22,0x00,0xf2,0x8b,0xcf,0xe6,0x6c,0x6c,0xc6,0xc6,0x86,0xa4,0x45,0xf9,0xfc,0xee,
0xcc,0xcc,0xfe,0x52,0xf9,0xcf,0xef,0xfc,0xcc,0xbf,0x8b,0x98,0xce,0x6e,0xcc,0xc6,0x59,0xc6,0xec,0x43,0x54,0x20,0x63,0x23,0x32,0x33,0x27,0x20,0x77,0x73,0xd7,0x26,
0xc6,0xee,0xfe,0xfe,0xfe,0x6f,0xfc,0xff,0xcf,0xef,0x00,0x56,0xc6,0x89,0xc6,0xcc,0xc6,0xec,0x6c,0xc6,0xc6,0x01,0x08,0x66,0xcc,0x6c,0xe9,0x6c,0xc9,0x0b,0xee,0x25,
0xfc,0xfe,0xff,0xee,0xbc,0xcf,0xfe,0xcc,0xce,0xcc,0xfc,0xee,0xce,0x96,0x8b,0x84,0x26,0x20,0x22,0x22,0x22,0x24,0x92,0x6c,0xe6,0x6c,0xec,0xfe,0xee,0xce,0xff,0x19,
0xc5,0xff,0x0e,0xb9,0x2f,0x10,0x40,0xe9,0xee,0x99,0x60,0xcc,0xce,0x6f,0xce,0x9a,0x9c,0xc9,0x16,0x04,0x15,0x15,0x41,0x58,0x55,0x91,0xc9,0xee,0xe6,0xff,0xec,0xfc,
0x6c,0xe6,0xef,0xce,0xec,0x6c,0xcc,0xcc,0xeb,0xc5,0x66,0x95,0x11,0x11,0x91,0x19,0x6c,0xce,0xee,0xee,0xee,0xee,0x19,0xff,0xcc,0xac,0xcb,0x96,0x54,0xb8,0x0c,0xc1,
0x85,0xc9,0xef,0x48,0x45,0xe6,0xce,0xee,0xcc,0xfc,0xcc,0x6c,0x51,0x5a,0x40,0x18,0x41,0x11,0x10,0x11,0x15,0x45,0x58,0xcc,0xc6,0xcf,0x96,0xe0,0xce,0xcc,0xff,0xc6,
0xe2,0xfe,0xec,0xfc,0xce,0xc6,0x69,0x85,0x96,0x6e,0xcc,0xcc,0xc9,0xe6,0x66,0xcc,0x14,0x59,0x66,0xc6,0x2c,0x80,0x88,0xca,0xcc,0x9f,0xb4,0xeb,0xfc,0xbe,0x04,0x26,
0xe6,0xee,0xfe,0xcc,0xcc,0xcc,0x6c,0x0c,0x64,0x08,0x44,0x56,0x95,0x55,0x51,0x56,0x51,0x56,0x91,0x66,0xcc,0xcc,0x66,0x66,0x6c,0x66,0xc6,0x66,0x6c,0x6c,0x66,0x66,
0x69,0x66,0x61,0x66,0x65,0x66,0x66,0x66,0x65,0x55,0x55,0x94,0xcc,0xcc,0x10,0x05,0xc8,0x6e,0xce,0xbe,0xf8,0xfe,0xe0,0xcc,0x6e,0x09,0x20,0xee,0xec,0xce,0xcf,0xef,
0xec,0xcc,0xcc,0x56,0xc1,0xc6,0x6c,0x6c,0x66,0x66,0x66,0x16,0x19,0x65,0x66,0x6c,0xcc,0xcc,0xcc,0x6c,0x66,0x65,0x15,0x11,0x11,0x11,0x51,0x51,0x66,0x66,0x66,0x66,
0x66,0x62,0x56,0x55,0x88,0x64,0xfc,0xcc,0x59,0x88,0xce,0xcf,0xee,0xec,0xff,0xcf,0x21,0xcc,0x9c,0x50,0x05,0x52,0xc2,0xc6,0x2c,0xc6,0xcc,0xcc,0xc6,0x6c,0xc6,0xcc,
0x6c,0xc6,0x6c,0xcc,0xcc,0x6c,0x6c,0x6c,0x55,0x16,0x95,0x25,0x65,0x55,0x65,0xc6,0x65,0x56,0x56,0x56,0x66,0x66,0x66,0x66,0x26,0xc2,0x56,0x45,0xbc,0x55,0xfc,0xca,
0xee,0xcc,0x4e,0xeb,0xff,0xef,0x6e,0xe0,0xce,0x2e,0x61,0xfe,0xcc,0x1b,0xa5,0x54,0x05,0x5c,0x44,0x58,0x11,0x51,0x11,0x41,0x55,0x95,0x85,0x18,0x55,0x59,0x96,0x66,
0x51,0x66,0x65,0x55,0x56,0x55,0x69,0x65,0x66,0x66,0x66,0x6c,0xcc,0xc6,0xcc,0xcc,0xcc,0xcc,0x66,0xcc,0x8c,0xba,0xcc,0xcc,0xec,0xef,0xef,0xc2,0xcc,0xcf,0xcc,0xee,
0x10,0x05,0xc6,0xff,0x66,0xcc,0xec,0xbc,0xf6,0x5e,0xc4,0x6c,0x96,0x66,0xa9,0x91,0x51,0x11,0x11,0x11,0x11,0x51,0x14,0x11,0x11,0x11,0x11,0x55,0x11,0x11,0x11,0x11,
0x11,0x11,0x11,0x55,0x51,0x55,0x95,0x55,0x55,0x59,0x59,0x99,0xc9,0x9c,0xcc,0xcc,0xce,0xcc,0xcc,0xcc,0x6c,0x6c,0xcc,0xcc,0xcc,0xee,0x29,0xc1,0xfc,0x6f,0xcc,0xc6,
0xcc,0xcc,0xcc,0xcc,0x6c,0x62,0xcc,0x66,0x86,0x9a,0x94,0x49,0x19,0x55,0x15,0x11,0x10,0x51,0x11,0x11,0x11,0x11,0x11,0x55,0x55,0x55,0x55,0x11,0x14,0x11,0x11,0x11,
0x11,0x11,0x11,0x11,0x11,0x11,0x11,0x55,0x51,0x15,0x68,0x16,0x65,0x56,0xcc,0xcc,0xcc,0xec,0x6c,0xce,0x1c,0xe4,0xce,0xcc,0x6c,0x61,0x6c,0x66,0x6c,0xcc,0x9c,0x56,
0x99,0x55,0x85,0x88,0x45,0x55,0x55,0x45,0x55,0x11,0x14,0x11,0x51,0x11,0x54,0x15,0x11,0x51,0x15,0x11,0x11,0x11,0x11,0x11,0x11,0x11,0x11,0x11,0x11,0x15,0x11,0x41,
0x45,0x55,0x85,0x88,0xaa,0xa8,0xb8,0x8a,0x8a,0x89,0x95,0x99,0x12,0x65,0xcc,0xcc,0xce,0xec,0x95,0x1a,0x55,0x51,0x55,0x54,0x85,0x85,0x88,0x88,0x58,0x88,0x45,0x11,
0x11,0x10,0x11,0x11,0x11,0x11,0x11,0x11,0x11,0x11,0x11,0x11,0x11,0x11,0x11,0x11,0x11,0x11,0x11,0x11,0x11,0x11,0x11,0x11,0x15,0x11,0x11,0x11,0x11,0x11,0x11,0x14,
0x11,0x11,0x11,0x10,0x11,0x56,0x54,0x69,0x2c,0x91,0x6c,0xec,0x66,0x69,0x88,0x9a,0x59,0x51,0x11,0x11,0x11,0x11,0x11,0x11,0x11,0x41,0x55,0x55,0x51,0x11,0x15,0x11,
0x11,0x11,0x51,0x55,0x85,0x85,0x55,0x55,0x51,0x11,0x11,0x11,0x11,0x11,0x51,0x51,0x55,0x55,0x54,0x55,0x14,0x11,0x11,0x11,0x11,0x11,0x11,0x51,0x55,0x65,0x96,0xc6,
0xa5,0xcc,0x49,0xca,0xcc,0x5c,0x16,0x11,0x11,0x41,0x44,0x85,0x85,0x14,0x11,0x11,0x11,0x11,0x41,0x54,0x11,0x55,0x51,0x55,0x85,0x48,0x88,0x85,0x55,0x55,0x55,0x55,
0x55,0x55,0x55,0x55,0x55,0x15,0x15,0x15,0x11,0x11,0x11,0x11,0x41,0x51,0x15,0x11,0x11,0x11,0x54,0x55,0x55,0x88,0x58,0x55,0x45,0x54,0x85,0x85,0x85,0x98,0x48,0x88,
0x96,0x61,0x11,0x55,0x45,0x54,0x45,0x55,0x55,0x91,0x11,0x55,0x14,0x51,0x55,0x55,0x58,0x55,0x45,0x15,0x11,0x41,0x51,0x55,0x54,0x14,0x11,0x11,0x14,0x11,0x11,0x01,
0x10,0x11,0x11,0x11,0x11,0x11,0x11,0x11,0x11,0x11,0x55,0x45,0x11,0x10,0x11,0x10,0x00,0x11,0x11,0x11,0x11,0x41,0x41,0x11,0x11,0x11,0xcc,0xc6,0x66,0x88,0x88,0x58,
0x98,0x96,0x6c,0xc1,0x96,0x5a,0xa5,0x85,0x18,0x18,0x11,0x11,0x01,0x11,0x11,0x11,0x11,0x51,0x45,0x51,0x45,0x44,0x54,0x51,0x41,0x11,0x11,0x11,0x11,0x11,0x11,0x11,
0x51,0x55,0x55,0x45,0x11,0x11,0x10,0x11,0x00,0x10,0x00,0x11,0x11,0x11,0x11,0x10,0x11,0x11,0x15,0x96,0x85,0x80,0x54,0x85,0x95,0xa6,0xa8,0xa8,0xa5,0x85,0x9a,0x85,
0xa8,0x58,0x58,0x55,0x55,0x58,0x55,0x15,0x11,0x11,0x81,0x85,0x55,0x55,0x45,0x51,0x55,0x55,0x85,0x88,0x88,0x11,0x11,0x11,0x11,0x11,0x11,0x11,0x51,0x51,0x55,0x51,
0x55,0x11,0x14,0x15,0x11,0x51,0x55,0x55,0x55,0x51,0x41,0x88,0x88,0x58,0x4c,0x20,0x45,0x61,0xcc,0xc6,0x55,0x55,0x45,0x55,0x45,0x84,0x55,0x55,0x15,0x55,0x44,0x41,
0x55,0x54,0x55,0x54,0x15,0x11,0x51,0x81,0x85,0x58,0x15,0x44,0x11,0x11,0x11,0x11,0x51,0x11,0x51,0x15,0x45,0x15,0x41,0x11,0x15,0x85,0x85,0x58,0x88,0x55,0x55,0x55,
0x54,0x58,0x54,0x85,0x88,0x45,0x45,0x01,0x96,0x55,0x9c,0xcc,0x9c,0x55,0x55,0x55,0x88,0x45,0x85,0x45,0x11,0x11,0x11,0x11,0x11,0x11,0x11,0x41,0x11,0x11,0x10,0x11,
0x15,0x11,0x84,0x85,0x58,0x8a,0x55,0x54,0x85,0x55,0x55,0x85,0x85,0x85,0x55,0x55,0x55,0x14,0x45,0x11,0x55,0x51,0x45,0x85,0x88,0x54,0x55,0x14,0x85,0x98,0x51,0x11,
0x11,0x14,0xcc,0x6c,0xcc,0xee,0x89,0x88,0x98,0xa8,0x84,0x88,0x18,0x41,0x55,0x55,0x55,0x55,0x55,0x85,0x45,0x54,0x58,0x58,0x15,0x85,0x58,0x55,0x55,0x55,0x85,0x58,
0x85,0x58,0x85,0x55,0x55,0x45,0x11,0x11,0x11,0x41,0x14,0x11,0x11,0x11,0x51,0x14,0x11,0x14,0x95,0x69,0x69,0x18,0x81,0x19,0x88,0x88,0x81,0x85,0xcc,0xcc,0xec,0xee,
0xcc,0x25,0x66,0x11,0x95,0x15,0x54,0x88,0x85,0x48,0x45,0x55,0x54,0x55,0x54,0x55,0x44,0x55,0x55,0x55,0x55,0x55,0x55,0x55,0x55,0x85,0x88,0x88,0x48,0x88,0x88,0x85,
0x48,0x45,0x55,0x54,0x11,0x51,0x55,0x55,0x55,0x88,0xa8,0x88,0x88,0x45,0x88,0x84,0x58,0x11,0x51,0x88,0x58,0x55,0xc2,0xcc,0x6c,0xc2,0xcc,0x6c,0x6c,0x6c,0x96,0x15,
0xa8,0x48,0x88,0x8a,0x95,0x59,0x65,0x88,0x85,0x88,0x85,0x85,0x15,0x55,0x85,0x58,0x55,0x55,0x88,0x48,0x41,0x58,0x41,0xb9,0xc1,0xa9,0xaa,0x8a,0x88,0x55,0x55,0x55,
0x58,0x88,0x85,0x88,0x55,0x55,0x54,0x15,0x55,0x18,0x41,0x11,0x11,0x11,0xa5,0x11,0x00,0x66,0xac,0x65,0xc2,0xcc,0xcc,0x6c,0xcc,0xcc,0x66,0x11,0x65,0xbc,0x69,0x9c,
0xcc,0x46,0x89,0x4a,0x88,0x8a,0x1a,0x89,0x88,0xa8,0x8a,0x8a,0x15,0x41,0x55,0x11,0x84,0x58,0x55,0x55,0x55,0x88,0x88,0xaa,0x48,0x85,0xaa,0x8a,0x55,0x55,0x55,0x15,
0x41,0x11,0x11,0x84,0x55,0x88,0x58,0x88,0x88,0x88,0x00,0x10,0xcc,0x9c,0xc6,0xcc,0xcc,0x02,0x66,0x96,0x96,0xb8,0xc9,0x96,0x5c,0x99,0x95,0x81,0x8a,0x01,0x14,0x69,
0x5c,0x6c,0x14,0x15,0x41,0x55,0x85,0x55,0x55,0x55,0x55,0x55,0x55,0x55,0x45,0x85,0x85,0xa8,0x8c,0x6c,0x85,0x55,0x54,0x85,0x55,0x55,0x55,0x55,0x44,0x51,0x58,0x55,
0x88,0x48,0x54,0x85,0x05,0x80,0xe2,0xcc,0xc6,0x56,0x91,0x54,0x41,0x18,0x88,0x88,0x99,0x88,0x58,0x55,0x55,0x55,0x55,0x88,0x54,0x58,0x48,0x58,0x88,0x55,0x45,0x15,
0x11,0x11,0x14,0x51,0x55,0x58,0x85,0x85,0xa8,0xc8,0xc5,0x5c,0xc9,0xc9,0xc6,0x69,0x8c,0xa8,0x85,0x58,0x88,0xa8,0x88,0x85,0x89,0x55,0xa9,0x88,0x88,0x88,0x56,0x28,
0xcc,0x06,0x60,0x85,0x98,0x14,0x85,0x05,0x10,0x11,0x11,0x10,0x11,0x11,0x10,0x11,0x10,0xb8,0x8a,0x88,0x88,0x88,0x85,0x85,0x88,0x51,0x54,0x14,0x55,0x14,0x55,0x54,
0x48,0x85,0x88,0x88,0x88,0x88,0x8a,0xa8,0xaa,0xa5,0x88,0x8a,0x8a,0xaa,0xa8,0x9b,0xaa,0x9c,0xc9,0x66,0xab,0x58,0xab,0xaa,0x05,0xc0,0x6f,0x06,0x00,0x96,0x69,0x6c,
0x9c,0x55,0x61,0x16,0x40,0x01,0x01,0x01,0x01,0x41,0xa8,0xa9,0x88,0x58,0x54,0x48,0x55,0x88,0x88,0x55,0x58,0x15,0x55,0x55,0x85,0x55,0x54,0x55,0x55,0x15,0x14,0x55,
0x88,0x55,0x54,0x85,0x88,0xa8,0xa8,0x11,0x99,0x66,0xc6,0xcc,0xcc,0xcc,0x6c,0x11,0xc4,0xcc,0x04,0x20,0x0c,0x00,0x00,0x26,0xc6,0x56,0xcc,0x86,0xc9,0x54,0x95,0x45,
0x55,0x58,0x45,0x50,0x01,0x05,0x00,0x45,0x40,0x01,0x41,0x01,0x80,0xa8,0x8a,0x88,0x88,0xa8,0x55,0x85,0x48,0x55,0x55,0x55,0x45,0x55,0x55,0x88,0x88,0x55,0x88,0x45,
0x11,0x01,0x11,0x85,0x88,0x88,0x8b,0xc8,0xac,0xaa,0xcb,0x96,0x4f,0xc5,0x06,0x10,0x55,0x00,0x60,0x54,0x65,0xcc,0xcc,0x69,0x9c,0x89,0x98,0x98,0x01,0x00,0x04,0x40,
0x11,0x11,0x10,0x50,0x11,0x40,0x41,0x84,0x18,0xa8,0x88,0xaa,0x18,0xa8,0x94,0x89,0xa8,0x88,0x8a,0x58,0x55,0x54,0x58,0x11,0x81,0x84,0x85,0x54,0x55,0x55,0x45,0x10,
0x45,0x85,0xc9,0xba,0x56,0x10,0xce,0xcc,0x6e,0x19,0x6a,0x00,0x60,0x66,0xcc,0xcc,0xcc,0xcc,0x66,0x49,0x55,0x2c,0x00,0x19,0x81,0x11,0x50,0x41,0x18,0x00,0x00,0x00,
0x10,0x01,0x81,0x55,0x69,0x96,0x86,0xc6,0xe9,0x5b,0x69,0xa9,0x58,0x15,0x01,0x40,0x48,0x01,0x04,0x41,0x55,0xa8,0x4a,0x01,0x10,0x00,0x11,0x85,0x98,0x90,0x15,0x10,
0xee,0xee,0xbc,0x09,0x01,0xc0,0xcc,0xcc,0xc6,0xec,0xce,0xce,0xcc,0x9c,0x69,0xc6,0x95,0x96,0x46,0xa5,0x48,0x01,0x00,0x01,0x41,0x80,0x48,0x88,0x88,0xaa,0xa8,0x00,
0x9b,0x84,0xa9,0xa9,0x94,0x19,0x81,0x11,0x00,0x04,0x10,0x01,0x00,0x00,0x00,0x10,0x11,0x81,0x84,0x85,0x88,0xa8,0x44,0x40,0x40,0x45,0xef,0xce,0x9c,0x94,0x06,0x60,
0xee,0x9c,0x40,0xce,0xc6,0xc8,0x00,0xcc,0xcc,0xcc,0xcc,0xcc,0xa6,0x8c,0x11,0x01,0x14,0x88,0x18,0x8a,0x9a,0xc8,0x89,0x44,0x85,0x01,0x84,0x55,0x81,0x88,0xaa,0x88,
0x55,0x14,0x55,0x00,0x01,0x81,0x58,0x15,0x15,0x96,0x55,0x5a,0x8a,0x88,0xcc,0x89,0x40,0x55,0xa0,0xba,0xcf,0x6c,0xfc,0xec,0x4f,0xc0,0x9e,0xa4,0x44,0x49,0x88,0x04,
0x11,0x50,0xcc,0xc9,0x6c,0xc9,0x85,0xa9,0xaa,0x58,0x88,0xa8,0x9b,0x9c,0xc6,0x1c,0xa5,0x18,0x40,0x10,0x01,0x00,0x10,0x11,0x88,0x48,0x81,0x80,0x01,0x85,0x19,0x50,
0x5c,0x51,0xc9,0x59,0x51,0x59,0x9c,0x66,0x99,0x9c,0x0a,0xb0,0xa8,0xe4,0xcf,0xcc,0xcf,0xfe,0xef,0xee,0x8e,0x84,0x55,0x44,0xa8,0x4a,0x00,0x64,0x5c,0xa5,0x5a,0x55,
0x14,0x88,0x88,0xaa,0xa8,0x8a,0x85,0x58,0x55,0x85,0x01,0x41,0x08,0x44,0x01,0x41,0x85,0x48,0x00,0x10,0x00,0x04,0x00,0x10,0xc5,0x66,0x6c,0x99,0xc6,0x6c,0x99,0xc6,
0x6c,0x6c,0xcc,0xcc,0x8c,0xbb,0x2c,0x91,0xee,0xff,0xcc,0xfc,0xee,0xee,0x9c,0x8b,0x8a,0x88,0xc6,0xb6,0x88,0xcc,0x09,0x50,0x66,0x11,0x11,0x15,0x54,0x66,0x9c,0x85,
0x55,0x41,0x15,0x01,0x10,0x10,0x00,0x10,0x54,0x88,0xa8,0x05,0x11,0x11,0x01,0x81,0x48,0xa9,0xc6,0xcc,0xcc,0xcc,0xcc,0xcc,0xcc,0xcc,0xcc,0xcc,0x09,0xec,0xcc,0xcf,
0x5c,0xa5,0xef,0xff,0xcf,0xfe,0xec,0xee,0xc9,0x48,0xb8,0x04,0x60,0xcc,0xcf,0xac,0x54,0x01,0xc9,0x56,0x55,0x15,0x65,0xcc,0x99,0x41,0x11,0x01,0x51,0x45,0x48,0x04,
0x11,0x44,0x10,0x11,0xc1,0x92,0x59,0x18,0x41,0x81,0xbb,0x85,0x9c,0xbc,0xc9,0x9e,0x11,0xc9,0x9c,0xcc,0xec,0x4c,0x18,0xa4,0xee,0x6c,0xcc,0xcb,0xff,0xff,0xfe,0xee,
0xec,0xcc,0xfe,0x8b,0xcb,0x04,0x60,0x22,0xcf,0xac,0x58,0x45,0x98,0x6c,0xa8,0x88,0xcc,0x8c,0x45,0x11,0x41,0x45,0x00,0x81,0x44,0x58,0x88,0x44,0x41,0x9b,0xca,0xcc,
0xc9,0x54,0xa8,0x8a,0x58,0x45,0x88,0x88,0x55,0xa8,0xa5,0x9a,0x48,0xa8,0x99,0x8b,0x58,0xb8,0xec,0xc6,0xcc,0xce,0xef,0x14,0xfc,0xef,0xee,0xfc,0xce,0xfc,0x6f,0x00,
0x01,0x00,0xc6,0xcc,0xbb,0xa8,0xa9,0xcc,0xbc,0xc8,0xcc,0x8a,0x88,0x88,0x88,0x11,0x14,0x01,0x11,0x81,0xba,0xa4,0x1b,0xc6,0xcc,0xc6,0x1c,0xbb,0x9b,0x88,0x58,0x55,
0x55,0x11,0x11,0x51,0x41,0x15,0x68,0xcc,0x66,0x88,0xba,0x5c,0xe6,0xfc,0x2c,0x60,0xbf,0x44,0xf9,0xff,0xff,0xcf,0xcc,0xfc,0x09,0x50,0x55,0x20,0xce,0xcc,0xff,0xcc,
0xcc,0xce,0x9c,0xeb,0xcc,0x41,0x95,0x99,0x58,0x88,0x55,0x58,0x45,0x4a,0xba,0x9c,0xa8,0x88,0x88,0x11,0x18,0x84,0xa8,0xa8,0x8a,0x8a,0x00,0x85,0x85,0x18,0x11,0x55,
0xc8,0xc9,0xcc,0x6c,0xc9,0xfe,0xcc,0xfe,0x0c,0x40,0xb9,0x44,0x9a,0x64,0xfe,0xcc,0xcc,0xcf,0x2c,0x50,0x05,0x60,0xef,0xcc,0xcf,0xcc,0x20,0xef,0x8e,0xec,0x8f,0x94,
0xcc,0xcc,0x89,0xba,0x88,0x8a,0x85,0xaa,0x88,0x58,0x88,0x4a,0x81,0x85,0x18,0x81,0x85,0x88,0x51,0x00,0xa4,0x8a,0xaa,0x88,0x55,0x5a,0x88,0x55,0xe9,0xcc,0xcc,0xfc,
0xee,0x44,0x4b,0x84,0x44,0x55,0x48,0x04,0xfe,0xce,0xfc,0xcc,0x46,0x08,0x09,0x00,0xcf,0x6c,0xcc,0x29,0x00,0xc0,0x9e,0xff,0x6f,0xcc,0xcc,0xaa,0x14,0xc8,0xa4,0xab,
0x88,0x55,0x54,0x55,0x01,0x81,0x00,0x85,0x88,0x88,0x88,0x04,0x00,0x11,0x11,0x11,0x51,0xb8,0x49,0x65,0x45,0x50,0x94,0xef,0xce,0xfc,0x9f,0x44,0x58,0x85,0x84,0x69,
0x4a,0xb8,0xef,0xee,0xff,0xee,0xce,0xe8,0x9f,0xc4,0xee,0xfc,0xcc,0x09,0x15,0x90,0xef,0xef,0x9c,0xcc,0xac,0xb8,0x5b,0xc9,0xcc,0x9c,0x4a,0x81,0xa8,0x18,0x01,0x00,
0x00,0x08,0x10,0x9a,0x58,0x11,0x55,0x48,0x51,0x85,0xa8,0xa5,0x69,0x69,0x68,0xa8,0xa8,0xfe,0xff,0xec,0xbf,0x44,0x68,0x89,0x8b,0xaa,0x48,0xf9,0xef,0xfe,0xef,0xee,
0xfe,0xff,0xff,0xef,0xec,0xfc,0xec,0xce,0x00,0xff,0xcc,0xfc,0xec,0xfe,0x66,0xc6,0xcc,0xcc,0x9c,0x18,0x48,0x5a,0x11,0xaa,0x18,0x14,0x44,0x10,0x11,0x91,0xcc,0x88,
0x1c,0xa5,0x8a,0xa8,0xba,0xc9,0xcc,0xcc,0xcc,0xf8,0x6f,0xfc,0xfe,0xef,0xff,0xbf,0x84,0xaa,0x44,0xa4,0x44,0xe4,0xcf,0x20,0xff,0xcc,0xfc,0xff,0xff,0xee,0xce,0xff,
0xef,0xfe,0xcc,0xfe,0xcc,0xff,0xec,0xff,0x29,0xc1,0xcc,0xcc,0xac,0x8a,0xba,0x5a,0xa4,0x58,0x41,0x88,0x88,0x88,0xa8,0x6b,0xc6,0xcc,0xac,0xce,0xb6,0x1b,0x10,0xcc,
0x6c,0xcc,0xcc,0xec,0xec,0xbc,0xc4,0xef,0xfe,0x4f,0x44,0x8b,0x48,0xf4,0x8b,0x9b,0x96,0x00,0x66,0xfc,0xff,0xff,0xff,0xee,0xef,0xff,0xce,0xcc,0xcc,0xee,0xfe,0xcf,
0xfe,0xbf,0xcc,0x5f,0x98,0xcc,0xcc,0xbc,0x8b,0xab,0xac,0x18,0x44,0x88,0x55,0x58,0xa5,0x14,0xa4,0xcc,0xec,0xcc,0x56,0x48,0x85,0x18,0xba,0xab,0xcc,0xee,0xec,0x88,
0x85,0xfa,0xff,0x8f,0xa8,0xff,0xbe,0xff,0xff,0x0e,0x40,0x11,0x00,0xf2,0xff,0xcc,0xcc,0xff,0xff,0xcf,0x6c,0xc6,0xfe,0xff,0xff,0xcf,0xfc,0xef,0xff,0xba,0xcc,0xec,
0xcc,0x02,0xaa,0xcb,0x8b,0x88,0xa8,0xbb,0x45,0xc9,0x88,0x8b,0xcb,0xcc,0xcc,0x6c,0x48,0xa8,0xa5,0x88,0xba,0x9b,0xbb,0xef,0xfe,0x8a,0xa5,0xfb,0xff,0xff,0xff,0xff,
0xfe,0xff,0xff,0xae,0x44,0x56,0x94,0xfc,0xff,0xcf,0xc6,0xfc,0xff,0xce,0x6c,0xfc,0xff,0xff,0xff,0xff,0x6c,0xff,0xcf,0xec,0xee,0xcb,0x54,0x04,0x6a,0xc6,0xa6,0xbb,
0xbb,0xea,0x89,0xbc,0xba,0x6b,0xc6,0xcc,0xce,0xcc,0xbc,0xac,0xc4,0xab,0xfb,0xee,0xee,0x2f,0xc0,0xbf,0xfb,0xff,0xcc,0xfe,0xff,0xef,0xff,0xef,0xee,0xee,0x04,0x88,
0x04,0xfe,0xee,0xff,0xcc,0xcc,0xff,0xcc,0xcc,0xff,0xff,0xcf,0xc6,0xff,0xce,0xff,0xcc,0xee,0xbf,0x4a,0x88,0x85,0x44,0x64,0xcc,0x49,0xe6,0xce,0xce,0xce,0xcc,0x4c,
0x91,0x9c,0x94,0xec,0xcc,0xfc,0xec,0xec,0xba,0xfc,0x6e,0x09,0x40,0xf2,0xff,0xcf,0xcc,0xec,0xff,0xef,0xff,0xef,0xee,0xff,0x48,0xba,0x44,0xec,0xfe,0xff,0xcf,0xee,
0xff,0xee,0xfc,0xef,0xfe,0xce,0xff,0xfc,0xef,0xec,0xfe,0xfe,0xbe,0xaa,0xaa,0x88,0x8a,0xcb,0xa9,0x58,0x8a,0xc8,0xcc,0xcc,0x49,0x89,0xa5,0x88,0x88,0x8b,0xce,0xec,
0xec,0x8b,0xaa,0xcb,0x0e,0x50,0x05,0xc4,0xff,0xee,0xff,0xef,0xfe,0xff,0xff,0xef,0xfe,0xff,0xff,0xff,0xfe,0xef,0xfe,0xff,0xef,0xef,0xef,0xef,0xfe,0xff,0xfe,0xfe,
0xff,0xcc,0xef,0xce,0xff,0xff,0xcc,0xec,0x8f,0x88,0xcf,0xcc,0xbc,0xba,0xaa,0xcb,0xcc,0xec,0xac,0xaa,0xa8,0x88,0xba,0xba,0xec,0xec,0xec,0xec,0xbb,0xef,0xef,0x54,
0x48,0xfc,0xef,0xfe,0xff,0xff,0xfe,0xff,
},
};
static const uint16_t HABITAT_PAL[18][16] = {
{0xff30,0xfeaa,0xfe49,0xf5c7,0xdf3f,0xe5ca,0xbebc,0x7ddd,0xccc6,0x84b1,0x4cdc,0x347f,0x63f2,0x4b0d,0x23de,0x1af2},
{0xfca7,0xe347,0xc2a7,0x6aac,0xb248,0x8a2a,0x624b,0x5a2b,0x99c7,0x71e9,0x5a0a,0x59a9,0x49ea,0x41a9,0x3147,0x20a4},
{0xf739,0xfeb3,0xfe71,0xfe31,0xbf3e,0xaebe,0x769d,0x267c,0xed6e,0x6577,0x1d7d,0x1cfd,0x349a,0x047e,0x23d5,0x1af2},
{0xdf59,0xcf04,0xce70,0xc6a3,0xa68f,0x9e27,0x8e0c,0x6dd1,0x8cea,0x54cf,0x2c9f,0x3475,0x534b,0x2371,0x0bde,0x0ace},
{0xbeee,0xa6ad,0x9e0b,0x7de9,0x5d97,0x6d87,0x4cce,0x3494,0x440e,0x4a8c,0x240e,0x22ed,0x0b49,0x0a8a,0x0a09,0x0167},
{0xe77f,0xdf5f,0xd73f,0xceff,0xceff,0xc6df,0xbedf,0xaebf,0xa65f,0x8dbe,0x5d9f,0x4d1f,0x449e,0x247f,0x241d,0x2ab2},
{0xe613,0xdd6e,0xd50d,0xcccd,0xae9f,0xa551,0x5d5b,0x44bb,0xc44b,0xabea,0x5bf0,0x2419,0x7a66,0x51e7,0x1acc,0x2987},
{0xdcdb,0xb3fa,0xab7e,0x7b37,0x8adc,0x7abb,0x7299,0x5a92,0x6237,0x61d6,0x49f1,0x4970,0x318a,0x312a,0x28c9,0x1085},
{0xfe4e,0xfdcc,0xfd6b,0xfd0a,0xee13,0xeceb,0xceff,0x7d3c,0xecaa,0xec29,0x9c73,0x345f,0xcbc9,0x9b0a,0x3bb8,0x6206},
{0xefbf,0xd75f,0xbede,0xbdf7,0x8e7b,0x85b6,0x4d9f,0x5567,0x84b3,0x4cae,0x1cbf,0x2c6c,0x534f,0x3b0f,0x23a9,0x1268},
{0xfe7d,0xf5dd,0xf57d,0xecde,0xd4fe,0xcc5c,0xb47d,0x7c95,0xbbdc,0x9bdc,0x937d,0x931d,0x7b5a,0x4371,0x62b9,0x3230},
{0xc70f,0xaece,0xa669,0x9e09,0x75af,0x7da6,0x6d07,0x44f3,0x6448,0x3c28,0x2436,0x238b,0x2a86,0x1289,0x0289,0x0164},
{0xf674,0xf5ae,0xed2d,0xe4cb,0xc6ff,0xd4f0,0x759e,0x4cbe,0xd42b,0xbbee,0x83f5,0x245f,0x930e,0x8268,0x628c,0x51a7},
{0x74dd,0x5379,0x5b12,0x3b19,0x4ab1,0x4a6e,0x2298,0x3274,0x29f0,0x39cb,0x11f4,0x1192,0x114f,0x192a,0x10c7,0x0864},
{0xdedf,0xc65d,0xadbe,0xb594,0x9cf5,0x94b5,0x7c7e,0x8451,0x63de,0x535f,0x7bd0,0x6392,0x52f1,0x42d5,0x3a2d,0x2989},
{0x6595,0x3cd1,0x3413,0x23cf,0x32f7,0x1af2,0x12ee,0x0a4f,0x11af,0x01ad,0x094d,0x012b,0x08e9,0x00c7,0x0085,0x0044},
{0xcf3f,0xae5d,0x9d79,0x8d17,0x5d1d,0x5c9a,0x7c55,0x3c5c,0x7434,0x6bd3,0x5b92,0x3bb7,0x5310,0x3af1,0x3a6e,0x29ca},
{0xfe3a,0xfd78,0xd619,0x7db6,0xf4d8,0xf496,0x9cb1,0x44b7,0xf3f6,0xb3f3,0xc334,0xaa52,0x5bad,0x2b90,0x3aab,0x31a8},
};
